0 verbose cli /Users/rayanqadir/.nvm/versions/node/v23.11.1/bin/node /Users/rayanqadir/.npm-global/bin/npm
1 info using npm@11.6.3
2 info using node@v23.11.1
3 silly config load:file:/Users/rayanqadir/.npm-global/lib/node_modules/npm/npmrc
4 warn Unknown env config "devdir". This will stop working in the next major version of npm.
5 silly config load:file:/Users/rayanqadir/Desktop/Farely/frontend/.npmrc
6 silly config load:file:/Users/rayanqadir/.npmrc
7 silly config load:file:/Users/rayanqadir/.nvm/versions/node/v23.11.1/etc/npmrc
8 verbose title npm install
9 verbose argv "install" "--cache" "/Users/rayanqadir/Desktop/Farely/.npm-cache"
10 verbose logfile logs-max:10 dir:/Users/rayanqadir/Desktop/Farely/.npm-cache/_logs/2026-04-24T16_13_50_248Z-
11 verbose logfile /Users/rayanqadir/Desktop/Farely/.npm-cache/_logs/2026-04-24T16_13_50_248Z-debug-0.log
12 silly logfile done cleaning log files
13 silly packumentCache heap:4345298944 maxSize:1086324736 maxEntrySize:543162368
14 silly idealTree buildDeps
15 silly fetch manifest @expo/metro-runtime@~6.1.2
16 silly packumentCache full:https://registry.npmjs.org/@expo%2fmetro-runtime cache-miss
17 http fetch GET 200 https://registry.npmjs.org/@expo%2fmetro-runtime 999ms (cache miss)
18 silly packumentCache full:https://registry.npmjs.org/@expo%2fmetro-runtime set size:undefined disposed:false
19 silly fetch manifest expo@~54.0.33
20 silly packumentCache full:https://registry.npmjs.org/expo cache-miss
21 http fetch GET 200 https://registry.npmjs.org/expo 406ms (cache miss)
22 silly packumentCache full:https://registry.npmjs.org/expo set size:undefined disposed:false
23 silly fetch manifest @expo/dom-webview@*
24 silly packumentCache full:https://registry.npmjs.org/@expo%2fdom-webview cache-miss
25 http fetch GET 200 https://registry.npmjs.org/@expo%2fdom-webview 588ms (cache miss)
26 silly packumentCache full:https://registry.npmjs.org/@expo%2fdom-webview set size:undefined disposed:false
27 silly fetch manifest react@19.1.0
28 silly packumentCache full:https://registry.npmjs.org/react cache-miss
29 http fetch GET 200 https://registry.npmjs.org/react 1033ms (cache miss)
30 silly packumentCache full:https://registry.npmjs.org/react set size:undefined disposed:false
31 silly fetch manifest react-native@0.81.5
32 silly packumentCache full:https://registry.npmjs.org/react-native cache-miss
33 http fetch GET 200 https://registry.npmjs.org/react-native 761ms (cache miss)
34 silly packumentCache full:https://registry.npmjs.org/react-native set size:undefined disposed:false
35 silly fetch manifest @types/react@^19.1.0
36 silly packumentCache full:https://registry.npmjs.org/@types%2freact cache-miss
37 http fetch GET 200 https://registry.npmjs.org/@types%2freact 778ms (cache miss)
38 silly packumentCache full:https://registry.npmjs.org/@types%2freact set size:undefined disposed:false
39 silly fetch manifest react-native-webview@*
40 silly packumentCache full:https://registry.npmjs.org/react-native-webview cache-miss
41 http fetch GET 200 https://registry.npmjs.org/react-native-webview 517ms (cache miss)
42 silly packumentCache full:https://registry.npmjs.org/react-native-webview set size:undefined disposed:false
43 silly fetch manifest react-dom@19.1.0
44 silly packumentCache full:https://registry.npmjs.org/react-dom cache-miss
45 http fetch GET 200 https://registry.npmjs.org/react-dom 1295ms (cache miss)
46 silly packumentCache full:https://registry.npmjs.org/react-dom set size:undefined disposed:false
47 silly fetch manifest @expo/vector-icons@^15.1.1
48 silly packumentCache full:https://registry.npmjs.org/@expo%2fvector-icons cache-miss
49 http fetch GET 200 https://registry.npmjs.org/@expo%2fvector-icons 117ms (cache miss)
50 silly packumentCache full:https://registry.npmjs.org/@expo%2fvector-icons set size:undefined disposed:false
51 silly fetch manifest expo-font@>=14.0.4
52 silly packumentCache full:https://registry.npmjs.org/expo-font cache-miss
53 http fetch GET 200 https://registry.npmjs.org/expo-font 228ms (cache miss)
54 silly packumentCache full:https://registry.npmjs.org/expo-font set size:undefined disposed:false
55 silly fetch manifest @react-native-async-storage/async-storage@^2.2.0
56 silly packumentCache full:https://registry.npmjs.org/@react-native-async-storage%2fasync-storage cache-miss
57 http fetch GET 200 https://registry.npmjs.org/@react-native-async-storage%2fasync-storage 123ms (cache miss)
58 silly packumentCache full:https://registry.npmjs.org/@react-native-async-storage%2fasync-storage set size:undefined disposed:false
59 silly fetch manifest @react-native-google-signin/google-signin@^16.1.1
60 silly packumentCache full:https://registry.npmjs.org/@react-native-google-signin%2fgoogle-signin cache-miss
61 http fetch GET 200 https://registry.npmjs.org/@react-native-google-signin%2fgoogle-signin 529ms (cache miss)
62 silly packumentCache full:https://registry.npmjs.org/@react-native-google-signin%2fgoogle-signin set size:undefined disposed:false
63 silly fetch manifest @react-navigation/bottom-tabs@^7.10.1
64 silly packumentCache full:https://registry.npmjs.org/@react-navigation%2fbottom-tabs cache-miss
65 http fetch GET 200 https://registry.npmjs.org/@react-navigation%2fbottom-tabs 570ms (cache miss)
66 silly packumentCache full:https://registry.npmjs.org/@react-navigation%2fbottom-tabs set size:undefined disposed:false
67 silly fetch manifest @react-navigation/native@^7.1.28
68 silly packumentCache full:https://registry.npmjs.org/@react-navigation%2fnative cache-miss
69 http fetch GET 200 https://registry.npmjs.org/@react-navigation%2fnative 302ms (cache miss)
70 silly packumentCache full:https://registry.npmjs.org/@react-navigation%2fnative set size:undefined disposed:false
71 silly fetch manifest react-native-safe-area-context@^5.6.2
72 silly packumentCache full:https://registry.npmjs.org/react-native-safe-area-context cache-miss
73 http fetch GET 200 https://registry.npmjs.org/react-native-safe-area-context 115ms (cache miss)
74 silly packumentCache full:https://registry.npmjs.org/react-native-safe-area-context set size:undefined disposed:false
75 silly fetch manifest react-native-screens@4.16.0
76 silly packumentCache full:https://registry.npmjs.org/react-native-screens cache-miss
77 http fetch GET 200 https://registry.npmjs.org/react-native-screens 241ms (cache miss)
78 silly packumentCache full:https://registry.npmjs.org/react-native-screens set size:undefined disposed:false
79 silly fetch manifest @react-navigation/stack@^7.6.16
80 silly packumentCache full:https://registry.npmjs.org/@react-navigation%2fstack cache-miss
81 http fetch GET 200 https://registry.npmjs.org/@react-navigation%2fstack 313ms (cache miss)
82 silly packumentCache full:https://registry.npmjs.org/@react-navigation%2fstack set size:undefined disposed:false
83 silly fetch manifest react-native-gesture-handler@^2.30.0
84 silly packumentCache full:https://registry.npmjs.org/react-native-gesture-handler cache-miss
85 http fetch GET 200 https://registry.npmjs.org/react-native-gesture-handler 99ms (cache miss)
86 silly packumentCache full:https://registry.npmjs.org/react-native-gesture-handler set size:undefined disposed:false
87 silly fetch manifest @stripe/stripe-react-native@^0.63.0
88 silly packumentCache full:https://registry.npmjs.org/@stripe%2fstripe-react-native cache-miss
89 http fetch GET 200 https://registry.npmjs.org/@stripe%2fstripe-react-native 805ms (cache miss)
90 silly packumentCache full:https://registry.npmjs.org/@stripe%2fstripe-react-native set size:undefined disposed:false
91 silly fetch manifest axios@^1.13.4
92 silly packumentCache full:https://registry.npmjs.org/axios cache-miss
93 http fetch GET 200 https://registry.npmjs.org/axios 68ms (cache revalidated)
94 silly packumentCache full:https://registry.npmjs.org/axios set size:803728 disposed:false
95 silly fetch manifest country-state-city@^3.2.1
96 silly packumentCache full:https://registry.npmjs.org/country-state-city cache-miss
97 http fetch GET 200 https://registry.npmjs.org/country-state-city 426ms (cache miss)
98 silly packumentCache full:https://registry.npmjs.org/country-state-city set size:undefined disposed:false
99 silly fetch manifest expo-image-picker@^17.0.10
100 silly packumentCache full:https://registry.npmjs.org/expo-image-picker cache-miss
101 http fetch GET 200 https://registry.npmjs.org/expo-image-picker 419ms (cache miss)
102 silly packumentCache full:https://registry.npmjs.org/expo-image-picker set size:undefined disposed:false
103 silly fetch manifest expo-location@^19.0.8
104 silly packumentCache full:https://registry.npmjs.org/expo-location cache-miss
105 http fetch GET 200 https://registry.npmjs.org/expo-location 524ms (cache miss)
106 silly packumentCache full:https://registry.npmjs.org/expo-location set size:undefined disposed:false
107 silly fetch manifest expo-maps@~0.12.10
108 silly packumentCache full:https://registry.npmjs.org/expo-maps cache-miss
109 http fetch GET 200 https://registry.npmjs.org/expo-maps 470ms (cache miss)
110 silly packumentCache full:https://registry.npmjs.org/expo-maps set size:undefined disposed:false
111 silly fetch manifest expo-status-bar@~3.0.9
112 silly packumentCache full:https://registry.npmjs.org/expo-status-bar cache-miss
113 http fetch GET 200 https://registry.npmjs.org/expo-status-bar 105ms (cache miss)
114 silly packumentCache full:https://registry.npmjs.org/expo-status-bar set size:undefined disposed:false
115 silly fetch manifest libphonenumber-js@^1.12.37
116 silly packumentCache full:https://registry.npmjs.org/libphonenumber-js cache-miss
117 http fetch GET 200 https://registry.npmjs.org/libphonenumber-js 229ms (cache miss)
118 silly packumentCache full:https://registry.npmjs.org/libphonenumber-js set size:undefined disposed:false
119 silly fetch manifest react-native-maps@1.20.1
120 silly packumentCache full:https://registry.npmjs.org/react-native-maps cache-miss
121 http fetch GET 200 https://registry.npmjs.org/react-native-maps 465ms (cache miss)
122 silly packumentCache full:https://registry.npmjs.org/react-native-maps set size:undefined disposed:false
123 silly fetch manifest react-native-web@^0.21.0
124 silly packumentCache full:https://registry.npmjs.org/react-native-web cache-miss
125 http fetch GET 200 https://registry.npmjs.org/react-native-web 253ms (cache miss)
126 silly packumentCache full:https://registry.npmjs.org/react-native-web set size:undefined disposed:false
127 silly fetch manifest react-native-vector-icons@^10.3.0
128 silly packumentCache full:https://registry.npmjs.org/react-native-vector-icons cache-miss
129 http fetch GET 200 https://registry.npmjs.org/react-native-vector-icons 86ms (cache miss)
130 silly packumentCache full:https://registry.npmjs.org/react-native-vector-icons set size:undefined disposed:false
131 silly placeDep ROOT @expo/metro-runtime@6.1.2 OK for: frontend@1.0.0 want: ~6.1.2
132 silly placeDep ROOT expo@54.0.33 OK for: @expo/metro-runtime@6.1.2 want: *
133 silly placeDep ROOT react@19.1.0 OK for: expo@54.0.33 want: *
134 silly placeDep ROOT react-native@0.81.5 OK for: expo@54.0.33 want: *
135 silly placeDep ROOT @expo/vector-icons@15.1.1 OK for: frontend@1.0.0 want: ^15.1.1
136 silly placeDep ROOT expo-font@55.0.6 OK for: @expo/vector-icons@15.1.1 want: >=14.0.4
137 silly placeDep ROOT @react-native-async-storage/async-storage@2.2.0 OK for: frontend@1.0.0 want: ^2.2.0
138 silly placeDep ROOT @react-native-google-signin/google-signin@16.1.2 OK for: frontend@1.0.0 want: ^16.1.1
139 silly placeDep ROOT @react-navigation/bottom-tabs@7.15.10 OK for: frontend@1.0.0 want: ^7.10.1
140 silly placeDep ROOT react-native-screens@4.16.0 OK for: @react-navigation/bottom-tabs@7.15.10 want: >= 4.0.0
141 silly placeDep ROOT @react-navigation/native@7.2.2 OK for: @react-navigation/bottom-tabs@7.15.10 want: ^7.2.2
142 silly placeDep ROOT react-native-safe-area-context@5.7.0 OK for: @react-navigation/bottom-tabs@7.15.10 want: >= 4.0.0
143 silly placeDep ROOT @react-navigation/stack@7.8.11 OK for: frontend@1.0.0 want: ^7.6.16
144 silly placeDep ROOT react-native-gesture-handler@2.31.1 OK for: @react-navigation/stack@7.8.11 want: >= 2.0.0
145 silly placeDep ROOT @stripe/stripe-react-native@0.63.0 OK for: frontend@1.0.0 want: ^0.63.0
146 silly placeDep ROOT axios@1.15.2 OK for: frontend@1.0.0 want: ^1.13.4
147 silly placeDep ROOT country-state-city@3.2.1 OK for: frontend@1.0.0 want: ^3.2.1
148 silly placeDep ROOT expo-image-picker@17.0.10 OK for: frontend@1.0.0 want: ^17.0.10
149 silly placeDep ROOT expo-location@19.0.8 OK for: frontend@1.0.0 want: ^19.0.8
150 silly placeDep ROOT expo-maps@0.12.10 OK for: frontend@1.0.0 want: ~0.12.10
151 silly placeDep ROOT expo-status-bar@3.0.9 OK for: frontend@1.0.0 want: ~3.0.9
152 silly placeDep ROOT libphonenumber-js@1.12.42 OK for: frontend@1.0.0 want: ^1.12.37
153 silly placeDep ROOT react-dom@19.1.0 OK for: frontend@1.0.0 want: 19.1.0
154 silly placeDep ROOT react-native-maps@1.20.1 OK for: frontend@1.0.0 want: 1.20.1
155 silly placeDep ROOT react-native-vector-icons@10.3.0 OK for: frontend@1.0.0 want: ^10.3.0
156 silly placeDep ROOT react-native-web@0.21.2 OK for: frontend@1.0.0 want: ^0.21.0
157 silly fetch manifest anser@^1.4.9
158 silly packumentCache full:https://registry.npmjs.org/anser cache-miss
159 silly fetch manifest whatwg-fetch@^3.0.0
160 silly packumentCache full:https://registry.npmjs.org/whatwg-fetch cache-miss
161 silly fetch manifest pretty-format@^29.7.0
162 silly packumentCache full:https://registry.npmjs.org/pretty-format cache-miss
163 silly fetch manifest stacktrace-parser@^0.1.10
164 silly packumentCache full:https://registry.npmjs.org/stacktrace-parser cache-miss
165 silly fetch manifest @expo/cli@54.0.23
166 silly packumentCache full:https://registry.npmjs.org/@expo%2fcli cache-miss
167 silly fetch manifest expo-font@~14.0.11
168 silly packumentCache full:https://registry.npmjs.org/expo-font cache-miss
169 silly fetch manifest expo-asset@~12.0.12
170 silly packumentCache full:https://registry.npmjs.org/expo-asset cache-miss
171 silly fetch manifest @expo/metro@~54.2.0
172 silly packumentCache full:https://registry.npmjs.org/@expo%2fmetro cache-miss
173 silly fetch manifest @expo/config@~12.0.13
174 silly packumentCache full:https://registry.npmjs.org/@expo%2fconfig cache-miss
175 silly fetch manifest pretty-format@^29.7.0
176 silly packumentCache full:https://registry.npmjs.org/pretty-format cache-miss
177 silly fetch manifest react-refresh@^0.14.2
178 silly packumentCache full:https://registry.npmjs.org/react-refresh cache-miss
179 silly fetch manifest @babel/runtime@^7.20.0
180 silly packumentCache full:https://registry.npmjs.org/@babel%2fruntime cache-miss
181 silly fetch manifest @expo/devtools@0.1.8
182 silly packumentCache full:https://registry.npmjs.org/@expo%2fdevtools cache-miss
183 http cache https://registry.npmjs.org/expo-font 24ms (cache hit)
184 silly packumentCache full:https://registry.npmjs.org/expo-font set size:848703 disposed:false
185 silly fetch manifest expo-constants@~18.0.13
186 silly packumentCache full:https://registry.npmjs.org/expo-constants cache-miss
187 http fetch GET 200 https://registry.npmjs.org/anser 134ms (cache miss)
188 silly packumentCache full:https://registry.npmjs.org/anser set size:undefined disposed:false
189 silly fetch manifest expo-keep-awake@~15.0.8
190 silly packumentCache full:https://registry.npmjs.org/expo-keep-awake cache-miss
191 http fetch GET 200 https://registry.npmjs.org/expo-keep-awake 136ms (cache miss)
192 silly packumentCache full:https://registry.npmjs.org/expo-keep-awake set size:undefined disposed:false
193 silly fetch manifest expo-file-system@~19.0.21
194 silly packumentCache full:https://registry.npmjs.org/expo-file-system cache-miss
195 http fetch GET 200 https://registry.npmjs.org/stacktrace-parser 289ms (cache miss)
196 silly packumentCache full:https://registry.npmjs.org/stacktrace-parser set size:undefined disposed:false
197 silly fetch manifest @expo/fingerprint@0.15.4
198 silly packumentCache full:https://registry.npmjs.org/@expo%2ffingerprint cache-miss
199 http fetch GET 200 https://registry.npmjs.org/whatwg-fetch 401ms (cache miss)
200 silly packumentCache full:https://registry.npmjs.org/whatwg-fetch set size:undefined disposed:false
201 silly fetch manifest babel-preset-expo@~54.0.10
202 silly packumentCache full:https://registry.npmjs.org/babel-preset-expo cache-miss
203 http fetch GET 200 https://registry.npmjs.org/@expo%2fmetro 535ms (cache miss)
204 silly packumentCache full:https://registry.npmjs.org/@expo%2fmetro set size:undefined disposed:false
205 silly fetch manifest expo-modules-core@3.0.29
206 silly packumentCache full:https://registry.npmjs.org/expo-modules-core cache-miss
207 http fetch GET 200 https://registry.npmjs.org/@expo%2ffingerprint 475ms (cache miss)
208 silly packumentCache full:https://registry.npmjs.org/@expo%2ffingerprint set size:undefined disposed:false
209 silly fetch manifest @expo/metro-config@54.0.14
210 silly packumentCache full:https://registry.npmjs.org/@expo%2fmetro-config cache-miss
211 http fetch GET 200 https://registry.npmjs.org/expo-file-system 615ms (cache miss)
212 silly packumentCache full:https://registry.npmjs.org/expo-file-system set size:undefined disposed:false
213 silly fetch manifest @expo/vector-icons@^15.0.3
214 silly packumentCache full:https://registry.npmjs.org/@expo%2fvector-icons cache-miss
215 http cache https://registry.npmjs.org/@expo%2fvector-icons 10ms (cache hit)
216 silly packumentCache full:https://registry.npmjs.org/@expo%2fvector-icons set size:222427 disposed:false
217 silly fetch manifest @expo/config-plugins@~54.0.4
218 silly packumentCache full:https://registry.npmjs.org/@expo%2fconfig-plugins cache-miss
219 http fetch GET 200 https://registry.npmjs.org/@expo%2fdevtools 979ms (cache miss)
220 silly packumentCache full:https://registry.npmjs.org/@expo%2fdevtools set size:undefined disposed:false
221 silly fetch manifest @ungap/structured-clone@^1.3.0
222 silly packumentCache full:https://registry.npmjs.org/@ungap%2fstructured-clone cache-miss
223 http fetch GET 200 https://registry.npmjs.org/babel-preset-expo 646ms (cache miss)
224 silly packumentCache full:https://registry.npmjs.org/babel-preset-expo set size:undefined disposed:false
225 silly fetch manifest expo-modules-autolinking@3.0.24
226 silly packumentCache full:https://registry.npmjs.org/expo-modules-autolinking cache-miss
227 http fetch GET 200 https://registry.npmjs.org/@babel%2fruntime 1098ms (cache miss)
228 silly packumentCache full:https://registry.npmjs.org/@babel%2fruntime set size:undefined disposed:false
229 silly fetch manifest whatwg-url-without-unicode@8.0.0-3
230 silly packumentCache full:https://registry.npmjs.org/whatwg-url-without-unicode cache-miss
231 http fetch GET 200 https://registry.npmjs.org/whatwg-url-without-unicode 116ms (cache miss)
232 silly packumentCache full:https://registry.npmjs.org/whatwg-url-without-unicode set size:undefined disposed:false
233 silly fetch manifest ws@^6.2.3
234 silly packumentCache full:https://registry.npmjs.org/ws cache-miss
235 http fetch GET 200 https://registry.npmjs.org/@expo%2fcli 1278ms (cache miss)
236 silly packumentCache full:https://registry.npmjs.org/@expo%2fcli set size:undefined disposed:false
237 silly fetch manifest glob@^7.1.1
238 silly packumentCache full:https://registry.npmjs.org/glob cache-miss
239 http fetch GET 200 https://registry.npmjs.org/expo-modules-autolinking 236ms (cache miss)
240 silly packumentCache full:https://registry.npmjs.org/expo-modules-autolinking set size:undefined disposed:false
241 silly fetch manifest yargs@^17.6.2
242 silly packumentCache full:https://registry.npmjs.org/yargs cache-miss
243 http fetch GET 200 https://registry.npmjs.org/pretty-format 1290ms (cache miss)
244 silly packumentCache full:https://registry.npmjs.org/pretty-format set size:undefined disposed:false
245 silly fetch manifest semver@^7.1.3
246 silly packumentCache full:https://registry.npmjs.org/semver cache-miss
247 http fetch GET 200 https://registry.npmjs.org/expo-asset 1293ms (cache miss)
248 silly packumentCache full:https://registry.npmjs.org/expo-asset set size:undefined disposed:false
249 silly fetch manifest promise@^8.3.0
250 silly packumentCache full:https://registry.npmjs.org/promise cache-miss
251 http fetch GET 200 https://registry.npmjs.org/@expo%2fconfig 1301ms (cache miss)
252 silly packumentCache full:https://registry.npmjs.org/@expo%2fconfig set size:undefined disposed:false
253 silly fetch manifest base64-js@^1.5.1
254 silly packumentCache full:https://registry.npmjs.org/base64-js cache-miss
255 http fetch GET 200 https://registry.npmjs.org/@ungap%2fstructured-clone 542ms (cache revalidated)
256 silly packumentCache full:https://registry.npmjs.org/@ungap%2fstructured-clone set size:55958 disposed:false
257 silly fetch manifest commander@^12.0.0
258 silly packumentCache full:https://registry.npmjs.org/commander cache-miss
259 http fetch GET 200 https://registry.npmjs.org/glob 382ms (cache revalidated)
260 silly packumentCache full:https://registry.npmjs.org/glob set size:469465 disposed:false
261 silly fetch manifest invariant@^2.2.4
262 silly packumentCache full:https://registry.npmjs.org/invariant cache-miss
263 http fetch GET 200 https://registry.npmjs.org/base64-js 413ms (cache revalidated)
264 silly packumentCache full:https://registry.npmjs.org/base64-js set size:41270 disposed:false
265 silly fetch manifest scheduler@0.26.0
266 silly packumentCache full:https://registry.npmjs.org/scheduler cache-miss
267 http fetch GET 200 https://registry.npmjs.org/invariant 66ms (cache miss)
268 silly packumentCache full:https://registry.npmjs.org/invariant set size:undefined disposed:false
269 silly fetch manifest ansi-regex@^5.0.0
270 silly packumentCache full:https://registry.npmjs.org/ansi-regex cache-miss
271 http fetch GET 200 https://registry.npmjs.org/yargs 496ms (cache miss)
272 silly packumentCache full:https://registry.npmjs.org/yargs set size:undefined disposed:false
273 silly fetch manifest babel-jest@^29.7.0
274 silly packumentCache full:https://registry.npmjs.org/babel-jest cache-miss
275 http fetch GET 200 https://registry.npmjs.org/semver 526ms (cache revalidated)
276 silly packumentCache full:https://registry.npmjs.org/semver set size:229571 disposed:false
277 silly fetch manifest nullthrows@^1.1.1
278 silly packumentCache full:https://registry.npmjs.org/nullthrows cache-miss
279 http fetch GET 200 https://registry.npmjs.org/nullthrows 133ms (cache miss)
280 silly packumentCache full:https://registry.npmjs.org/nullthrows set size:undefined disposed:false
281 silly fetch manifest memoize-one@^5.0.0
282 silly packumentCache full:https://registry.npmjs.org/memoize-one cache-miss
283 http fetch GET 200 https://registry.npmjs.org/@expo%2fconfig-plugins 1078ms (cache miss)
284 silly packumentCache full:https://registry.npmjs.org/@expo%2fconfig-plugins set size:undefined disposed:false
285 silly fetch manifest metro-runtime@^0.83.1
286 silly packumentCache full:https://registry.npmjs.org/metro-runtime cache-miss
287 http fetch GET 200 https://registry.npmjs.org/ws 764ms (cache miss)
288 silly packumentCache full:https://registry.npmjs.org/ws set size:undefined disposed:false
289 silly fetch manifest react-refresh@^0.14.0
290 silly packumentCache full:https://registry.npmjs.org/react-refresh cache-miss
291 http fetch GET 200 https://registry.npmjs.org/expo-modules-core 1458ms (cache miss)
292 silly packumentCache full:https://registry.npmjs.org/expo-modules-core set size:undefined disposed:false
293 silly fetch manifest abort-controller@^3.0.0
294 silly packumentCache full:https://registry.npmjs.org/abort-controller cache-miss
295 http fetch GET 200 https://registry.npmjs.org/abort-controller 130ms (cache miss)
296 silly packumentCache full:https://registry.npmjs.org/abort-controller set size:undefined disposed:false
297 silly fetch manifest metro-source-map@^0.83.1
298 silly packumentCache full:https://registry.npmjs.org/metro-source-map cache-miss
299 http fetch GET 200 https://registry.npmjs.org/ansi-regex 390ms (cache revalidated)
300 silly packumentCache full:https://registry.npmjs.org/ansi-regex set size:43572 disposed:false
301 silly fetch manifest flow-enums-runtime@^0.0.6
302 silly packumentCache full:https://registry.npmjs.org/flow-enums-runtime cache-miss
303 http fetch GET 200 https://registry.npmjs.org/expo-constants 2195ms (cache miss)
304 silly packumentCache full:https://registry.npmjs.org/expo-constants set size:undefined disposed:false
305 silly fetch manifest react-devtools-core@^6.1.5
306 silly packumentCache full:https://registry.npmjs.org/react-devtools-core cache-miss
307 http fetch GET 200 https://registry.npmjs.org/flow-enums-runtime 149ms (cache miss)
308 silly packumentCache full:https://registry.npmjs.org/flow-enums-runtime set size:undefined disposed:false
309 silly fetch manifest regenerator-runtime@^0.13.2
310 silly packumentCache full:https://registry.npmjs.org/regenerator-runtime cache-miss
311 http fetch GET 200 https://registry.npmjs.org/memoize-one 332ms (cache miss)
312 silly packumentCache full:https://registry.npmjs.org/memoize-one set size:undefined disposed:false
313 silly fetch manifest @react-native/codegen@0.81.5
314 silly packumentCache full:https://registry.npmjs.org/@react-native%2fcodegen cache-miss
315 http fetch GET 200 https://registry.npmjs.org/@expo%2fmetro-config 1617ms (cache miss)
316 silly packumentCache full:https://registry.npmjs.org/@expo%2fmetro-config set size:undefined disposed:false
317 silly fetch manifest jest-environment-node@^29.7.0
318 silly packumentCache full:https://registry.npmjs.org/jest-environment-node cache-miss
319 http fetch GET 200 https://registry.npmjs.org/regenerator-runtime 114ms (cache miss)
320 silly packumentCache full:https://registry.npmjs.org/regenerator-runtime set size:undefined disposed:false
321 silly fetch manifest @react-native/js-polyfills@0.81.5
322 silly packumentCache full:https://registry.npmjs.org/@react-native%2fjs-polyfills cache-miss
323 http fetch GET 200 https://registry.npmjs.org/babel-jest 707ms (cache miss)
324 silly packumentCache full:https://registry.npmjs.org/babel-jest set size:undefined disposed:false
325 silly fetch manifest @react-native/gradle-plugin@0.81.5
326 silly packumentCache full:https://registry.npmjs.org/@react-native%2fgradle-plugin cache-miss
327 http fetch GET 200 https://registry.npmjs.org/promise 1321ms (cache miss)
328 silly packumentCache full:https://registry.npmjs.org/promise set size:undefined disposed:false
329 silly fetch manifest @react-native/assets-registry@0.81.5
330 silly packumentCache full:https://registry.npmjs.org/@react-native%2fassets-registry cache-miss
331 http fetch GET 200 https://registry.npmjs.org/commander 1123ms (cache miss)
332 silly packumentCache full:https://registry.npmjs.org/commander set size:undefined disposed:false
333 silly fetch manifest @react-native/normalize-colors@0.81.5
334 silly packumentCache full:https://registry.npmjs.org/@react-native%2fnormalize-colors cache-miss
335 http fetch GET 200 https://registry.npmjs.org/metro-runtime 1121ms (cache miss)
336 silly packumentCache full:https://registry.npmjs.org/metro-runtime set size:undefined disposed:false
337 silly fetch manifest @jest/create-cache-key-function@^29.7.0
338 silly packumentCache full:https://registry.npmjs.org/@jest%2fcreate-cache-key-function cache-miss
339 http fetch GET 200 https://registry.npmjs.org/jest-environment-node 728ms (cache miss)
340 silly packumentCache full:https://registry.npmjs.org/jest-environment-node set size:undefined disposed:false
341 silly fetch manifest @react-native/virtualized-lists@0.81.5
342 silly packumentCache full:https://registry.npmjs.org/@react-native%2fvirtualized-lists cache-miss
343 http fetch GET 200 https://registry.npmjs.org/scheduler 1407ms (cache miss)
344 silly packumentCache full:https://registry.npmjs.org/scheduler set size:undefined disposed:false
345 silly fetch manifest babel-plugin-syntax-hermes-parser@0.29.1
346 silly packumentCache full:https://registry.npmjs.org/babel-plugin-syntax-hermes-parser cache-miss
347 http fetch GET 200 https://registry.npmjs.org/@react-native%2fjs-polyfills 1189ms (cache miss)
348 silly packumentCache full:https://registry.npmjs.org/@react-native%2fjs-polyfills set size:undefined disposed:false
349 silly fetch manifest @react-native/community-cli-plugin@0.81.5
350 silly packumentCache full:https://registry.npmjs.org/@react-native%2fcommunity-cli-plugin cache-miss
351 http fetch GET 200 https://registry.npmjs.org/react-devtools-core 1413ms (cache miss)
352 silly packumentCache full:https://registry.npmjs.org/react-devtools-core set size:undefined disposed:false
353 silly fetch manifest fontfaceobserver@^2.1.0
354 silly packumentCache full:https://registry.npmjs.org/fontfaceobserver cache-miss
355 http fetch GET 200 https://registry.npmjs.org/@react-native%2fassets-registry 1021ms (cache miss)
356 silly packumentCache full:https://registry.npmjs.org/@react-native%2fassets-registry set size:undefined disposed:false
357 silly fetch manifest merge-options@^3.0.4
358 silly packumentCache full:https://registry.npmjs.org/merge-options cache-miss
359 http fetch GET 200 https://registry.npmjs.org/@jest%2fcreate-cache-key-function 559ms (cache miss)
360 silly packumentCache full:https://registry.npmjs.org/@jest%2fcreate-cache-key-function set size:undefined disposed:false
361 silly fetch manifest color@^4.2.3
362 silly packumentCache full:https://registry.npmjs.org/color cache-miss
363 http fetch GET 200 https://registry.npmjs.org/metro-source-map 1577ms (cache miss)
364 silly packumentCache full:https://registry.npmjs.org/metro-source-map set size:undefined disposed:false
365 silly fetch manifest sf-symbols-typescript@^2.1.0
366 silly packumentCache full:https://registry.npmjs.org/sf-symbols-typescript cache-miss
367 http fetch GET 200 https://registry.npmjs.org/pretty-format 3769ms (cache miss)
368 silly packumentCache full:https://registry.npmjs.org/pretty-format set size:undefined disposed:false
369 silly fetch manifest @react-navigation/elements@^2.9.15
370 silly packumentCache full:https://registry.npmjs.org/@react-navigation%2felements cache-miss
371 http fetch GET 200 https://registry.npmjs.org/fontfaceobserver 141ms (cache miss)
372 silly packumentCache full:https://registry.npmjs.org/fontfaceobserver set size:undefined disposed:false
373 silly fetch manifest nanoid@^3.3.11
374 silly packumentCache full:https://registry.npmjs.org/nanoid cache-miss
375 http fetch GET 200 https://registry.npmjs.org/merge-options 143ms (cache miss)
376 silly packumentCache full:https://registry.npmjs.org/merge-options set size:undefined disposed:false
377 silly fetch manifest fast-deep-equal@^3.1.3
378 silly packumentCache full:https://registry.npmjs.org/fast-deep-equal cache-miss
379 http fetch GET 200 https://registry.npmjs.org/babel-plugin-syntax-hermes-parser 680ms (cache miss)
380 silly packumentCache full:https://registry.npmjs.org/babel-plugin-syntax-hermes-parser set size:undefined disposed:false
381 silly fetch manifest use-latest-callback@^0.2.4
382 silly packumentCache full:https://registry.npmjs.org/use-latest-callback cache-miss
383 http fetch GET 200 https://registry.npmjs.org/sf-symbols-typescript 145ms (cache miss)
384 silly packumentCache full:https://registry.npmjs.org/sf-symbols-typescript set size:undefined disposed:false
385 silly fetch manifest escape-string-regexp@^4.0.0
386 silly packumentCache full:https://registry.npmjs.org/escape-string-regexp cache-miss
387 http fetch GET 200 https://registry.npmjs.org/fast-deep-equal 112ms (cache revalidated)
388 silly packumentCache full:https://registry.npmjs.org/fast-deep-equal set size:48634 disposed:false
389 silly fetch manifest @react-navigation/core@^7.17.2
390 silly packumentCache full:https://registry.npmjs.org/@react-navigation%2fcore cache-miss
391 http fetch GET 200 https://registry.npmjs.org/escape-string-regexp 132ms (cache revalidated)
392 silly packumentCache full:https://registry.npmjs.org/escape-string-regexp set size:22244 disposed:false
393 silly fetch manifest warn-once@^0.1.0
394 silly packumentCache full:https://registry.npmjs.org/warn-once cache-miss
395 http fetch GET 200 https://registry.npmjs.org/color 321ms (cache miss)
396 silly packumentCache full:https://registry.npmjs.org/color set size:undefined disposed:false
397 silly fetch manifest react-freeze@^1.0.0
398 silly packumentCache full:https://registry.npmjs.org/react-freeze cache-miss
399 http fetch GET 200 https://registry.npmjs.org/nanoid 211ms (cache miss)
400 silly packumentCache full:https://registry.npmjs.org/nanoid set size:undefined disposed:false
401 silly fetch manifest react-native-is-edge-to-edge@^1.2.1
402 silly packumentCache full:https://registry.npmjs.org/react-native-is-edge-to-edge cache-miss
403 http fetch GET 200 https://registry.npmjs.org/@react-native%2fvirtualized-lists 914ms (cache miss)
404 silly packumentCache full:https://registry.npmjs.org/@react-native%2fvirtualized-lists set size:undefined disposed:false
405 silly fetch manifest use-latest-callback@^0.2.4
406 silly packumentCache full:https://registry.npmjs.org/use-latest-callback cache-miss
407 http fetch GET 200 https://registry.npmjs.org/@react-navigation%2felements 278ms (cache miss)
408 silly packumentCache full:https://registry.npmjs.org/@react-navigation%2felements set size:undefined disposed:false
409 silly fetch manifest @egjs/hammerjs@^2.0.17
410 silly packumentCache full:https://registry.npmjs.org/@egjs%2fhammerjs cache-miss
411 http fetch GET 200 https://registry.npmjs.org/warn-once 106ms (cache miss)
412 silly packumentCache full:https://registry.npmjs.org/warn-once set size:undefined disposed:false
413 silly fetch manifest hoist-non-react-statics@^3.3.0
414 silly packumentCache full:https://registry.npmjs.org/hoist-non-react-statics cache-miss
415 http fetch GET 200 https://registry.npmjs.org/use-latest-callback 286ms (cache miss)
416 silly packumentCache full:https://registry.npmjs.org/use-latest-callback set size:undefined disposed:false
417 silly fetch manifest @types/react-test-renderer@^19.1.0
418 silly packumentCache full:https://registry.npmjs.org/@types%2freact-test-renderer cache-miss
419 http fetch GET 200 https://registry.npmjs.org/react-freeze 114ms (cache miss)
420 silly packumentCache full:https://registry.npmjs.org/react-freeze set size:undefined disposed:false
421 silly fetch manifest follow-redirects@^1.15.11
422 silly packumentCache full:https://registry.npmjs.org/follow-redirects cache-miss
423 http fetch GET 200 https://registry.npmjs.org/react-native-is-edge-to-edge 129ms (cache miss)
424 silly packumentCache full:https://registry.npmjs.org/react-native-is-edge-to-edge set size:undefined disposed:false
425 silly fetch manifest form-data@^4.0.5
426 silly packumentCache full:https://registry.npmjs.org/form-data cache-miss
427 http fetch GET 200 https://registry.npmjs.org/use-latest-callback 92ms (cache miss)
428 silly packumentCache full:https://registry.npmjs.org/use-latest-callback set size:undefined disposed:false
429 silly fetch manifest proxy-from-env@^2.1.0
430 silly packumentCache full:https://registry.npmjs.org/proxy-from-env cache-miss
431 http fetch GET 200 https://registry.npmjs.org/@egjs%2fhammerjs 112ms (cache miss)
432 silly packumentCache full:https://registry.npmjs.org/@egjs%2fhammerjs set size:undefined disposed:false
433 silly fetch manifest expo-image-loader@~6.0.0
434 silly packumentCache full:https://registry.npmjs.org/expo-image-loader cache-miss
435 http fetch GET 200 https://registry.npmjs.org/hoist-non-react-statics 80ms (cache miss)
436 silly packumentCache full:https://registry.npmjs.org/hoist-non-react-statics set size:undefined disposed:false
437 silly fetch manifest scheduler@^0.26.0
438 silly packumentCache full:https://registry.npmjs.org/scheduler cache-miss
439 http fetch GET 200 https://registry.npmjs.org/@react-native%2fcommunity-cli-plugin 592ms (cache miss)
440 silly packumentCache full:https://registry.npmjs.org/@react-native%2fcommunity-cli-plugin set size:undefined disposed:false
441 silly fetch manifest @types/geojson@^7946.0.13
442 silly packumentCache full:https://registry.npmjs.org/@types%2fgeojson cache-miss
443 http fetch GET 200 https://registry.npmjs.org/follow-redirects 82ms (cache revalidated)
444 silly packumentCache full:https://registry.npmjs.org/follow-redirects set size:188945 disposed:false
445 silly fetch manifest yargs@^16.1.1
446 silly packumentCache full:https://registry.npmjs.org/yargs cache-miss
447 http cache https://registry.npmjs.org/scheduler 20ms (cache hit)
448 silly packumentCache full:https://registry.npmjs.org/scheduler set size:5487109 disposed:false
449 silly fetch manifest prop-types@^15.7.2
450 silly packumentCache full:https://registry.npmjs.org/prop-types cache-miss
451 http fetch GET 200 https://registry.npmjs.org/@types%2freact-test-renderer 135ms (cache miss)
452 silly packumentCache full:https://registry.npmjs.org/@types%2freact-test-renderer set size:undefined disposed:false
453 silly fetch manifest @babel/runtime@^7.18.6
454 silly packumentCache full:https://registry.npmjs.org/@babel%2fruntime cache-miss
455 http cache https://registry.npmjs.org/yargs 55ms (cache hit)
456 silly packumentCache full:https://registry.npmjs.org/yargs set size:743056 disposed:false
457 silly fetch manifest @react-native/normalize-colors@^0.74.1
458 silly packumentCache full:https://registry.npmjs.org/@react-native%2fnormalize-colors cache-miss
459 http fetch GET 200 https://registry.npmjs.org/@react-native%2fgradle-plugin 1747ms (cache miss)
460 silly packumentCache full:https://registry.npmjs.org/@react-native%2fgradle-plugin set size:undefined disposed:false
461 silly fetch manifest fbjs@^3.0.4
462 silly packumentCache full:https://registry.npmjs.org/fbjs cache-miss
463 http cache https://registry.npmjs.org/@babel%2fruntime 14ms (cache hit)
464 silly packumentCache full:https://registry.npmjs.org/@babel%2fruntime set size:3372292 disposed:false
465 silly fetch manifest inline-style-prefixer@^7.0.1
466 silly packumentCache full:https://registry.npmjs.org/inline-style-prefixer cache-miss
467 http fetch GET 200 https://registry.npmjs.org/prop-types 118ms (cache miss)
468 silly packumentCache full:https://registry.npmjs.org/prop-types set size:undefined disposed:false
469 silly fetch manifest memoize-one@^6.0.0
470 silly packumentCache full:https://registry.npmjs.org/memoize-one cache-miss
471 http cache https://registry.npmjs.org/memoize-one 10ms (cache hit)
472 silly packumentCache full:https://registry.npmjs.org/memoize-one set size:217155 disposed:false
473 silly fetch manifest postcss-value-parser@^4.2.0
474 silly packumentCache full:https://registry.npmjs.org/postcss-value-parser cache-miss
475 http fetch GET 200 https://registry.npmjs.org/expo-image-loader 192ms (cache miss)
476 silly packumentCache full:https://registry.npmjs.org/expo-image-loader set size:undefined disposed:false
477 silly fetch manifest styleq@^0.1.3
478 silly packumentCache full:https://registry.npmjs.org/styleq cache-miss
479 http fetch GET 200 https://registry.npmjs.org/fbjs 110ms (cache miss)
480 silly packumentCache full:https://registry.npmjs.org/fbjs set size:undefined disposed:false
481 http fetch GET 200 https://registry.npmjs.org/inline-style-prefixer 140ms (cache miss)
482 silly packumentCache full:https://registry.npmjs.org/inline-style-prefixer set size:undefined disposed:false
483 http fetch GET 200 https://registry.npmjs.org/postcss-value-parser 112ms (cache miss)
484 silly packumentCache full:https://registry.npmjs.org/postcss-value-parser set size:undefined disposed:false
485 http fetch GET 200 https://registry.npmjs.org/@react-native%2fcodegen 2189ms (cache miss)
486 silly packumentCache full:https://registry.npmjs.org/@react-native%2fcodegen set size:undefined disposed:false
487 http fetch GET 200 https://registry.npmjs.org/form-data 357ms (cache revalidated)
488 silly packumentCache full:https://registry.npmjs.org/form-data set size:153646 disposed:false
489 http fetch GET 200 https://registry.npmjs.org/styleq 132ms (cache miss)
490 silly packumentCache full:https://registry.npmjs.org/styleq set size:undefined disposed:false
491 http fetch GET 200 https://registry.npmjs.org/proxy-from-env 354ms (cache revalidated)
492 silly packumentCache full:https://registry.npmjs.org/proxy-from-env set size:21422 disposed:false
493 http fetch GET 200 https://registry.npmjs.org/@react-navigation%2fcore 924ms (cache miss)
494 silly packumentCache full:https://registry.npmjs.org/@react-navigation%2fcore set size:undefined disposed:false
495 http fetch GET 200 https://registry.npmjs.org/react-refresh 2850ms (cache miss)
496 silly packumentCache full:https://registry.npmjs.org/react-refresh set size:undefined disposed:false
497 http fetch GET 200 https://registry.npmjs.org/@types%2fgeojson 676ms (cache miss)
498 silly packumentCache full:https://registry.npmjs.org/@types%2fgeojson set size:undefined disposed:false
499 http fetch GET 200 https://registry.npmjs.org/@react-native%2fnormalize-colors 633ms (cache miss)
500 silly packumentCache full:https://registry.npmjs.org/@react-native%2fnormalize-colors set size:undefined disposed:false
501 http fetch GET 200 https://registry.npmjs.org/@react-native%2fnormalize-colors 3132ms (cache miss)
502 silly packumentCache full:https://registry.npmjs.org/@react-native%2fnormalize-colors set size:undefined disposed:false
503 http fetch GET 200 https://registry.npmjs.org/react-refresh 7598ms (cache miss)
504 silly packumentCache full:https://registry.npmjs.org/react-refresh set size:undefined disposed:false
505 silly placeDep ROOT anser@1.4.10 OK for: @expo/metro-runtime@6.1.2 want: ^1.4.9
506 silly placeDep ROOT pretty-format@29.7.0 OK for: @expo/metro-runtime@6.1.2 want: ^29.7.0
507 silly placeDep ROOT stacktrace-parser@0.1.11 OK for: @expo/metro-runtime@6.1.2 want: ^0.1.10
508 silly placeDep ROOT whatwg-fetch@3.6.20 OK for: @expo/metro-runtime@6.1.2 want: ^3.0.0
509 silly fetch manifest react-is@^18.0.0
510 silly packumentCache full:https://registry.npmjs.org/react-is cache-miss
511 silly fetch manifest ansi-styles@^5.0.0
512 silly packumentCache full:https://registry.npmjs.org/ansi-styles cache-miss
513 silly fetch manifest @jest/schemas@^29.6.3
514 silly packumentCache full:https://registry.npmjs.org/@jest%2fschemas cache-miss
515 silly fetch manifest type-fest@^0.7.1
516 silly packumentCache full:https://registry.npmjs.org/type-fest cache-miss
517 http fetch GET 200 https://registry.npmjs.org/type-fest 134ms (cache revalidated)
518 silly packumentCache full:https://registry.npmjs.org/type-fest set size:560517 disposed:false
519 http fetch GET 200 https://registry.npmjs.org/ansi-styles 339ms (cache revalidated)
520 silly packumentCache full:https://registry.npmjs.org/ansi-styles set size:63233 disposed:false
521 http fetch GET 200 https://registry.npmjs.org/@jest%2fschemas 487ms (cache miss)
522 silly packumentCache full:https://registry.npmjs.org/@jest%2fschemas set size:undefined disposed:false
523 http fetch GET 200 https://registry.npmjs.org/react-is 1533ms (cache miss)
524 silly packumentCache full:https://registry.npmjs.org/react-is set size:undefined disposed:false
525 silly placeDep ROOT merge-options@3.0.4 OK for: @react-native-async-storage/async-storage@2.2.0 want: ^3.0.4
526 silly fetch manifest is-plain-obj@^2.1.0
527 silly packumentCache full:https://registry.npmjs.org/is-plain-obj cache-miss
528 http fetch GET 200 https://registry.npmjs.org/is-plain-obj 378ms (cache miss)
529 silly packumentCache full:https://registry.npmjs.org/is-plain-obj set size:undefined disposed:false
530 silly fetch manifest @react-native-masked-view/masked-view@>= 0.2.0
531 silly packumentCache full:https://registry.npmjs.org/@react-native-masked-view%2fmasked-view cache-miss
532 http fetch GET 200 https://registry.npmjs.org/@react-native-masked-view%2fmasked-view 123ms (cache miss)
533 silly packumentCache full:https://registry.npmjs.org/@react-native-masked-view%2fmasked-view set size:undefined disposed:false
534 silly fetch manifest react@>= 18.2.0
535 silly packumentCache full:https://registry.npmjs.org/react cache-miss
536 http cache https://registry.npmjs.org/react 35ms (cache hit)
537 silly packumentCache full:https://registry.npmjs.org/react set size:6621771 disposed:false
538 silly fetch manifest react-native@*
539 silly packumentCache full:https://registry.npmjs.org/react-native cache-miss
540 http cache https://registry.npmjs.org/react-native 29ms (cache hit)
541 silly packumentCache full:https://registry.npmjs.org/react-native set size:15173051 disposed:false
542 silly fetch manifest @types/react@^19.1.1
543 silly packumentCache full:https://registry.npmjs.org/@types%2freact cache-miss
544 http cache https://registry.npmjs.org/@types%2freact 20ms (cache hit)
545 silly packumentCache full:https://registry.npmjs.org/@types%2freact set size:2588964 disposed:false
546 silly fetch manifest @react-navigation/native@^7.2.2
547 silly packumentCache full:https://registry.npmjs.org/@react-navigation%2fnative cache-miss
548 http cache https://registry.npmjs.org/@react-navigation%2fnative 15ms (cache hit)
549 silly packumentCache full:https://registry.npmjs.org/@react-navigation%2fnative set size:1077320 disposed:false
550 silly fetch manifest react-native-safe-area-context@>= 4.0.0
551 silly packumentCache full:https://registry.npmjs.org/react-native-safe-area-context cache-miss
552 http cache https://registry.npmjs.org/react-native-safe-area-context 12ms (cache hit)
553 silly packumentCache full:https://registry.npmjs.org/react-native-safe-area-context set size:662443 disposed:false
554 silly placeDep ROOT @react-navigation/elements@2.9.15 OK for: @react-navigation/bottom-tabs@7.15.10 want: ^2.9.15
555 silly placeDep ROOT color@4.2.3 OK for: @react-navigation/bottom-tabs@7.15.10 want: ^4.2.3
556 silly placeDep ROOT sf-symbols-typescript@2.2.0 OK for: @react-navigation/bottom-tabs@7.15.10 want: ^2.1.0
557 silly fetch manifest use-sync-external-store@^1.5.0
558 silly packumentCache full:https://registry.npmjs.org/use-sync-external-store cache-miss
559 silly fetch manifest color-string@^1.9.0
560 silly packumentCache full:https://registry.npmjs.org/color-string cache-miss
561 silly fetch manifest color-convert@^2.0.1
562 silly packumentCache full:https://registry.npmjs.org/color-convert cache-miss
563 http fetch GET 200 https://registry.npmjs.org/color-convert 100ms (cache revalidated)
564 silly packumentCache full:https://registry.npmjs.org/color-convert set size:72663 disposed:false
565 http fetch GET 200 https://registry.npmjs.org/color-string 178ms (cache miss)
566 silly packumentCache full:https://registry.npmjs.org/color-string set size:undefined disposed:false
567 http fetch GET 200 https://registry.npmjs.org/use-sync-external-store 794ms (cache miss)
568 silly packumentCache full:https://registry.npmjs.org/use-sync-external-store set size:undefined disposed:false
569 silly placeDep ROOT use-latest-callback@0.2.6 OK for: @react-navigation/elements@2.9.15 want: ^0.2.4
570 silly placeDep ROOT use-sync-external-store@1.6.0 OK for: @react-navigation/elements@2.9.15 want: ^1.5.0
571 silly placeDep ROOT @react-navigation/core@7.17.2 OK for: @react-navigation/native@7.2.2 want: ^7.17.2
572 silly placeDep ROOT escape-string-regexp@4.0.0 OK for: @react-navigation/native@7.2.2 want: ^4.0.0
573 silly placeDep ROOT fast-deep-equal@3.1.3 OK for: @react-navigation/native@7.2.2 want: ^3.1.3
574 silly placeDep ROOT nanoid@3.3.11 OK for: @react-navigation/native@7.2.2 want: ^3.3.11
575 silly fetch manifest react-is@^19.1.0
576 silly packumentCache full:https://registry.npmjs.org/react-is cache-miss
577 silly fetch manifest query-string@^7.1.3
578 silly packumentCache full:https://registry.npmjs.org/query-string cache-miss
579 silly fetch manifest @react-navigation/routers@^7.5.3
580 silly packumentCache full:https://registry.npmjs.org/@react-navigation%2frouters cache-miss
581 http cache https://registry.npmjs.org/react-is 19ms (cache hit)
582 silly packumentCache full:https://registry.npmjs.org/react-is set size:5358487 disposed:false
583 http fetch GET 200 https://registry.npmjs.org/query-string 303ms (cache miss)
584 silly packumentCache full:https://registry.npmjs.org/query-string set size:undefined disposed:false
585 http fetch GET 200 https://registry.npmjs.org/@react-navigation%2frouters 394ms (cache miss)
586 silly packumentCache full:https://registry.npmjs.org/@react-navigation%2frouters set size:undefined disposed:false
587 silly placeDep ROOT @react-navigation/routers@7.5.3 OK for: @react-navigation/core@7.17.2 want: ^7.5.3
588 silly placeDep ROOT query-string@7.1.3 OK for: @react-navigation/core@7.17.2 want: ^7.1.3
589 silly placeDep ROOT react-is@19.2.5 OK for: @react-navigation/core@7.17.2 want: ^19.1.0
590 silly fetch manifest filter-obj@^1.1.0
591 silly packumentCache full:https://registry.npmjs.org/filter-obj cache-miss
592 silly fetch manifest split-on-first@^1.0.0
593 silly packumentCache full:https://registry.npmjs.org/split-on-first cache-miss
594 silly fetch manifest strict-uri-encode@^2.0.0
595 silly packumentCache full:https://registry.npmjs.org/strict-uri-encode cache-miss
596 silly fetch manifest decode-uri-component@^0.2.2
597 silly packumentCache full:https://registry.npmjs.org/decode-uri-component cache-miss
598 http fetch GET 200 https://registry.npmjs.org/strict-uri-encode 79ms (cache miss)
599 silly packumentCache full:https://registry.npmjs.org/strict-uri-encode set size:undefined disposed:false
600 http fetch GET 200 https://registry.npmjs.org/split-on-first 116ms (cache miss)
601 silly packumentCache full:https://registry.npmjs.org/split-on-first set size:undefined disposed:false
602 http fetch GET 200 https://registry.npmjs.org/decode-uri-component 118ms (cache miss)
603 silly packumentCache full:https://registry.npmjs.org/decode-uri-component set size:undefined disposed:false
604 http fetch GET 200 https://registry.npmjs.org/filter-obj 120ms (cache miss)
605 silly packumentCache full:https://registry.npmjs.org/filter-obj set size:undefined disposed:false
606 silly placeDep ROOT follow-redirects@1.16.0 OK for: axios@1.15.2 want: ^1.15.11
607 silly placeDep ROOT form-data@4.0.5 OK for: axios@1.15.2 want: ^4.0.5
608 silly placeDep ROOT proxy-from-env@2.1.0 OK for: axios@1.15.2 want: ^2.1.0
609 silly fetch manifest asynckit@^0.4.0
610 silly packumentCache full:https://registry.npmjs.org/asynckit cache-miss
611 silly fetch manifest combined-stream@^1.0.8
612 silly packumentCache full:https://registry.npmjs.org/combined-stream cache-miss
613 silly fetch manifest es-set-tostringtag@^2.1.0
614 silly packumentCache full:https://registry.npmjs.org/es-set-tostringtag cache-miss
615 silly fetch manifest hasown@^2.0.2
616 silly packumentCache full:https://registry.npmjs.org/hasown cache-miss
617 silly fetch manifest mime-types@^2.1.12
618 silly packumentCache full:https://registry.npmjs.org/mime-types cache-miss
619 http fetch GET 200 https://registry.npmjs.org/asynckit 87ms (cache revalidated)
620 silly packumentCache full:https://registry.npmjs.org/asynckit set size:18932 disposed:false
621 http fetch GET 200 https://registry.npmjs.org/combined-stream 87ms (cache revalidated)
622 silly packumentCache full:https://registry.npmjs.org/combined-stream set size:40337 disposed:false
623 http fetch GET 200 https://registry.npmjs.org/es-set-tostringtag 333ms (cache revalidated)
624 silly packumentCache full:https://registry.npmjs.org/es-set-tostringtag set size:22094 disposed:false
625 http fetch GET 200 https://registry.npmjs.org/hasown 336ms (cache revalidated)
626 silly packumentCache full:https://registry.npmjs.org/hasown set size:15429 disposed:false
627 http fetch GET 200 https://registry.npmjs.org/mime-types 820ms (cache revalidated)
628 silly packumentCache full:https://registry.npmjs.org/mime-types set size:139110 disposed:false
629 silly placeDep ROOT color-convert@2.0.1 OK for: color@4.2.3 want: ^2.0.1
630 silly placeDep ROOT color-string@1.9.1 OK for: color@4.2.3 want: ^1.9.0
631 silly fetch manifest color-name@~1.1.4
632 silly packumentCache full:https://registry.npmjs.org/color-name cache-miss
633 silly fetch manifest color-name@^1.0.0
634 silly packumentCache full:https://registry.npmjs.org/color-name cache-miss
635 silly fetch manifest simple-swizzle@^0.2.2
636 silly packumentCache full:https://registry.npmjs.org/simple-swizzle cache-miss
637 http fetch GET 200 https://registry.npmjs.org/color-name 57ms (cache revalidated)
638 silly packumentCache full:https://registry.npmjs.org/color-name set size:19467 disposed:false
639 http fetch GET 200 https://registry.npmjs.org/color-name 69ms (cache revalidated)
640 silly packumentCache full:https://registry.npmjs.org/color-name set size:19467 disposed:false
641 silly packumentCache full:https://registry.npmjs.org/color-name dispose
642 http fetch GET 200 https://registry.npmjs.org/simple-swizzle 68ms (cache miss)
643 silly packumentCache full:https://registry.npmjs.org/simple-swizzle set size:undefined disposed:false
644 silly placeDep ROOT color-name@1.1.4 OK for: color-convert@2.0.1 want: ~1.1.4
645 silly placeDep ROOT simple-swizzle@0.2.4 OK for: color-string@1.9.1 want: ^0.2.2
646 silly fetch manifest is-arrayish@^0.3.1
647 silly packumentCache full:https://registry.npmjs.org/is-arrayish cache-miss
648 http fetch GET 200 https://registry.npmjs.org/is-arrayish 85ms (cache miss)
649 silly packumentCache full:https://registry.npmjs.org/is-arrayish set size:undefined disposed:false
650 silly fetch manifest expo@*
651 silly packumentCache full:https://registry.npmjs.org/expo cache-miss
652 http cache https://registry.npmjs.org/expo 17ms (cache hit)
653 silly packumentCache full:https://registry.npmjs.org/expo set size:3647454 disposed:false
654 silly fetch manifest react@*
655 silly packumentCache full:https://registry.npmjs.org/react cache-miss
656 http cache https://registry.npmjs.org/react 6ms (cache hit)
657 silly packumentCache full:https://registry.npmjs.org/react set size:6621771 disposed:false
658 silly fetch manifest @expo/metro-runtime@*
659 silly packumentCache full:https://registry.npmjs.org/@expo%2fmetro-runtime cache-miss
660 http cache https://registry.npmjs.org/@expo%2fmetro-runtime 12ms (cache hit)
661 silly packumentCache full:https://registry.npmjs.org/@expo%2fmetro-runtime set size:628973 disposed:false
662 silly fetch manifest react-dom@*
663 silly packumentCache full:https://registry.npmjs.org/react-dom cache-miss
664 http cache https://registry.npmjs.org/react-dom 18ms (cache hit)
665 silly packumentCache full:https://registry.npmjs.org/react-dom set size:8819255 disposed:false
666 silly fetch manifest expo-router@*
667 silly packumentCache full:https://registry.npmjs.org/expo-router cache-miss
668 http fetch GET 200 https://registry.npmjs.org/expo-router 198ms (cache miss)
669 silly packumentCache full:https://registry.npmjs.org/expo-router set size:undefined disposed:false
670 silly fetch manifest @expo/log-box@55.0.11
671 silly packumentCache full:https://registry.npmjs.org/@expo%2flog-box cache-miss
672 http fetch GET 200 https://registry.npmjs.org/@expo%2flog-box 504ms (cache miss)
673 silly packumentCache full:https://registry.npmjs.org/@expo%2flog-box set size:undefined disposed:false
674 silly fetch manifest @react-navigation/drawer@^7.9.4
675 silly packumentCache full:https://registry.npmjs.org/@react-navigation%2fdrawer cache-miss
676 http fetch GET 200 https://registry.npmjs.org/@react-navigation%2fdrawer 1708ms (cache miss)
677 silly packumentCache full:https://registry.npmjs.org/@react-navigation%2fdrawer set size:undefined disposed:false
678 silly fetch manifest react-native-gesture-handler@>= 2.0.0
679 silly packumentCache full:https://registry.npmjs.org/react-native-gesture-handler cache-miss
680 http cache https://registry.npmjs.org/react-native-gesture-handler 18ms (cache hit)
681 silly packumentCache full:https://registry.npmjs.org/react-native-gesture-handler set size:937382 disposed:false
682 silly fetch manifest react-native-reanimated@>= 2.0.0
683 silly packumentCache full:https://registry.npmjs.org/react-native-reanimated cache-miss
684 http fetch GET 200 https://registry.npmjs.org/react-native-reanimated 2069ms (cache miss)
685 silly packumentCache full:https://registry.npmjs.org/react-native-reanimated set size:undefined disposed:false
686 silly fetch manifest react-native-worklets@0.8.x
687 silly packumentCache full:https://registry.npmjs.org/react-native-worklets cache-miss
688 http fetch GET 200 https://registry.npmjs.org/react-native-worklets 198ms (cache miss)
689 silly packumentCache full:https://registry.npmjs.org/react-native-worklets set size:undefined disposed:false
690 silly fetch manifest @babel/core@*
691 silly packumentCache full:https://registry.npmjs.org/@babel%2fcore cache-miss
692 http fetch GET 200 https://registry.npmjs.org/@babel%2fcore 958ms (cache miss)
693 silly packumentCache full:https://registry.npmjs.org/@babel%2fcore set size:undefined disposed:false
694 silly fetch manifest @react-native/metro-config@*
695 silly packumentCache full:https://registry.npmjs.org/@react-native%2fmetro-config cache-miss
696 http fetch GET 200 https://registry.npmjs.org/@react-native%2fmetro-config 553ms (cache miss)
697 silly packumentCache full:https://registry.npmjs.org/@react-native%2fmetro-config set size:undefined disposed:false
698 silly fetch manifest react-native-screens@>= 4.0.0
699 silly packumentCache full:https://registry.npmjs.org/react-native-screens cache-miss
700 http cache https://registry.npmjs.org/react-native-screens 22ms (cache hit)
701 silly packumentCache full:https://registry.npmjs.org/react-native-screens set size:3795426 disposed:false
702 silly fetch manifest @testing-library/react-native@>= 13.2.0
703 silly packumentCache full:https://registry.npmjs.org/@testing-library%2freact-native cache-miss
704 http fetch GET 200 https://registry.npmjs.org/@testing-library%2freact-native 717ms (cache miss)
705 silly packumentCache full:https://registry.npmjs.org/@testing-library%2freact-native set size:undefined disposed:false
706 silly fetch manifest jest@>=29.0.0
707 silly packumentCache full:https://registry.npmjs.org/jest cache-miss
708 http fetch GET 200 https://registry.npmjs.org/jest 374ms (cache miss)
709 silly packumentCache full:https://registry.npmjs.org/jest set size:undefined disposed:false
710 silly fetch manifest node-notifier@^8.0.1 || ^9.0.0 || ^10.0.0
711 silly packumentCache full:https://registry.npmjs.org/node-notifier cache-miss
712 http fetch GET 200 https://registry.npmjs.org/node-notifier 80ms (cache miss)
713 silly packumentCache full:https://registry.npmjs.org/node-notifier set size:undefined disposed:false
714 silly fetch manifest react-test-renderer@>=18.2.0
715 silly packumentCache full:https://registry.npmjs.org/react-test-renderer cache-miss
716 http fetch GET 200 https://registry.npmjs.org/react-test-renderer 2146ms (cache miss)
717 silly packumentCache full:https://registry.npmjs.org/react-test-renderer set size:undefined disposed:false
718 silly fetch manifest expo-constants@^55.0.15
719 silly packumentCache full:https://registry.npmjs.org/expo-constants cache-miss
720 http cache https://registry.npmjs.org/expo-constants 26ms (cache hit)
721 silly packumentCache full:https://registry.npmjs.org/expo-constants set size:976106 disposed:false
722 silly fetch manifest expo-linking@^55.0.14
723 silly packumentCache full:https://registry.npmjs.org/expo-linking cache-miss
724 http fetch GET 200 https://registry.npmjs.org/expo-linking 113ms (cache miss)
725 silly packumentCache full:https://registry.npmjs.org/expo-linking set size:undefined disposed:false
726 silly fetch manifest react-native-web@*
727 silly packumentCache full:https://registry.npmjs.org/react-native-web cache-miss
728 http cache https://registry.npmjs.org/react-native-web 18ms (cache hit)
729 silly packumentCache full:https://registry.npmjs.org/react-native-web set size:1090363 disposed:false
730 silly fetch manifest react-server-dom-webpack@~19.0.4 || ~19.1.5 || ~19.2.4
731 silly packumentCache full:https://registry.npmjs.org/react-server-dom-webpack cache-miss
732 http fetch GET 200 https://registry.npmjs.org/react-server-dom-webpack 1173ms (cache miss)
733 silly packumentCache full:https://registry.npmjs.org/react-server-dom-webpack set size:undefined disposed:false
734 silly fetch manifest webpack@^5.59.0
735 silly packumentCache full:https://registry.npmjs.org/webpack cache-miss
736 http fetch GET 200 https://registry.npmjs.org/webpack 672ms (cache miss)
737 silly packumentCache full:https://registry.npmjs.org/webpack set size:undefined disposed:false
738 silly placeDep ROOT @babel/runtime@7.29.2 OK for: expo@54.0.33 want: ^7.20.0
739 silly placeDep node_modules/expo @expo/cli@54.0.23 CONFLICT for: expo@54.0.33 want: 54.0.23
740 silly placeDep ROOT @expo/config@12.0.13 OK for: expo@54.0.33 want: ~12.0.13
741 silly placeDep ROOT @expo/config-plugins@54.0.4 OK for: expo@54.0.33 want: ~54.0.4
742 silly placeDep ROOT @expo/devtools@0.1.8 OK for: expo@54.0.33 want: 0.1.8
743 silly placeDep ROOT @expo/fingerprint@0.15.4 OK for: expo@54.0.33 want: 0.15.4
744 silly placeDep ROOT @expo/metro@54.2.0 OK for: expo@54.0.33 want: ~54.2.0
745 silly placeDep ROOT @expo/metro-config@54.0.14 OK for: expo@54.0.33 want: 54.0.14
746 silly placeDep ROOT @ungap/structured-clone@1.3.0 OK for: expo@54.0.33 want: ^1.3.0
747 silly placeDep ROOT babel-preset-expo@54.0.10 OK for: expo@54.0.33 want: ~54.0.10
748 silly placeDep ROOT react-refresh@0.14.2 OK for: babel-preset-expo@54.0.10 want: >=0.14.0 <1.0.0
749 silly placeDep ROOT expo-asset@12.0.12 OK for: expo@54.0.33 want: ~12.0.12
750 silly placeDep ROOT expo-constants@18.0.13 OK for: expo@54.0.33 want: ~18.0.13
751 silly placeDep ROOT expo-file-system@19.0.21 OK for: expo@54.0.33 want: ~19.0.21
752 silly placeDep node_modules/expo expo-font@14.0.11 OK for: expo@54.0.33 want: ~14.0.11
753 silly placeDep ROOT expo-keep-awake@15.0.8 OK for: expo@54.0.33 want: ~15.0.8
754 silly placeDep ROOT expo-modules-autolinking@3.0.24 OK for: expo@54.0.33 want: 3.0.24
755 silly placeDep ROOT expo-modules-core@3.0.29 OK for: expo@54.0.33 want: 3.0.29
756 silly placeDep ROOT whatwg-url-without-unicode@8.0.0-3 OK for: expo@54.0.33 want: 8.0.0-3
757 silly fetch manifest ws@^8.12.1
758 silly packumentCache full:https://registry.npmjs.org/ws cache-miss
759 silly fetch manifest arg@^5.0.2
760 silly packumentCache full:https://registry.npmjs.org/arg cache-miss
761 silly fetch manifest ora@^3.4.0
762 silly packumentCache full:https://registry.npmjs.org/ora cache-miss
763 silly fetch manifest tar@^7.5.2
764 silly packumentCache full:https://registry.npmjs.org/tar cache-miss
765 silly fetch manifest glob@^13.0.0
766 silly packumentCache full:https://registry.npmjs.org/glob cache-hit
767 silly fetch manifest send@^0.19.0
768 silly packumentCache full:https://registry.npmjs.org/send cache-miss
769 silly fetch manifest chalk@^4.0.0
770 silly packumentCache full:https://registry.npmjs.org/chalk cache-miss
771 silly fetch manifest debug@^4.3.4
772 silly packumentCache full:https://registry.npmjs.org/debug cache-miss
773 silly fetch manifest getenv@^2.0.0
774 silly packumentCache full:https://registry.npmjs.org/getenv cache-miss
775 silly fetch manifest semver@^7.6.0
776 silly packumentCache full:https://registry.npmjs.org/semver cache-hit
777 silly fetch manifest undici@^6.18.2
778 silly packumentCache full:https://registry.npmjs.org/undici cache-miss
779 silly fetch manifest accepts@^1.3.8
780 silly packumentCache full:https://registry.npmjs.org/accepts cache-miss
781 silly fetch manifest ci-info@^3.3.0
782 silly packumentCache full:https://registry.npmjs.org/ci-info cache-miss
783 silly fetch manifest connect@^3.7.0
784 silly packumentCache full:https://registry.npmjs.org/connect cache-miss
785 silly fetch manifest prompts@^2.3.2
786 silly packumentCache full:https://registry.npmjs.org/prompts cache-miss
787 http cache https://registry.npmjs.org/ws 20ms (cache hit)
788 silly packumentCache full:https://registry.npmjs.org/ws set size:415737 disposed:false
789 silly fetch manifest resolve@^1.22.2
790 silly packumentCache full:https://registry.npmjs.org/resolve cache-miss
791 http fetch GET 200 https://registry.npmjs.org/accepts 89ms (cache revalidated)
792 silly packumentCache full:https://registry.npmjs.org/accepts set size:77054 disposed:false
793 silly fetch manifest slugify@^1.3.4
794 silly packumentCache full:https://registry.npmjs.org/slugify cache-miss
795 http fetch GET 200 https://registry.npmjs.org/send 94ms (cache revalidated)
796 silly packumentCache full:https://registry.npmjs.org/send set size:152810 disposed:false
797 silly fetch manifest progress@^2.0.3
798 silly packumentCache full:https://registry.npmjs.org/progress cache-miss
799 http fetch GET 200 https://registry.npmjs.org/debug 96ms (cache revalidated)
800 silly packumentCache full:https://registry.npmjs.org/debug set size:195840 disposed:false
801 silly fetch manifest requireg@^0.2.2
802 silly packumentCache full:https://registry.npmjs.org/requireg cache-miss
803 http fetch GET 200 https://registry.npmjs.org/chalk 97ms (cache revalidated)
804 silly packumentCache full:https://registry.npmjs.org/chalk set size:117861 disposed:false
805 silly fetch manifest @expo/env@~2.0.8
806 silly packumentCache full:https://registry.npmjs.org/@expo%2fenv cache-miss
807 http fetch GET 200 https://registry.npmjs.org/ci-info 173ms (cache miss)
808 silly packumentCache full:https://registry.npmjs.org/ci-info set size:undefined disposed:false
809 silly fetch manifest minimatch@^9.0.0
810 silly packumentCache full:https://registry.npmjs.org/minimatch cache-miss
811 http fetch GET 200 https://registry.npmjs.org/progress 115ms (cache miss)
812 silly packumentCache full:https://registry.npmjs.org/progress set size:undefined disposed:false
813 silly fetch manifest picomatch@^3.0.1
814 silly packumentCache full:https://registry.npmjs.org/picomatch cache-miss
815 http fetch GET 200 https://registry.npmjs.org/slugify 144ms (cache miss)
816 silly packumentCache full:https://registry.npmjs.org/slugify set size:undefined disposed:false
817 silly fetch manifest wrap-ansi@^7.0.0
818 silly packumentCache full:https://registry.npmjs.org/wrap-ansi cache-miss
819 http fetch GET 200 https://registry.npmjs.org/arg 243ms (cache miss)
820 silly packumentCache full:https://registry.npmjs.org/arg set size:undefined disposed:false
821 silly fetch manifest @urql/core@^5.0.6
822 silly packumentCache full:https://registry.npmjs.org/@urql%2fcore cache-miss
823 http fetch GET 200 https://registry.npmjs.org/resolve 239ms (cache miss)
824 silly packumentCache full:https://registry.npmjs.org/resolve set size:undefined disposed:false
825 silly fetch manifest better-opn@~3.0.2
826 silly packumentCache full:https://registry.npmjs.org/better-opn cache-miss
827 http fetch GET 200 https://registry.npmjs.org/minimatch 92ms (cache revalidated)
828 silly packumentCache full:https://registry.npmjs.org/minimatch set size:375282 disposed:false
829 silly fetch manifest env-editor@^0.4.1
830 silly packumentCache full:https://registry.npmjs.org/env-editor cache-miss
831 http fetch GET 200 https://registry.npmjs.org/prompts 274ms (cache miss)
832 silly packumentCache full:https://registry.npmjs.org/prompts set size:undefined disposed:false
833 silly fetch manifest node-forge@^1.3.3
834 silly packumentCache full:https://registry.npmjs.org/node-forge cache-miss
835 http fetch GET 200 https://registry.npmjs.org/ora 277ms (cache miss)
836 silly packumentCache full:https://registry.npmjs.org/ora set size:undefined disposed:false
837 silly fetch manifest @expo/plist@^0.4.8
838 silly packumentCache full:https://registry.npmjs.org/@expo%2fplist cache-miss
839 http fetch GET 200 https://registry.npmjs.org/requireg 181ms (cache miss)
840 silly packumentCache full:https://registry.npmjs.org/requireg set size:undefined disposed:false
841 silly fetch manifest compression@^1.7.4
842 silly packumentCache full:https://registry.npmjs.org/compression cache-miss
843 http fetch GET 200 https://registry.npmjs.org/connect 279ms (cache miss)
844 silly packumentCache full:https://registry.npmjs.org/connect set size:undefined disposed:false
845 silly fetch manifest expo-server@^1.0.5
846 silly packumentCache full:https://registry.npmjs.org/expo-server cache-miss
847 http fetch GET 200 https://registry.npmjs.org/tar 287ms (cache miss)
848 silly packumentCache full:https://registry.npmjs.org/tar set size:undefined disposed:false
849 silly fetch manifest lan-network@^0.1.6
850 silly packumentCache full:https://registry.npmjs.org/lan-network cache-miss
851 http fetch GET 200 https://registry.npmjs.org/wrap-ansi 109ms (cache miss)
852 silly packumentCache full:https://registry.npmjs.org/wrap-ansi set size:undefined disposed:false
853 silly fetch manifest pretty-bytes@^5.6.0
854 silly packumentCache full:https://registry.npmjs.org/pretty-bytes cache-miss
855 http fetch GET 200 https://registry.npmjs.org/better-opn 196ms (cache miss)
856 silly packumentCache full:https://registry.npmjs.org/better-opn set size:undefined disposed:false
857 silly fetch manifest resolve-from@^5.0.0
858 silly packumentCache full:https://registry.npmjs.org/resolve-from cache-miss
859 http fetch GET 200 https://registry.npmjs.org/getenv 475ms (cache miss)
860 silly packumentCache full:https://registry.npmjs.org/getenv set size:undefined disposed:false
861 silly fetch manifest @expo/devcert@^1.2.1
862 silly packumentCache full:https://registry.npmjs.org/@expo%2fdevcert cache-miss
863 http fetch GET 200 https://registry.npmjs.org/env-editor 210ms (cache miss)
864 silly packumentCache full:https://registry.npmjs.org/env-editor set size:undefined disposed:false
865 silly fetch manifest bplist-parser@^0.3.1
866 silly packumentCache full:https://registry.npmjs.org/bplist-parser cache-miss
867 http fetch GET 200 https://registry.npmjs.org/bplist-parser 65ms (cache miss)
868 silly packumentCache full:https://registry.npmjs.org/bplist-parser set size:undefined disposed:false
869 silly fetch manifest terminal-link@^2.1.1
870 silly packumentCache full:https://registry.npmjs.org/terminal-link cache-miss
871 http fetch GET 200 https://registry.npmjs.org/resolve-from 87ms (cache revalidated)
872 silly packumentCache full:https://registry.npmjs.org/resolve-from set size:12911 disposed:false
873 silly fetch manifest @expo/xcpretty@^4.3.0
874 silly packumentCache full:https://registry.npmjs.org/@expo%2fxcpretty cache-miss
875 http fetch GET 200 https://registry.npmjs.org/picomatch 417ms (cache miss)
876 silly packumentCache full:https://registry.npmjs.org/picomatch set size:undefined disposed:false
877 silly fetch manifest bplist-creator@0.1.0
878 silly packumentCache full:https://registry.npmjs.org/bplist-creator cache-miss
879 http fetch GET 200 https://registry.npmjs.org/@expo%2fenv 530ms (cache miss)
880 silly packumentCache full:https://registry.npmjs.org/@expo%2fenv set size:undefined disposed:false
881 silly fetch manifest freeport-async@^2.0.0
882 silly packumentCache full:https://registry.npmjs.org/freeport-async cache-miss
883 http fetch GET 200 https://registry.npmjs.org/node-forge 360ms (cache miss)
884 silly packumentCache full:https://registry.npmjs.org/node-forge set size:undefined disposed:false
885 silly fetch manifest @expo/json-file@^10.0.8
886 silly packumentCache full:https://registry.npmjs.org/@expo%2fjson-file cache-miss
887 http fetch GET 200 https://registry.npmjs.org/terminal-link 100ms (cache miss)
888 silly packumentCache full:https://registry.npmjs.org/terminal-link set size:undefined disposed:false
889 silly fetch manifest @expo/osascript@^2.3.8
890 silly packumentCache full:https://registry.npmjs.org/@expo%2fosascript cache-miss
891 http fetch GET 200 https://registry.npmjs.org/bplist-creator 71ms (cache miss)
892 silly packumentCache full:https://registry.npmjs.org/bplist-creator set size:undefined disposed:false
893 silly fetch manifest @expo/ws-tunnel@^1.0.1
894 silly packumentCache full:https://registry.npmjs.org/@expo%2fws-tunnel cache-miss
895 http fetch GET 200 https://registry.npmjs.org/freeport-async 75ms (cache miss)
896 silly packumentCache full:https://registry.npmjs.org/freeport-async set size:undefined disposed:false
897 silly fetch manifest npm-package-arg@^11.0.0
898 silly packumentCache full:https://registry.npmjs.org/npm-package-arg cache-miss
899 http fetch GET 200 https://registry.npmjs.org/pretty-bytes 375ms (cache miss)
900 silly packumentCache full:https://registry.npmjs.org/pretty-bytes set size:undefined disposed:false
901 silly fetch manifest qrcode-terminal@0.11.0
902 silly packumentCache full:https://registry.npmjs.org/qrcode-terminal cache-miss
903 http fetch GET 200 https://registry.npmjs.org/@urql%2fcore 497ms (cache miss)
904 silly packumentCache full:https://registry.npmjs.org/@urql%2fcore set size:undefined disposed:false
905 silly fetch manifest resolve.exports@^2.0.3
906 silly packumentCache full:https://registry.npmjs.org/resolve.exports cache-miss
907 http fetch GET 200 https://registry.npmjs.org/@expo%2fosascript 118ms (cache miss)
908 silly packumentCache full:https://registry.npmjs.org/@expo%2fosascript set size:undefined disposed:false
909 silly fetch manifest @expo/image-utils@^0.8.8
910 silly packumentCache full:https://registry.npmjs.org/@expo%2fimage-utils cache-miss
911 http fetch GET 200 https://registry.npmjs.org/@expo%2fws-tunnel 137ms (cache miss)
912 silly packumentCache full:https://registry.npmjs.org/@expo%2fws-tunnel set size:undefined disposed:false
913 silly fetch manifest @expo/spawn-async@^1.7.2
914 silly packumentCache full:https://registry.npmjs.org/@expo%2fspawn-async cache-miss
915 http fetch GET 200 https://registry.npmjs.org/compression 563ms (cache miss)
916 silly packumentCache full:https://registry.npmjs.org/compression set size:undefined disposed:false
917 silly fetch manifest @expo/metro-config@~54.0.14
918 silly packumentCache full:https://registry.npmjs.org/@expo%2fmetro-config cache-miss
919 http fetch GET 200 https://registry.npmjs.org/qrcode-terminal 124ms (cache miss)
920 silly packumentCache full:https://registry.npmjs.org/qrcode-terminal set size:undefined disposed:false
921 silly fetch manifest @expo/schema-utils@^0.1.8
922 silly packumentCache full:https://registry.npmjs.org/@expo%2fschema-utils cache-miss
923 http fetch GET 200 https://registry.npmjs.org/lan-network 559ms (cache miss)
924 silly packumentCache full:https://registry.npmjs.org/lan-network set size:undefined disposed:false
925 silly fetch manifest source-map-support@~0.5.21
926 silly packumentCache full:https://registry.npmjs.org/source-map-support cache-miss
927 http fetch GET 200 https://registry.npmjs.org/npm-package-arg 140ms (cache miss)
928 silly packumentCache full:https://registry.npmjs.org/npm-package-arg set size:undefined disposed:false
929 silly fetch manifest structured-headers@^0.4.1
930 silly packumentCache full:https://registry.npmjs.org/structured-headers cache-miss
931 http fetch GET 200 https://registry.npmjs.org/expo-server 566ms (cache miss)
932 silly packumentCache full:https://registry.npmjs.org/expo-server set size:undefined disposed:false
933 silly fetch manifest @0no-co/graphql.web@^1.0.8
934 silly packumentCache full:https://registry.npmjs.org/@0no-co%2fgraphql.web cache-miss
935 http fetch GET 200 https://registry.npmjs.org/@expo%2fdevcert 379ms (cache miss)
936 silly packumentCache full:https://registry.npmjs.org/@expo%2fdevcert set size:undefined disposed:false
937 silly fetch manifest require-from-string@^2.0.2
938 silly packumentCache full:https://registry.npmjs.org/require-from-string cache-miss
939 http cache https://registry.npmjs.org/@expo%2fmetro-config 23ms (cache hit)
940 silly packumentCache full:https://registry.npmjs.org/@expo%2fmetro-config set size:1421638 disposed:false
941 silly fetch manifest @urql/exchange-retry@^1.3.0
942 silly packumentCache full:https://registry.npmjs.org/@urql%2fexchange-retry cache-miss
943 http fetch GET 200 https://registry.npmjs.org/resolve.exports 163ms (cache miss)
944 silly packumentCache full:https://registry.npmjs.org/resolve.exports set size:undefined disposed:false
945 silly fetch manifest @expo/package-manager@^1.9.10
946 silly packumentCache full:https://registry.npmjs.org/@expo%2fpackage-manager cache-miss
947 http fetch GET 200 https://registry.npmjs.org/undici 927ms (cache miss)
948 silly packumentCache full:https://registry.npmjs.org/undici set size:undefined disposed:false
949 silly fetch manifest @expo/prebuild-config@^54.0.8
950 silly packumentCache full:https://registry.npmjs.org/@expo%2fprebuild-config cache-miss
951 http fetch GET 200 https://registry.npmjs.org/structured-headers 93ms (cache miss)
952 silly packumentCache full:https://registry.npmjs.org/structured-headers set size:undefined disposed:false
953 silly fetch manifest @react-native/dev-middleware@0.81.5
954 silly packumentCache full:https://registry.npmjs.org/@react-native%2fdev-middleware cache-miss
955 http fetch GET 200 https://registry.npmjs.org/require-from-string 87ms (cache miss)
956 silly packumentCache full:https://registry.npmjs.org/require-from-string set size:undefined disposed:false
957 silly fetch manifest @expo/code-signing-certificates@^0.0.6
958 silly packumentCache full:https://registry.npmjs.org/@expo%2fcode-signing-certificates cache-miss
959 http fetch GET 200 https://registry.npmjs.org/@expo%2fimage-utils 179ms (cache miss)
960 silly packumentCache full:https://registry.npmjs.org/@expo%2fimage-utils set size:undefined disposed:false
961 silly fetch manifest sucrase@~3.35.1
962 silly packumentCache full:https://registry.npmjs.org/sucrase cache-miss
963 http fetch GET 200 https://registry.npmjs.org/@expo%2fxcpretty 410ms (cache miss)
964 silly packumentCache full:https://registry.npmjs.org/@expo%2fxcpretty set size:undefined disposed:false
965 silly fetch manifest deepmerge@^4.3.1
966 silly packumentCache full:https://registry.npmjs.org/deepmerge cache-miss
967 http fetch GET 200 https://registry.npmjs.org/@0no-co%2fgraphql.web 108ms (cache miss)
968 silly packumentCache full:https://registry.npmjs.org/@0no-co%2fgraphql.web set size:undefined disposed:false
969 silly fetch manifest @expo/json-file@^10.0.8
970 silly packumentCache full:https://registry.npmjs.org/@expo%2fjson-file cache-miss
971 http fetch GET 200 https://registry.npmjs.org/@urql%2fexchange-retry 129ms (cache miss)
972 silly packumentCache full:https://registry.npmjs.org/@urql%2fexchange-retry set size:undefined disposed:false
973 silly fetch manifest @babel/code-frame@~7.10.4
974 silly packumentCache full:https://registry.npmjs.org/@babel%2fcode-frame cache-miss
975 http fetch GET 200 https://registry.npmjs.org/@expo%2fcode-signing-certificates 129ms (cache miss)
976 silly packumentCache full:https://registry.npmjs.org/@expo%2fcode-signing-certificates set size:undefined disposed:false
977 silly fetch manifest @expo/config-types@^54.0.10
978 silly packumentCache full:https://registry.npmjs.org/@expo%2fconfig-types cache-miss
979 http fetch GET 200 https://registry.npmjs.org/sucrase 130ms (cache miss)
980 silly packumentCache full:https://registry.npmjs.org/sucrase set size:undefined disposed:false
981 silly fetch manifest resolve-workspace-root@^2.0.0
982 silly packumentCache full:https://registry.npmjs.org/resolve-workspace-root cache-miss
983 http fetch GET 200 https://registry.npmjs.org/@expo%2fplist 803ms (cache miss)
984 silly packumentCache full:https://registry.npmjs.org/@expo%2fplist set size:undefined disposed:false
985 silly fetch manifest chalk@^4.1.2
986 silly packumentCache full:https://registry.npmjs.org/chalk cache-hit
987 silly fetch manifest debug@^4.3.5
988 silly packumentCache full:https://registry.npmjs.org/debug cache-hit
989 silly fetch manifest slash@^3.0.0
990 silly packumentCache full:https://registry.npmjs.org/slash cache-miss
991 http fetch GET 200 https://registry.npmjs.org/slash 112ms (cache miss)
992 silly packumentCache full:https://registry.npmjs.org/slash set size:undefined disposed:false
993 silly fetch manifest xcode@^3.0.1
994 silly packumentCache full:https://registry.npmjs.org/xcode cache-miss
995 http fetch GET 200 https://registry.npmjs.org/source-map-support 359ms (cache miss)
996 silly packumentCache full:https://registry.npmjs.org/source-map-support set size:undefined disposed:false
997 silly fetch manifest semver@^7.5.4
998 silly packumentCache full:https://registry.npmjs.org/semver cache-hit
999 silly fetch manifest xml2js@0.6.0
1000 silly packumentCache full:https://registry.npmjs.org/xml2js cache-miss
1001 http fetch GET 200 https://registry.npmjs.org/@babel%2fcode-frame 212ms (cache miss)
1002 silly packumentCache full:https://registry.npmjs.org/@babel%2fcode-frame set size:undefined disposed:false
1003 silly fetch manifest slugify@^1.6.6
1004 silly packumentCache full:https://registry.npmjs.org/slugify cache-miss
1005 http fetch GET 200 https://registry.npmjs.org/@expo%2fpackage-manager 305ms (cache miss)
1006 silly packumentCache full:https://registry.npmjs.org/@expo%2fpackage-manager set size:undefined disposed:false
1007 silly fetch manifest @expo/json-file@~10.0.8
1008 silly packumentCache full:https://registry.npmjs.org/@expo%2fjson-file cache-miss
1009 http cache https://registry.npmjs.org/slugify 9ms (cache hit)
1010 silly packumentCache full:https://registry.npmjs.org/slugify set size:103522 disposed:false
1011 silly fetch manifest @expo/config-types@^54.0.10
1012 silly packumentCache full:https://registry.npmjs.org/@expo%2fconfig-types cache-miss
1013 http fetch GET 200 https://registry.npmjs.org/@expo%2fschema-utils 413ms (cache miss)
1014 silly packumentCache full:https://registry.npmjs.org/@expo%2fschema-utils set size:undefined disposed:false
1015 silly fetch manifest @expo/sdk-runtime-versions@^1.0.0
1016 silly packumentCache full:https://registry.npmjs.org/@expo%2fsdk-runtime-versions cache-miss
1017 http fetch GET 200 https://registry.npmjs.org/@expo%2fjson-file 624ms (cache miss)
1018 silly packumentCache full:https://registry.npmjs.org/@expo%2fjson-file set size:undefined disposed:false
1019 silly fetch manifest ignore@^5.3.1
1020 silly packumentCache full:https://registry.npmjs.org/ignore cache-miss
1021 http fetch GET 200 https://registry.npmjs.org/@expo%2fjson-file 306ms (cache miss)
1022 silly packumentCache full:https://registry.npmjs.org/@expo%2fjson-file set size:undefined disposed:false
1023 silly fetch manifest p-limit@^3.1.0
1024 silly packumentCache full:https://registry.npmjs.org/p-limit cache-miss
1025 http fetch GET 200 https://registry.npmjs.org/@expo%2fprebuild-config 374ms (cache miss)
1026 silly packumentCache full:https://registry.npmjs.org/@expo%2fprebuild-config set size:undefined disposed:false
1027 silly fetch manifest @expo/spawn-async@^1.7.2
1028 silly packumentCache full:https://registry.npmjs.org/@expo%2fspawn-async cache-miss
1029 http fetch GET 200 https://registry.npmjs.org/deepmerge 356ms (cache miss)
1030 silly packumentCache full:https://registry.npmjs.org/deepmerge set size:undefined disposed:false
1031 silly fetch manifest metro@0.83.3
1032 silly packumentCache full:https://registry.npmjs.org/metro cache-miss
1033 http fetch GET 200 https://registry.npmjs.org/p-limit 73ms (cache revalidated)
1034 silly packumentCache full:https://registry.npmjs.org/p-limit set size:61867 disposed:false
1035 silly fetch manifest metro-core@0.83.3
1036 silly packumentCache full:https://registry.npmjs.org/metro-core cache-miss
1037 http fetch GET 200 https://registry.npmjs.org/resolve-workspace-root 449ms (cache miss)
1038 silly packumentCache full:https://registry.npmjs.org/resolve-workspace-root set size:undefined disposed:false
1039 silly fetch manifest metro-cache@0.83.3
1040 silly packumentCache full:https://registry.npmjs.org/metro-cache cache-miss
1041 http fetch GET 200 https://registry.npmjs.org/metro-cache 144ms (cache miss)
1042 silly packumentCache full:https://registry.npmjs.org/metro-cache set size:undefined disposed:false
1043 silly fetch manifest metro-config@0.83.3
1044 silly packumentCache full:https://registry.npmjs.org/metro-config cache-miss
1045 http fetch GET 200 https://registry.npmjs.org/metro 362ms (cache miss)
1046 silly packumentCache full:https://registry.npmjs.org/metro set size:undefined disposed:false
1047 silly fetch manifest metro-runtime@0.83.3
1048 silly packumentCache full:https://registry.npmjs.org/metro-runtime cache-miss
1049 http cache https://registry.npmjs.org/metro-runtime 10ms (cache hit)
1050 silly packumentCache full:https://registry.npmjs.org/metro-runtime set size:212197 disposed:false
1051 silly fetch manifest metro-file-map@0.83.3
1052 silly packumentCache full:https://registry.npmjs.org/metro-file-map cache-miss
1053 http fetch GET 200 https://registry.npmjs.org/@expo%2fspawn-async 415ms (cache miss)
1054 silly packumentCache full:https://registry.npmjs.org/@expo%2fspawn-async set size:undefined disposed:false
1055 silly fetch manifest metro-resolver@0.83.3
1056 silly packumentCache full:https://registry.npmjs.org/metro-resolver cache-miss
1057 http fetch GET 200 https://registry.npmjs.org/@expo%2fconfig-types 585ms (cache miss)
1058 silly packumentCache full:https://registry.npmjs.org/@expo%2fconfig-types set size:undefined disposed:false
1059 silly fetch manifest metro-cache-key@0.83.3
1060 silly packumentCache full:https://registry.npmjs.org/metro-cache-key cache-miss
1061 http fetch GET 200 https://registry.npmjs.org/@expo%2fspawn-async 977ms (cache miss)
1062 silly packumentCache full:https://registry.npmjs.org/@expo%2fspawn-async set size:undefined disposed:false
1063 silly fetch manifest metro-source-map@0.83.3
1064 silly packumentCache full:https://registry.npmjs.org/metro-source-map cache-miss
1065 http cache https://registry.npmjs.org/metro-source-map 17ms (cache hit)
1066 silly packumentCache full:https://registry.npmjs.org/metro-source-map set size:419987 disposed:false
1067 silly fetch manifest metro-symbolicate@0.83.3
1068 silly packumentCache full:https://registry.npmjs.org/metro-symbolicate cache-miss
1069 http fetch GET 200 https://registry.npmjs.org/@expo%2fconfig-types 829ms (cache miss)
1070 silly packumentCache full:https://registry.npmjs.org/@expo%2fconfig-types set size:undefined disposed:false
1071 silly fetch manifest metro-minify-terser@0.83.3
1072 silly packumentCache full:https://registry.npmjs.org/metro-minify-terser cache-miss
1073 http fetch GET 200 https://registry.npmjs.org/metro-config 263ms (cache miss)
1074 silly packumentCache full:https://registry.npmjs.org/metro-config set size:undefined disposed:false
1075 silly fetch manifest metro-transform-worker@0.83.3
1076 silly packumentCache full:https://registry.npmjs.org/metro-transform-worker cache-miss
1077 http fetch GET 200 https://registry.npmjs.org/metro-core 601ms (cache miss)
1078 silly packumentCache full:https://registry.npmjs.org/metro-core set size:undefined disposed:false
1079 silly fetch manifest metro-babel-transformer@0.83.3
1080 silly packumentCache full:https://registry.npmjs.org/metro-babel-transformer cache-miss
1081 http fetch GET 200 https://registry.npmjs.org/metro-cache-key 133ms (cache miss)
1082 silly packumentCache full:https://registry.npmjs.org/metro-cache-key set size:undefined disposed:false
1083 silly fetch manifest metro-transform-plugins@0.83.3
1084 silly packumentCache full:https://registry.npmjs.org/metro-transform-plugins cache-miss
1085 http fetch GET 200 https://registry.npmjs.org/@react-native%2fdev-middleware 1034ms (cache miss)
1086 silly packumentCache full:https://registry.npmjs.org/@react-native%2fdev-middleware set size:undefined disposed:false
1087 silly fetch manifest chalk@^4.1.0
1088 silly packumentCache full:https://registry.npmjs.org/chalk cache-hit
1089 silly fetch manifest debug@^4.3.2
1090 silly packumentCache full:https://registry.npmjs.org/debug cache-hit
1091 silly fetch manifest dotenv@~16.4.5
1092 silly packumentCache full:https://registry.npmjs.org/dotenv cache-miss
1093 http fetch GET 200 https://registry.npmjs.org/metro-resolver 258ms (cache miss)
1094 silly packumentCache full:https://registry.npmjs.org/metro-resolver set size:undefined disposed:false
1095 silly fetch manifest postcss@~8.4.32
1096 silly packumentCache full:https://registry.npmjs.org/postcss cache-miss
1097 http fetch GET 200 https://registry.npmjs.org/@expo%2fjson-file 840ms (cache miss)
1098 silly packumentCache full:https://registry.npmjs.org/@expo%2fjson-file set size:undefined disposed:false
1099 silly fetch manifest @babel/core@^7.20.0
1100 silly packumentCache full:https://registry.npmjs.org/@babel%2fcore cache-miss
1101 http fetch GET 200 https://registry.npmjs.org/metro-file-map 373ms (cache miss)
1102 silly packumentCache full:https://registry.npmjs.org/metro-file-map set size:undefined disposed:false
1103 silly fetch manifest browserslist@^4.25.0
1104 silly packumentCache full:https://registry.npmjs.org/browserslist cache-miss
1105 http cache https://registry.npmjs.org/@babel%2fcore 13ms (cache hit)
1106 silly packumentCache full:https://registry.npmjs.org/@babel%2fcore set size:760113 disposed:false
1107 silly fetch manifest jsc-safe-url@^0.2.4
1108 silly packumentCache full:https://registry.npmjs.org/jsc-safe-url cache-miss
1109 http fetch GET 200 https://registry.npmjs.org/metro-transform-worker 155ms (cache miss)
1110 silly packumentCache full:https://registry.npmjs.org/metro-transform-worker set size:undefined disposed:false
1111 silly fetch manifest lightningcss@^1.30.1
1112 silly packumentCache full:https://registry.npmjs.org/lightningcss cache-miss
1113 http fetch GET 200 https://registry.npmjs.org/dotenv 114ms (cache revalidated)
1114 silly packumentCache full:https://registry.npmjs.org/dotenv set size:277856 disposed:false
1115 silly fetch manifest dotenv-expand@~11.0.6
1116 silly packumentCache full:https://registry.npmjs.org/dotenv-expand cache-miss
1117 http fetch GET 200 https://registry.npmjs.org/xml2js 907ms (cache miss)
1118 silly packumentCache full:https://registry.npmjs.org/xml2js set size:undefined disposed:false
1119 silly fetch manifest hermes-parser@^0.29.1
1120 silly packumentCache full:https://registry.npmjs.org/hermes-parser cache-miss
1121 http fetch GET 200 https://registry.npmjs.org/ignore 862ms (cache revalidated)
1122 silly packumentCache full:https://registry.npmjs.org/ignore set size:237380 disposed:false
1123 silly fetch manifest @babel/generator@^7.20.5
1124 silly packumentCache full:https://registry.npmjs.org/@babel%2fgenerator cache-miss
1125 http fetch GET 200 https://registry.npmjs.org/metro-minify-terser 236ms (cache miss)
1126 silly packumentCache full:https://registry.npmjs.org/metro-minify-terser set size:undefined disposed:false
1127 silly fetch manifest @babel/code-frame@^7.20.0
1128 silly packumentCache full:https://registry.npmjs.org/@babel%2fcode-frame cache-miss
1129 http cache https://registry.npmjs.org/@babel%2fcode-frame 11ms (cache hit)
1130 silly packumentCache full:https://registry.npmjs.org/@babel%2fcode-frame set size:196196 disposed:false
1131 silly fetch manifest @babel/preset-react@^7.22.15
1132 silly packumentCache full:https://registry.npmjs.org/@babel%2fpreset-react cache-miss
1133 http fetch GET 200 https://registry.npmjs.org/jsc-safe-url 83ms (cache miss)
1134 silly packumentCache full:https://registry.npmjs.org/jsc-safe-url set size:undefined disposed:false
1135 silly fetch manifest @babel/preset-typescript@^7.23.0
1136 silly packumentCache full:https://registry.npmjs.org/@babel%2fpreset-typescript cache-miss
1137 http fetch GET 200 https://registry.npmjs.org/@expo%2fsdk-runtime-versions 913ms (cache miss)
1138 silly packumentCache full:https://registry.npmjs.org/@expo%2fsdk-runtime-versions set size:undefined disposed:false
1139 silly fetch manifest @react-native/babel-preset@0.81.5
1140 silly packumentCache full:https://registry.npmjs.org/@react-native%2fbabel-preset cache-miss
1141 http fetch GET 200 https://registry.npmjs.org/hermes-parser 152ms (cache miss)
1142 silly packumentCache full:https://registry.npmjs.org/hermes-parser set size:undefined disposed:false
1143 silly fetch manifest babel-plugin-react-compiler@^1.0.0
1144 silly packumentCache full:https://registry.npmjs.org/babel-plugin-react-compiler cache-miss
1145 http fetch GET 200 https://registry.npmjs.org/metro-symbolicate 441ms (cache miss)
1146 silly packumentCache full:https://registry.npmjs.org/metro-symbolicate set size:undefined disposed:false
1147 silly fetch manifest @babel/helper-module-imports@^7.25.9
1148 silly packumentCache full:https://registry.npmjs.org/@babel%2fhelper-module-imports cache-miss
1149 http fetch GET 200 https://registry.npmjs.org/@babel%2fpreset-typescript 118ms (cache miss)
1150 silly packumentCache full:https://registry.npmjs.org/@babel%2fpreset-typescript set size:undefined disposed:false
1151 silly fetch manifest babel-plugin-react-native-web@~0.21.0
1152 silly packumentCache full:https://registry.npmjs.org/babel-plugin-react-native-web cache-miss
1153 http fetch GET 200 https://registry.npmjs.org/postcss 293ms (cache miss)
1154 silly packumentCache full:https://registry.npmjs.org/postcss set size:undefined disposed:false
1155 silly fetch manifest @babel/plugin-transform-runtime@^7.24.7
1156 silly packumentCache full:https://registry.npmjs.org/@babel%2fplugin-transform-runtime cache-miss
1157 http fetch GET 200 https://registry.npmjs.org/metro-babel-transformer 344ms (cache miss)
1158 silly packumentCache full:https://registry.npmjs.org/metro-babel-transformer set size:undefined disposed:false
1159 silly fetch manifest @babel/plugin-proposal-decorators@^7.12.9
1160 silly packumentCache full:https://registry.npmjs.org/@babel%2fplugin-proposal-decorators cache-miss
1161 http fetch GET 200 https://registry.npmjs.org/metro-transform-plugins 394ms (cache miss)
1162 silly packumentCache full:https://registry.npmjs.org/metro-transform-plugins set size:undefined disposed:false
1163 silly fetch manifest babel-plugin-syntax-hermes-parser@^0.29.1
1164 silly packumentCache full:https://registry.npmjs.org/babel-plugin-syntax-hermes-parser cache-miss
1165 http fetch GET 200 https://registry.npmjs.org/dotenv-expand 242ms (cache miss)
1166 silly packumentCache full:https://registry.npmjs.org/dotenv-expand set size:undefined disposed:false
1167 silly fetch manifest babel-plugin-transform-flow-enums@^0.0.2
1168 silly packumentCache full:https://registry.npmjs.org/babel-plugin-transform-flow-enums cache-miss
1169 http cache https://registry.npmjs.org/babel-plugin-syntax-hermes-parser 18ms (cache hit)
1170 silly packumentCache full:https://registry.npmjs.org/babel-plugin-syntax-hermes-parser set size:100651 disposed:false
1171 silly fetch manifest @babel/plugin-transform-parameters@^7.24.7
1172 silly packumentCache full:https://registry.npmjs.org/@babel%2fplugin-transform-parameters cache-miss
1173 http fetch GET 200 https://registry.npmjs.org/@babel%2fgenerator 278ms (cache miss)
1174 silly packumentCache full:https://registry.npmjs.org/@babel%2fgenerator set size:undefined disposed:false
1175 silly fetch manifest @babel/plugin-transform-private-methods@^7.24.7
1176 silly packumentCache full:https://registry.npmjs.org/@babel%2fplugin-transform-private-methods cache-miss
1177 http fetch GET 200 https://registry.npmjs.org/lightningcss 461ms (cache miss)
1178 silly packumentCache full:https://registry.npmjs.org/lightningcss set size:undefined disposed:false
1179 silly fetch manifest @babel/plugin-syntax-export-default-from@^7.24.7
1180 silly packumentCache full:https://registry.npmjs.org/@babel%2fplugin-syntax-export-default-from cache-miss
1181 http fetch GET 200 https://registry.npmjs.org/babel-plugin-react-native-web 282ms (cache miss)
1182 silly packumentCache full:https://registry.npmjs.org/babel-plugin-react-native-web set size:undefined disposed:false
1183 silly fetch manifest @babel/plugin-transform-flow-strip-types@^7.25.2
1184 silly packumentCache full:https://registry.npmjs.org/@babel%2fplugin-transform-flow-strip-types cache-miss
1185 http fetch GET 200 https://registry.npmjs.org/@babel%2fplugin-syntax-export-default-from 136ms (cache miss)
1186 silly packumentCache full:https://registry.npmjs.org/@babel%2fplugin-syntax-export-default-from set size:undefined disposed:false
1187 silly fetch manifest @babel/plugin-transform-modules-commonjs@^7.24.8
1188 silly packumentCache full:https://registry.npmjs.org/@babel%2fplugin-transform-modules-commonjs cache-miss
1189 http fetch GET 200 https://registry.npmjs.org/babel-plugin-transform-flow-enums 379ms (cache miss)
1190 silly packumentCache full:https://registry.npmjs.org/babel-plugin-transform-flow-enums set size:undefined disposed:false
1191 silly fetch manifest @babel/plugin-proposal-export-default-from@^7.24.7
1192 silly packumentCache full:https://registry.npmjs.org/@babel%2fplugin-proposal-export-default-from cache-miss
1193 http fetch GET 200 https://registry.npmjs.org/@babel%2fplugin-transform-flow-strip-types 159ms (cache miss)
1194 silly packumentCache full:https://registry.npmjs.org/@babel%2fplugin-transform-flow-strip-types set size:undefined disposed:false
1195 silly fetch manifest @babel/plugin-transform-class-static-block@^7.27.1
1196 silly packumentCache full:https://registry.npmjs.org/@babel%2fplugin-transform-class-static-block cache-miss
1197 http fetch GET 200 https://registry.npmjs.org/@babel%2fpreset-react 570ms (cache miss)
1198 silly packumentCache full:https://registry.npmjs.org/@babel%2fpreset-react set size:undefined disposed:false
1199 silly fetch manifest @babel/plugin-transform-object-rest-spread@^7.24.7
1200 silly packumentCache full:https://registry.npmjs.org/@babel%2fplugin-transform-object-rest-spread cache-miss
1201 http fetch GET 200 https://registry.npmjs.org/browserslist 663ms (cache miss)
1202 silly packumentCache full:https://registry.npmjs.org/browserslist set size:undefined disposed:false
1203 silly fetch manifest @babel/plugin-transform-export-namespace-from@^7.25.9
1204 silly packumentCache full:https://registry.npmjs.org/@babel%2fplugin-transform-export-namespace-from cache-miss
1205 http fetch GET 200 https://registry.npmjs.org/@babel%2fplugin-proposal-decorators 544ms (cache miss)
1206 silly packumentCache full:https://registry.npmjs.org/@babel%2fplugin-proposal-decorators set size:undefined disposed:false
1207 silly fetch manifest @babel/plugin-transform-private-property-in-object@^7.24.7
1208 silly packumentCache full:https://registry.npmjs.org/@babel%2fplugin-transform-private-property-in-object cache-miss
1209 http fetch GET 200 https://registry.npmjs.org/@babel%2fplugin-transform-object-rest-spread 118ms (cache miss)
1210 silly packumentCache full:https://registry.npmjs.org/@babel%2fplugin-transform-object-rest-spread set size:undefined disposed:false
1211 silly fetch manifest expo-constants@~18.0.12
1212 silly packumentCache full:https://registry.npmjs.org/expo-constants cache-hit
1213 silly fetch manifest commander@^7.2.0
1214 silly packumentCache full:https://registry.npmjs.org/commander cache-miss
1215 http fetch GET 200 https://registry.npmjs.org/@babel%2fplugin-transform-export-namespace-from 119ms (cache miss)
1216 silly packumentCache full:https://registry.npmjs.org/@babel%2fplugin-transform-export-namespace-from set size:undefined disposed:false
1217 silly fetch manifest buffer@^5.4.3
1218 silly packumentCache full:https://registry.npmjs.org/buffer cache-miss
1219 http cache https://registry.npmjs.org/commander 19ms (cache hit)
1220 silly packumentCache full:https://registry.npmjs.org/commander set size:306325 disposed:false
1221 silly fetch manifest punycode@^2.1.1
1222 silly packumentCache full:https://registry.npmjs.org/punycode cache-miss
1223 http fetch GET 200 https://registry.npmjs.org/@babel%2fplugin-transform-private-methods 476ms (cache miss)
1224 silly packumentCache full:https://registry.npmjs.org/@babel%2fplugin-transform-private-methods set size:undefined disposed:false
1225 silly fetch manifest webidl-conversions@^5.0.0
1226 silly packumentCache full:https://registry.npmjs.org/webidl-conversions cache-miss
1227 http fetch GET 200 https://registry.npmjs.org/@babel%2fplugin-transform-parameters 523ms (cache miss)
1228 silly packumentCache full:https://registry.npmjs.org/@babel%2fplugin-transform-parameters set size:undefined disposed:false
1229 http fetch GET 200 https://registry.npmjs.org/@babel%2fplugin-transform-modules-commonjs 208ms (cache miss)
1230 silly packumentCache full:https://registry.npmjs.org/@babel%2fplugin-transform-modules-commonjs set size:undefined disposed:false
1231 http fetch GET 200 https://registry.npmjs.org/@babel%2fhelper-module-imports 637ms (cache miss)
1232 silly packumentCache full:https://registry.npmjs.org/@babel%2fhelper-module-imports set size:undefined disposed:false
1233 http fetch GET 200 https://registry.npmjs.org/@babel%2fplugin-proposal-export-default-from 194ms (cache miss)
1234 silly packumentCache full:https://registry.npmjs.org/@babel%2fplugin-proposal-export-default-from set size:undefined disposed:false
1235 http fetch GET 200 https://registry.npmjs.org/buffer 114ms (cache miss)
1236 silly packumentCache full:https://registry.npmjs.org/buffer set size:undefined disposed:false
1237 http fetch GET 200 https://registry.npmjs.org/@babel%2fplugin-transform-runtime 804ms (cache miss)
1238 silly packumentCache full:https://registry.npmjs.org/@babel%2fplugin-transform-runtime set size:undefined disposed:false
1239 http fetch GET 200 https://registry.npmjs.org/@babel%2fplugin-transform-class-static-block 368ms (cache miss)
1240 silly packumentCache full:https://registry.npmjs.org/@babel%2fplugin-transform-class-static-block set size:undefined disposed:false
1241 http fetch GET 200 https://registry.npmjs.org/@react-native%2fbabel-preset 994ms (cache miss)
1242 silly packumentCache full:https://registry.npmjs.org/@react-native%2fbabel-preset set size:undefined disposed:false
1243 http fetch GET 200 https://registry.npmjs.org/punycode 342ms (cache revalidated)
1244 silly packumentCache full:https://registry.npmjs.org/punycode set size:61302 disposed:false
1245 http fetch GET 200 https://registry.npmjs.org/@babel%2fplugin-transform-private-property-in-object 379ms (cache miss)
1246 silly packumentCache full:https://registry.npmjs.org/@babel%2fplugin-transform-private-property-in-object set size:undefined disposed:false
1247 http fetch GET 200 https://registry.npmjs.org/webidl-conversions 408ms (cache revalidated)
1248 silly packumentCache full:https://registry.npmjs.org/webidl-conversions set size:46073 disposed:false
1249 http fetch GET 200 https://registry.npmjs.org/xcode 2842ms (cache miss)
1250 silly packumentCache full:https://registry.npmjs.org/xcode set size:undefined disposed:false
1251 http fetch GET 200 https://registry.npmjs.org/babel-plugin-react-compiler 1996ms (cache miss)
1252 silly packumentCache full:https://registry.npmjs.org/babel-plugin-react-compiler set size:undefined disposed:false
1253 silly placeDep ROOT @babel/code-frame@7.10.4 OK for: @expo/config@12.0.13 want: ~7.10.4
1254 silly placeDep ROOT @expo/config-types@54.0.10 OK for: @expo/config@12.0.13 want: ^54.0.10
1255 silly placeDep ROOT @expo/json-file@10.0.13 OK for: @expo/config@12.0.13 want: ^10.0.8
1256 silly placeDep ROOT deepmerge@4.3.1 OK for: @expo/config@12.0.13 want: ^4.3.1
1257 silly placeDep ROOT getenv@2.0.0 OK for: @expo/config@12.0.13 want: ^2.0.0
1258 silly placeDep ROOT glob@13.0.6 OK for: @expo/config@12.0.13 want: ^13.0.0
1259 silly placeDep ROOT require-from-string@2.0.2 OK for: @expo/config@12.0.13 want: ^2.0.2
1260 silly placeDep ROOT resolve-from@5.0.0 OK for: @expo/config@12.0.13 want: ^5.0.0
1261 silly placeDep ROOT resolve-workspace-root@2.0.1 OK for: @expo/config@12.0.13 want: ^2.0.0
1262 silly placeDep ROOT semver@7.7.4 OK for: @expo/config@12.0.13 want: ^7.6.0
1263 silly placeDep ROOT slugify@1.6.9 OK for: @expo/config@12.0.13 want: ^1.3.4
1264 silly placeDep ROOT sucrase@3.35.1 OK for: @expo/config@12.0.13 want: ~3.35.1
1265 silly fetch manifest @babel/highlight@^7.10.4
1266 silly packumentCache full:https://registry.npmjs.org/@babel%2fhighlight cache-miss
1267 silly fetch manifest json5@^2.2.3
1268 silly packumentCache full:https://registry.npmjs.org/json5 cache-miss
1269 silly fetch manifest minimatch@^10.2.2
1270 silly packumentCache full:https://registry.npmjs.org/minimatch cache-hit
1271 silly fetch manifest minipass@^7.1.3
1272 silly packumentCache full:https://registry.npmjs.org/minipass cache-miss
1273 silly fetch manifest path-scurry@^2.0.2
1274 silly packumentCache full:https://registry.npmjs.org/path-scurry cache-miss
1275 silly fetch manifest @jridgewell/gen-mapping@^0.3.2
1276 silly packumentCache full:https://registry.npmjs.org/@jridgewell%2fgen-mapping cache-miss
1277 silly fetch manifest commander@^4.0.0
1278 silly packumentCache full:https://registry.npmjs.org/commander cache-hit
1279 silly fetch manifest lines-and-columns@^1.1.6
1280 silly packumentCache full:https://registry.npmjs.org/lines-and-columns cache-miss
1281 silly fetch manifest mz@^2.7.0
1282 silly packumentCache full:https://registry.npmjs.org/mz cache-miss
1283 silly fetch manifest pirates@^4.0.1
1284 silly packumentCache full:https://registry.npmjs.org/pirates cache-miss
1285 silly fetch manifest tinyglobby@^0.2.11
1286 silly packumentCache full:https://registry.npmjs.org/tinyglobby cache-miss
1287 silly fetch manifest ts-interface-checker@^0.1.9
1288 silly packumentCache full:https://registry.npmjs.org/ts-interface-checker cache-miss
1289 http fetch GET 200 https://registry.npmjs.org/path-scurry 105ms (cache miss)
1290 silly packumentCache full:https://registry.npmjs.org/path-scurry set size:undefined disposed:false
1291 http fetch GET 200 https://registry.npmjs.org/pirates 105ms (cache miss)
1292 silly packumentCache full:https://registry.npmjs.org/pirates set size:undefined disposed:false
1293 http fetch GET 200 https://registry.npmjs.org/mz 106ms (cache miss)
1294 silly packumentCache full:https://registry.npmjs.org/mz set size:undefined disposed:false
1295 http fetch GET 200 https://registry.npmjs.org/lines-and-columns 166ms (cache miss)
1296 silly packumentCache full:https://registry.npmjs.org/lines-and-columns set size:undefined disposed:false
1297 http fetch GET 200 https://registry.npmjs.org/tinyglobby 167ms (cache miss)
1298 silly packumentCache full:https://registry.npmjs.org/tinyglobby set size:undefined disposed:false
1299 http fetch GET 200 https://registry.npmjs.org/@babel%2fhighlight 201ms (cache miss)
1300 silly packumentCache full:https://registry.npmjs.org/@babel%2fhighlight set size:undefined disposed:false
1301 http fetch GET 200 https://registry.npmjs.org/ts-interface-checker 202ms (cache miss)
1302 silly packumentCache full:https://registry.npmjs.org/ts-interface-checker set size:undefined disposed:false
1303 http fetch GET 200 https://registry.npmjs.org/minipass 203ms (cache miss)
1304 silly packumentCache full:https://registry.npmjs.org/minipass set size:undefined disposed:false
1305 http fetch GET 200 https://registry.npmjs.org/@jridgewell%2fgen-mapping 267ms (cache miss)
1306 silly packumentCache full:https://registry.npmjs.org/@jridgewell%2fgen-mapping set size:undefined disposed:false
1307 http fetch GET 200 https://registry.npmjs.org/json5 397ms (cache miss)
1308 silly packumentCache full:https://registry.npmjs.org/json5 set size:undefined disposed:false
1309 silly placeDep ROOT @babel/highlight@7.25.9 OK for: @babel/code-frame@7.10.4 want: ^7.10.4
1310 silly fetch manifest @babel/helper-validator-identifier@^7.25.9
1311 silly packumentCache full:https://registry.npmjs.org/@babel%2fhelper-validator-identifier cache-miss
1312 silly fetch manifest chalk@^2.4.2
1313 silly packumentCache full:https://registry.npmjs.org/chalk cache-hit
1314 silly fetch manifest js-tokens@^4.0.0
1315 silly packumentCache full:https://registry.npmjs.org/js-tokens cache-miss
1316 silly fetch manifest picocolors@^1.0.0
1317 silly packumentCache full:https://registry.npmjs.org/picocolors cache-miss
1318 http fetch GET 200 https://registry.npmjs.org/js-tokens 129ms (cache miss)
1319 silly packumentCache full:https://registry.npmjs.org/js-tokens set size:undefined disposed:false
1320 http fetch GET 200 https://registry.npmjs.org/picocolors 142ms (cache miss)
1321 silly packumentCache full:https://registry.npmjs.org/picocolors set size:undefined disposed:false
1322 http fetch GET 200 https://registry.npmjs.org/@babel%2fhelper-validator-identifier 143ms (cache miss)
1323 silly packumentCache full:https://registry.npmjs.org/@babel%2fhelper-validator-identifier set size:undefined disposed:false
1324 silly placeDep ROOT @babel/helper-validator-identifier@7.28.5 OK for: @babel/highlight@7.25.9 want: ^7.25.9
1325 silly placeDep ROOT chalk@2.4.2 OK for: @babel/highlight@7.25.9 want: ^2.4.2
1326 silly placeDep ROOT js-tokens@4.0.0 OK for: @babel/highlight@7.25.9 want: ^4.0.0
1327 silly placeDep ROOT picocolors@1.1.1 OK for: @babel/highlight@7.25.9 want: ^1.0.0
1328 silly fetch manifest ansi-styles@^3.2.1
1329 silly packumentCache full:https://registry.npmjs.org/ansi-styles cache-hit
1330 silly fetch manifest supports-color@^5.3.0
1331 silly packumentCache full:https://registry.npmjs.org/supports-color cache-miss
1332 silly fetch manifest escape-string-regexp@^1.0.5
1333 silly packumentCache full:https://registry.npmjs.org/escape-string-regexp cache-hit
1334 http fetch GET 200 https://registry.npmjs.org/supports-color 71ms (cache revalidated)
1335 silly packumentCache full:https://registry.npmjs.org/supports-color set size:118680 disposed:false
1336 silly placeDep ROOT @expo/plist@0.4.8 OK for: @expo/config-plugins@54.0.4 want: ^0.4.8
1337 silly placeDep ROOT @expo/sdk-runtime-versions@1.0.0 OK for: @expo/config-plugins@54.0.4 want: ^1.0.0
1338 silly placeDep node_modules/@expo/config-plugins chalk@4.1.2 OK for: @expo/config-plugins@54.0.4 want: ^4.1.2
1339 silly placeDep ROOT debug@4.4.3 OK for: @expo/config-plugins@54.0.4 want: ^4.3.5
1340 silly placeDep ROOT slash@3.0.0 OK for: @expo/config-plugins@54.0.4 want: ^3.0.0
1341 silly placeDep ROOT xcode@3.0.1 OK for: @expo/config-plugins@54.0.4 want: ^3.0.1
1342 silly placeDep ROOT xml2js@0.6.0 OK for: @expo/config-plugins@54.0.4 want: 0.6.0
1343 silly fetch manifest base64-js@^1.2.3
1344 silly packumentCache full:https://registry.npmjs.org/base64-js cache-hit
1345 silly fetch manifest xmlbuilder@^15.1.1
1346 silly packumentCache full:https://registry.npmjs.org/xmlbuilder cache-miss
1347 silly fetch manifest @xmldom/xmldom@^0.8.8
1348 silly packumentCache full:https://registry.npmjs.org/@xmldom%2fxmldom cache-miss
1349 silly fetch manifest ansi-styles@^4.1.0
1350 silly packumentCache full:https://registry.npmjs.org/ansi-styles cache-hit
1351 silly fetch manifest supports-color@^7.1.0
1352 silly packumentCache full:https://registry.npmjs.org/supports-color cache-hit
1353 silly fetch manifest ms@^2.1.3
1354 silly packumentCache full:https://registry.npmjs.org/ms cache-miss
1355 silly fetch manifest uuid@^7.0.3
1356 silly packumentCache full:https://registry.npmjs.org/uuid cache-miss
1357 silly fetch manifest simple-plist@^1.1.0
1358 silly packumentCache full:https://registry.npmjs.org/simple-plist cache-miss
1359 silly fetch manifest sax@>=0.6.0
1360 silly packumentCache full:https://registry.npmjs.org/sax cache-miss
1361 silly fetch manifest xmlbuilder@~11.0.0
1362 silly packumentCache full:https://registry.npmjs.org/xmlbuilder cache-miss
1363 http fetch GET 200 https://registry.npmjs.org/ms 73ms (cache revalidated)
1364 silly packumentCache full:https://registry.npmjs.org/ms set size:92208 disposed:false
1365 http fetch GET 200 https://registry.npmjs.org/uuid 75ms (cache revalidated)
1366 silly packumentCache full:https://registry.npmjs.org/uuid set size:233177 disposed:false
1367 http fetch GET 200 https://registry.npmjs.org/simple-plist 81ms (cache miss)
1368 silly packumentCache full:https://registry.npmjs.org/simple-plist set size:undefined disposed:false
1369 http fetch GET 200 https://registry.npmjs.org/xmlbuilder 81ms (cache revalidated)
1370 silly packumentCache full:https://registry.npmjs.org/xmlbuilder set size:158707 disposed:false
1371 http fetch GET 200 https://registry.npmjs.org/xmlbuilder 84ms (cache revalidated)
1372 silly packumentCache full:https://registry.npmjs.org/xmlbuilder set size:158707 disposed:false
1373 silly packumentCache full:https://registry.npmjs.org/xmlbuilder dispose
1374 http fetch GET 200 https://registry.npmjs.org/sax 95ms (cache miss)
1375 silly packumentCache full:https://registry.npmjs.org/sax set size:undefined disposed:false
1376 http fetch GET 200 https://registry.npmjs.org/@xmldom%2fxmldom 443ms (cache miss)
1377 silly packumentCache full:https://registry.npmjs.org/@xmldom%2fxmldom set size:undefined disposed:false
1378 silly placeDep node_modules/@expo/devtools chalk@4.1.2 OK for: @expo/devtools@0.1.8 want: ^4.1.2
1379 silly placeDep ROOT @expo/spawn-async@1.7.2 OK for: @expo/fingerprint@0.15.4 want: ^1.7.2
1380 silly placeDep ROOT arg@5.0.2 OK for: @expo/fingerprint@0.15.4 want: ^5.0.2
1381 silly placeDep node_modules/@expo/fingerprint chalk@4.1.2 OK for: @expo/fingerprint@0.15.4 want: ^4.1.2
1382 silly placeDep ROOT ignore@5.3.2 OK for: @expo/fingerprint@0.15.4 want: ^5.3.1
1383 silly placeDep ROOT minimatch@9.0.9 OK for: @expo/fingerprint@0.15.4 want: ^9.0.0
1384 silly placeDep ROOT p-limit@3.1.0 OK for: @expo/fingerprint@0.15.4 want: ^3.1.0
1385 silly fetch manifest cross-spawn@^7.0.3
1386 silly packumentCache full:https://registry.npmjs.org/cross-spawn cache-miss
1387 silly fetch manifest brace-expansion@^2.0.2
1388 silly packumentCache full:https://registry.npmjs.org/brace-expansion cache-miss
1389 silly fetch manifest yocto-queue@^0.1.0
1390 silly packumentCache full:https://registry.npmjs.org/yocto-queue cache-miss
1391 http fetch GET 200 https://registry.npmjs.org/yocto-queue 114ms (cache revalidated)
1392 silly packumentCache full:https://registry.npmjs.org/yocto-queue set size:20256 disposed:false
1393 http fetch GET 200 https://registry.npmjs.org/brace-expansion 158ms (cache revalidated)
1394 silly packumentCache full:https://registry.npmjs.org/brace-expansion set size:65768 disposed:false
1395 http fetch GET 200 https://registry.npmjs.org/cross-spawn 159ms (cache revalidated)
1396 silly packumentCache full:https://registry.npmjs.org/cross-spawn set size:109066 disposed:false
1397 silly placeDep node_modules/@expo/json-file @babel/code-frame@7.29.0 OK for: @expo/json-file@10.0.13 want: ^7.20.0
1398 silly placeDep ROOT json5@2.2.3 OK for: @expo/json-file@10.0.13 want: ^2.2.3
1399 silly placeDep ROOT metro@0.83.3 OK for: @expo/metro@54.2.0 want: 0.83.3
1400 silly placeDep ROOT metro-babel-transformer@0.83.3 OK for: @expo/metro@54.2.0 want: 0.83.3
1401 silly placeDep ROOT metro-cache@0.83.3 OK for: @expo/metro@54.2.0 want: 0.83.3
1402 silly placeDep ROOT metro-cache-key@0.83.3 OK for: @expo/metro@54.2.0 want: 0.83.3
1403 silly placeDep ROOT metro-config@0.83.3 OK for: @expo/metro@54.2.0 want: 0.83.3
1404 silly placeDep ROOT metro-core@0.83.3 OK for: @expo/metro@54.2.0 want: 0.83.3
1405 silly placeDep ROOT metro-file-map@0.83.3 OK for: @expo/metro@54.2.0 want: 0.83.3
1406 silly placeDep ROOT metro-minify-terser@0.83.3 OK for: @expo/metro@54.2.0 want: 0.83.3
1407 silly placeDep ROOT metro-resolver@0.83.3 OK for: @expo/metro@54.2.0 want: 0.83.3
1408 silly placeDep ROOT metro-runtime@0.83.3 OK for: @expo/metro@54.2.0 want: 0.83.3
1409 silly placeDep ROOT metro-source-map@0.83.3 OK for: @expo/metro@54.2.0 want: 0.83.3
1410 silly placeDep ROOT metro-symbolicate@0.83.3 OK for: @expo/metro@54.2.0 want: 0.83.3
1411 silly placeDep ROOT metro-transform-plugins@0.83.3 OK for: @expo/metro@54.2.0 want: 0.83.3
1412 silly placeDep ROOT metro-transform-worker@0.83.3 OK for: @expo/metro@54.2.0 want: 0.83.3
1413 silly fetch manifest ws@^7.5.10
1414 silly packumentCache full:https://registry.npmjs.org/ws cache-hit
1415 silly fetch manifest throat@^5.0.0
1416 silly packumentCache full:https://registry.npmjs.org/throat cache-miss
1417 silly fetch manifest accepts@^1.3.7
1418 silly packumentCache full:https://registry.npmjs.org/accepts cache-hit
1419 silly fetch manifest ci-info@^2.0.0
1420 silly packumentCache full:https://registry.npmjs.org/ci-info cache-miss
1421 silly fetch manifest connect@^3.6.5
1422 silly packumentCache full:https://registry.npmjs.org/connect cache-miss
1423 silly fetch manifest image-size@^1.0.2
1424 silly packumentCache full:https://registry.npmjs.org/image-size cache-miss
1425 silly fetch manifest mime-types@^2.1.27
1426 silly packumentCache full:https://registry.npmjs.org/mime-types cache-hit
1427 silly fetch manifest source-map@^0.5.6
1428 silly packumentCache full:https://registry.npmjs.org/source-map cache-miss
1429 silly fetch manifest @babel/core@^7.25.2
1430 silly packumentCache full:https://registry.npmjs.org/@babel%2fcore cache-hit
1431 silly fetch manifest graceful-fs@^4.2.4
1432 silly packumentCache full:https://registry.npmjs.org/graceful-fs cache-miss
1433 silly fetch manifest jest-worker@^29.7.0
1434 silly packumentCache full:https://registry.npmjs.org/jest-worker cache-miss
1435 silly fetch manifest @babel/types@^7.25.2
1436 silly packumentCache full:https://registry.npmjs.org/@babel%2ftypes cache-miss
1437 silly fetch manifest jsc-safe-url@^0.2.2
1438 silly packumentCache full:https://registry.npmjs.org/jsc-safe-url cache-miss
1439 silly fetch manifest @babel/parser@^7.25.3
1440 silly packumentCache full:https://registry.npmjs.org/@babel%2fparser cache-miss
1441 silly fetch manifest hermes-parser@0.32.0
1442 silly packumentCache full:https://registry.npmjs.org/hermes-parser cache-miss
1443 silly fetch manifest @babel/template@^7.25.0
1444 silly packumentCache full:https://registry.npmjs.org/@babel%2ftemplate cache-miss
1445 silly fetch manifest @babel/traverse@^7.25.3
1446 silly packumentCache full:https://registry.npmjs.org/@babel%2ftraverse cache-miss
1447 http cache https://registry.npmjs.org/jsc-safe-url 5ms (cache hit)
1448 silly packumentCache full:https://registry.npmjs.org/jsc-safe-url set size:13143 disposed:false
1449 silly fetch manifest lodash.throttle@^4.1.1
1450 silly packumentCache full:https://registry.npmjs.org/lodash.throttle cache-miss
1451 http cache https://registry.npmjs.org/ci-info 9ms (cache hit)
1452 silly packumentCache full:https://registry.npmjs.org/ci-info set size:91363 disposed:false
1453 silly fetch manifest serialize-error@^2.1.0
1454 silly packumentCache full:https://registry.npmjs.org/serialize-error cache-miss
1455 http cache https://registry.npmjs.org/hermes-parser 8ms (cache hit)
1456 silly packumentCache full:https://registry.npmjs.org/hermes-parser set size:165055 disposed:false
1457 silly fetch manifest @babel/generator@^7.25.0
1458 silly packumentCache full:https://registry.npmjs.org/@babel%2fgenerator cache-miss
1459 http cache https://registry.npmjs.org/connect 15ms (cache hit)
1460 silly packumentCache full:https://registry.npmjs.org/connect set size:438385 disposed:false
1461 silly fetch manifest @babel/code-frame@^7.24.7
1462 silly packumentCache full:https://registry.npmjs.org/@babel%2fcode-frame cache-hit
1463 silly fetch manifest error-stack-parser@^2.0.6
1464 silly packumentCache full:https://registry.npmjs.org/error-stack-parser cache-miss
1465 http cache https://registry.npmjs.org/@babel%2fgenerator 11ms (cache hit)
1466 silly packumentCache full:https://registry.npmjs.org/@babel%2fgenerator set size:507107 disposed:false
1467 silly fetch manifest https-proxy-agent@^7.0.5
1468 silly packumentCache full:https://registry.npmjs.org/https-proxy-agent cache-miss
1469 http fetch GET 200 https://registry.npmjs.org/source-map 194ms (cache miss)
1470 silly packumentCache full:https://registry.npmjs.org/source-map set size:undefined disposed:false
1471 silly fetch manifest exponential-backoff@^3.1.1
1472 silly packumentCache full:https://registry.npmjs.org/exponential-backoff cache-miss
1473 http fetch GET 200 https://registry.npmjs.org/graceful-fs 209ms (cache miss)
1474 silly packumentCache full:https://registry.npmjs.org/graceful-fs set size:undefined disposed:false
1475 silly fetch manifest yaml@^2.6.1
1476 silly packumentCache full:https://registry.npmjs.org/yaml cache-miss
1477 http fetch GET 200 https://registry.npmjs.org/image-size 232ms (cache miss)
1478 silly packumentCache full:https://registry.npmjs.org/image-size set size:undefined disposed:false
1479 silly fetch manifest jest-validate@^29.7.0
1480 silly packumentCache full:https://registry.npmjs.org/jest-validate cache-miss
1481 http fetch GET 200 https://registry.npmjs.org/@babel%2ftemplate 292ms (cache miss)
1482 silly packumentCache full:https://registry.npmjs.org/@babel%2ftemplate set size:undefined disposed:false
1483 silly fetch manifest lodash.throttle@^4.1.1
1484 silly packumentCache full:https://registry.npmjs.org/lodash.throttle cache-miss
1485 http fetch GET 200 https://registry.npmjs.org/throat 298ms (cache miss)
1486 silly packumentCache full:https://registry.npmjs.org/throat set size:undefined disposed:false
1487 silly fetch manifest walker@^1.0.7
1488 silly packumentCache full:https://registry.npmjs.org/walker cache-miss
1489 http fetch GET 200 https://registry.npmjs.org/exponential-backoff 171ms (cache miss)
1490 silly packumentCache full:https://registry.npmjs.org/exponential-backoff set size:undefined disposed:false
1491 silly fetch manifest micromatch@^4.0.4
1492 silly packumentCache full:https://registry.npmjs.org/micromatch cache-miss
1493 http fetch GET 200 https://registry.npmjs.org/lodash.throttle 96ms (cache miss)
1494 silly packumentCache full:https://registry.npmjs.org/lodash.throttle set size:undefined disposed:false
1495 silly fetch manifest fb-watchman@^2.0.0
1496 silly packumentCache full:https://registry.npmjs.org/fb-watchman cache-miss
1497 http fetch GET 200 https://registry.npmjs.org/@babel%2fparser 393ms (cache miss)
1498 silly packumentCache full:https://registry.npmjs.org/@babel%2fparser set size:undefined disposed:false
1499 silly fetch manifest jest-worker@^29.7.0
1500 silly packumentCache full:https://registry.npmjs.org/jest-worker cache-miss
1501 http fetch GET 200 https://registry.npmjs.org/yaml 187ms (cache miss)
1502 silly packumentCache full:https://registry.npmjs.org/yaml set size:undefined disposed:false
1503 silly fetch manifest terser@^5.15.0
1504 silly packumentCache full:https://registry.npmjs.org/terser cache-miss
1505 http fetch GET 200 https://registry.npmjs.org/walker 103ms (cache miss)
1506 silly packumentCache full:https://registry.npmjs.org/walker set size:undefined disposed:false
1507 silly fetch manifest ob1@0.83.3
1508 silly packumentCache full:https://registry.npmjs.org/ob1 cache-miss
1509 http fetch GET 200 https://registry.npmjs.org/fb-watchman 74ms (cache miss)
1510 silly packumentCache full:https://registry.npmjs.org/fb-watchman set size:undefined disposed:false
1511 silly fetch manifest vlq@^1.0.0
1512 silly packumentCache full:https://registry.npmjs.org/vlq cache-miss
1513 http fetch GET 200 https://registry.npmjs.org/error-stack-parser 477ms (cache miss)
1514 silly packumentCache full:https://registry.npmjs.org/error-stack-parser set size:undefined disposed:false
1515 silly fetch manifest @babel/types@^7.25.2
1516 silly packumentCache full:https://registry.npmjs.org/@babel%2ftypes cache-miss
1517 http fetch GET 200 https://registry.npmjs.org/micromatch 130ms (cache miss)
1518 silly packumentCache full:https://registry.npmjs.org/micromatch set size:undefined disposed:false
1519 silly fetch manifest @babel/traverse@^7.25.3
1520 silly packumentCache full:https://registry.npmjs.org/@babel%2ftraverse cache-miss
1521 http fetch GET 200 https://registry.npmjs.org/vlq 81ms (cache miss)
1522 silly packumentCache full:https://registry.npmjs.org/vlq set size:undefined disposed:false
1523 silly fetch manifest @babel/traverse--for-generate-function-map@npm:@babel/traverse@^7.25.3
1524 silly packumentCache full:https://registry.npmjs.org/@babel%2ftraverse cache-miss
1525 http fetch GET 200 https://registry.npmjs.org/jest-validate 330ms (cache miss)
1526 silly packumentCache full:https://registry.npmjs.org/jest-validate set size:undefined disposed:false
1527 silly fetch manifest @babel/traverse@^7.25.3
1528 silly packumentCache full:https://registry.npmjs.org/@babel%2ftraverse cache-miss
1529 http fetch GET 200 https://registry.npmjs.org/jest-worker 602ms (cache miss)
1530 silly packumentCache full:https://registry.npmjs.org/jest-worker set size:undefined disposed:false
1531 silly fetch manifest @babel/types@^7.25.2
1532 silly packumentCache full:https://registry.npmjs.org/@babel%2ftypes cache-miss
1533 http fetch GET 200 https://registry.npmjs.org/terser 221ms (cache miss)
1534 silly packumentCache full:https://registry.npmjs.org/terser set size:undefined disposed:false
1535 http fetch GET 200 https://registry.npmjs.org/jest-worker 255ms (cache miss)
1536 silly packumentCache full:https://registry.npmjs.org/jest-worker set size:undefined disposed:false
1537 http fetch GET 200 https://registry.npmjs.org/@babel%2ftraverse 156ms (cache miss)
1538 silly packumentCache full:https://registry.npmjs.org/@babel%2ftraverse set size:undefined disposed:false
1539 http fetch GET 200 https://registry.npmjs.org/lodash.throttle 759ms (cache miss)
1540 silly packumentCache full:https://registry.npmjs.org/lodash.throttle set size:undefined disposed:false
1541 http fetch GET 200 https://registry.npmjs.org/serialize-error 758ms (cache miss)
1542 silly packumentCache full:https://registry.npmjs.org/serialize-error set size:undefined disposed:false
1543 http fetch GET 200 https://registry.npmjs.org/https-proxy-agent 746ms (cache revalidated)
1544 silly packumentCache full:https://registry.npmjs.org/https-proxy-agent set size:81258 disposed:false
1545 http fetch GET 200 https://registry.npmjs.org/@babel%2ftraverse 227ms (cache miss)
1546 silly packumentCache full:https://registry.npmjs.org/@babel%2ftraverse set size:undefined disposed:false
1547 http fetch GET 200 https://registry.npmjs.org/@babel%2ftraverse 218ms (cache miss)
1548 silly packumentCache full:https://registry.npmjs.org/@babel%2ftraverse set size:undefined disposed:false
1549 http fetch GET 200 https://registry.npmjs.org/ob1 660ms (cache miss)
1550 silly packumentCache full:https://registry.npmjs.org/ob1 set size:undefined disposed:false
1551 http fetch GET 200 https://registry.npmjs.org/@babel%2ftypes 593ms (cache miss)
1552 silly packumentCache full:https://registry.npmjs.org/@babel%2ftypes set size:undefined disposed:false
1553 http fetch GET 200 https://registry.npmjs.org/@babel%2ftypes 1094ms (cache miss)
1554 silly packumentCache full:https://registry.npmjs.org/@babel%2ftypes set size:undefined disposed:false
1555 http fetch GET 200 https://registry.npmjs.org/@babel%2ftraverse 1398ms (cache miss)
1556 silly packumentCache full:https://registry.npmjs.org/@babel%2ftraverse set size:undefined disposed:false
1557 http fetch GET 200 https://registry.npmjs.org/@babel%2ftypes 801ms (cache miss)
1558 silly packumentCache full:https://registry.npmjs.org/@babel%2ftypes set size:undefined disposed:false
1559 silly placeDep node_modules/@expo/metro-config @babel/code-frame@7.29.0 OK for: @expo/metro-config@54.0.14 want: ^7.20.0
1560 silly placeDep ROOT @babel/core@7.29.0 OK for: @expo/metro-config@54.0.14 want: ^7.20.0
1561 silly placeDep ROOT @babel/generator@7.29.1 OK for: @expo/metro-config@54.0.14 want: ^7.20.5
1562 silly placeDep ROOT @expo/env@2.0.11 OK for: @expo/metro-config@54.0.14 want: ~2.0.8
1563 silly placeDep ROOT browserslist@4.28.2 OK for: @expo/metro-config@54.0.14 want: ^4.25.0
1564 silly placeDep node_modules/@expo/metro-config chalk@4.1.2 OK for: @expo/metro-config@54.0.14 want: ^4.1.0
1565 silly placeDep ROOT dotenv@16.4.7 OK for: @expo/metro-config@54.0.14 want: ~16.4.5
1566 silly placeDep ROOT dotenv-expand@11.0.7 OK for: @expo/metro-config@54.0.14 want: ~11.0.6
1567 silly placeDep ROOT hermes-parser@0.29.1 OK for: @expo/metro-config@54.0.14 want: ^0.29.1
1568 silly placeDep ROOT jsc-safe-url@0.2.4 OK for: @expo/metro-config@54.0.14 want: ^0.2.4
1569 silly placeDep ROOT lightningcss@1.32.0 OK for: @expo/metro-config@54.0.14 want: ^1.30.1
1570 silly placeDep ROOT postcss@8.4.49 OK for: @expo/metro-config@54.0.14 want: ~8.4.32
1571 silly fetch manifest semver@^6.3.1
1572 silly packumentCache full:https://registry.npmjs.org/semver cache-hit
1573 silly fetch manifest gensync@^1.0.0-beta.2
1574 silly packumentCache full:https://registry.npmjs.org/gensync cache-miss
1575 silly fetch manifest @babel/types@^7.29.0
1576 silly packumentCache full:https://registry.npmjs.org/@babel%2ftypes cache-miss
1577 silly fetch manifest @babel/parser@^7.29.0
1578 silly packumentCache full:https://registry.npmjs.org/@babel%2fparser cache-miss
1579 silly fetch manifest @babel/helpers@^7.28.6
1580 silly packumentCache full:https://registry.npmjs.org/@babel%2fhelpers cache-miss
1581 silly fetch manifest @babel/template@^7.28.6
1582 silly packumentCache full:https://registry.npmjs.org/@babel%2ftemplate cache-miss
1583 silly fetch manifest @babel/traverse@^7.29.0
1584 silly packumentCache full:https://registry.npmjs.org/@babel%2ftraverse cache-miss
1585 silly fetch manifest @babel/generator@^7.29.0
1586 silly packumentCache full:https://registry.npmjs.org/@babel%2fgenerator cache-hit
1587 silly fetch manifest @babel/code-frame@^7.29.0
1588 silly packumentCache full:https://registry.npmjs.org/@babel%2fcode-frame cache-hit
1589 silly fetch manifest convert-source-map@^2.0.0
1590 silly packumentCache full:https://registry.npmjs.org/convert-source-map cache-miss
1591 silly fetch manifest @jridgewell/remapping@^2.3.5
1592 silly packumentCache full:https://registry.npmjs.org/@jridgewell%2fremapping cache-miss
1593 silly fetch manifest @babel/helper-module-transforms@^7.28.6
1594 silly packumentCache full:https://registry.npmjs.org/@babel%2fhelper-module-transforms cache-miss
1595 silly fetch manifest @babel/helper-compilation-targets@^7.28.6
1596 silly packumentCache full:https://registry.npmjs.org/@babel%2fhelper-compilation-targets cache-miss
1597 silly fetch manifest jsesc@^3.0.2
1598 silly packumentCache full:https://registry.npmjs.org/jsesc cache-miss
1599 silly fetch manifest @babel/types@^7.29.0
1600 silly packumentCache full:https://registry.npmjs.org/@babel%2ftypes cache-miss
1601 silly fetch manifest @babel/parser@^7.29.0
1602 silly packumentCache full:https://registry.npmjs.org/@babel%2fparser cache-miss
1603 http cache https://registry.npmjs.org/@babel%2ftemplate 26ms (cache hit)
1604 silly packumentCache full:https://registry.npmjs.org/@babel%2ftemplate set size:227169 disposed:false
1605 silly fetch manifest @jridgewell/gen-mapping@^0.3.12
1606 silly packumentCache full:https://registry.npmjs.org/@jridgewell%2fgen-mapping cache-miss
1607 http cache https://registry.npmjs.org/@babel%2ftraverse 28ms (cache hit)
1608 silly packumentCache full:https://registry.npmjs.org/@babel%2ftraverse set size:548722 disposed:false
1609 silly fetch manifest @jridgewell/trace-mapping@^0.3.28
1610 silly packumentCache full:https://registry.npmjs.org/@jridgewell%2ftrace-mapping cache-miss
1611 http cache https://registry.npmjs.org/@babel%2fparser 28ms (cache hit)
1612 silly packumentCache full:https://registry.npmjs.org/@babel%2fparser set size:718758 disposed:false
1613 silly fetch manifest baseline-browser-mapping@^2.10.12
1614 silly packumentCache full:https://registry.npmjs.org/baseline-browser-mapping cache-miss
1615 http cache https://registry.npmjs.org/@babel%2ftypes 32ms (cache hit)
1616 silly packumentCache full:https://registry.npmjs.org/@babel%2ftypes set size:487885 disposed:false
1617 silly fetch manifest caniuse-lite@^1.0.30001782
1618 silly packumentCache full:https://registry.npmjs.org/caniuse-lite cache-miss
1619 http cache https://registry.npmjs.org/@babel%2ftypes 36ms (cache hit)
1620 silly packumentCache full:https://registry.npmjs.org/@babel%2ftypes set size:487885 disposed:false
1621 silly packumentCache full:https://registry.npmjs.org/@babel%2ftypes dispose
1622 silly fetch manifest electron-to-chromium@^1.5.328
1623 silly packumentCache full:https://registry.npmjs.org/electron-to-chromium cache-miss
1624 http cache https://registry.npmjs.org/@babel%2fparser 38ms (cache hit)
1625 silly packumentCache full:https://registry.npmjs.org/@babel%2fparser set size:718758 disposed:false
1626 silly packumentCache full:https://registry.npmjs.org/@babel%2fparser dispose
1627 silly fetch manifest node-releases@^2.0.36
1628 silly packumentCache full:https://registry.npmjs.org/node-releases cache-miss
1629 http cache https://registry.npmjs.org/@jridgewell%2fgen-mapping 18ms (cache hit)
1630 silly packumentCache full:https://registry.npmjs.org/@jridgewell%2fgen-mapping set size:80719 disposed:false
1631 silly fetch manifest update-browserslist-db@^1.2.3
1632 silly packumentCache full:https://registry.npmjs.org/update-browserslist-db cache-miss
1633 http fetch GET 200 https://registry.npmjs.org/convert-source-map 78ms (cache miss)
1634 silly packumentCache full:https://registry.npmjs.org/convert-source-map set size:undefined disposed:false
1635 silly fetch manifest hermes-estree@0.29.1
1636 silly packumentCache full:https://registry.npmjs.org/hermes-estree cache-miss
1637 http fetch GET 200 https://registry.npmjs.org/gensync 80ms (cache miss)
1638 silly packumentCache full:https://registry.npmjs.org/gensync set size:undefined disposed:false
1639 silly fetch manifest detect-libc@^2.0.3
1640 silly packumentCache full:https://registry.npmjs.org/detect-libc cache-miss
1641 http fetch GET 200 https://registry.npmjs.org/@jridgewell%2ftrace-mapping 115ms (cache miss)
1642 silly packumentCache full:https://registry.npmjs.org/@jridgewell%2ftrace-mapping set size:undefined disposed:false
1643 silly fetch manifest lightningcss-darwin-x64@1.32.0
1644 silly packumentCache full:https://registry.npmjs.org/lightningcss-darwin-x64 cache-miss
1645 http fetch GET 200 https://registry.npmjs.org/update-browserslist-db 105ms (cache miss)
1646 silly packumentCache full:https://registry.npmjs.org/update-browserslist-db set size:undefined disposed:false
1647 silly fetch manifest lightningcss-linux-x64-gnu@1.32.0
1648 silly packumentCache full:https://registry.npmjs.org/lightningcss-linux-x64-gnu cache-miss
1649 http fetch GET 200 https://registry.npmjs.org/hermes-estree 93ms (cache miss)
1650 silly packumentCache full:https://registry.npmjs.org/hermes-estree set size:undefined disposed:false
1651 silly fetch manifest lightningcss-win32-x64-msvc@1.32.0
1652 silly packumentCache full:https://registry.npmjs.org/lightningcss-win32-x64-msvc cache-miss
1653 http fetch GET 200 https://registry.npmjs.org/detect-libc 94ms (cache miss)
1654 silly packumentCache full:https://registry.npmjs.org/detect-libc set size:undefined disposed:false
1655 silly fetch manifest lightningcss-win32-arm64-msvc@1.32.0
1656 silly packumentCache full:https://registry.npmjs.org/lightningcss-win32-arm64-msvc cache-miss
1657 http fetch GET 200 https://registry.npmjs.org/lightningcss-darwin-x64 73ms (cache miss)
1658 silly packumentCache full:https://registry.npmjs.org/lightningcss-darwin-x64 set size:undefined disposed:false
1659 silly fetch manifest lightningcss-darwin-arm64@1.32.0
1660 silly packumentCache full:https://registry.npmjs.org/lightningcss-darwin-arm64 cache-miss
1661 http fetch GET 200 https://registry.npmjs.org/@babel%2fhelpers 220ms (cache miss)
1662 silly packumentCache full:https://registry.npmjs.org/@babel%2fhelpers set size:undefined disposed:false
1663 silly fetch manifest lightningcss-linux-arm64-gnu@1.32.0
1664 silly packumentCache full:https://registry.npmjs.org/lightningcss-linux-arm64-gnu cache-miss
1665 http fetch GET 200 https://registry.npmjs.org/lightningcss-win32-arm64-msvc 79ms (cache miss)
1666 silly packumentCache full:https://registry.npmjs.org/lightningcss-win32-arm64-msvc set size:undefined disposed:false
1667 silly fetch manifest lightningcss-linux-arm-gnueabihf@1.32.0
1668 silly packumentCache full:https://registry.npmjs.org/lightningcss-linux-arm-gnueabihf cache-miss
1669 http fetch GET 200 https://registry.npmjs.org/lightningcss-win32-x64-msvc 102ms (cache miss)
1670 silly packumentCache full:https://registry.npmjs.org/lightningcss-win32-x64-msvc set size:undefined disposed:false
1671 silly fetch manifest lightningcss-linux-arm64-musl@1.32.0
1672 silly packumentCache full:https://registry.npmjs.org/lightningcss-linux-arm64-musl cache-miss
1673 http fetch GET 200 https://registry.npmjs.org/lightningcss-darwin-arm64 82ms (cache miss)
1674 silly packumentCache full:https://registry.npmjs.org/lightningcss-darwin-arm64 set size:undefined disposed:false
1675 silly fetch manifest lightningcss-linux-x64-musl@1.32.0
1676 silly packumentCache full:https://registry.npmjs.org/lightningcss-linux-x64-musl cache-miss
1677 http fetch GET 200 https://registry.npmjs.org/lightningcss-linux-arm64-gnu 81ms (cache miss)
1678 silly packumentCache full:https://registry.npmjs.org/lightningcss-linux-arm64-gnu set size:undefined disposed:false
1679 silly fetch manifest lightningcss-freebsd-x64@1.32.0
1680 silly packumentCache full:https://registry.npmjs.org/lightningcss-freebsd-x64 cache-miss
1681 http fetch GET 200 https://registry.npmjs.org/lightningcss-linux-x64-gnu 172ms (cache miss)
1682 silly packumentCache full:https://registry.npmjs.org/lightningcss-linux-x64-gnu set size:undefined disposed:false
1683 silly fetch manifest lightningcss-android-arm64@1.32.0
1684 silly packumentCache full:https://registry.npmjs.org/lightningcss-android-arm64 cache-miss
1685 http fetch GET 200 https://registry.npmjs.org/lightningcss-linux-arm-gnueabihf 90ms (cache miss)
1686 silly packumentCache full:https://registry.npmjs.org/lightningcss-linux-arm-gnueabihf set size:undefined disposed:false
1687 silly fetch manifest source-map-js@^1.2.1
1688 silly packumentCache full:https://registry.npmjs.org/source-map-js cache-miss
1689 http fetch GET 200 https://registry.npmjs.org/jsesc 353ms (cache miss)
1690 silly packumentCache full:https://registry.npmjs.org/jsesc set size:undefined disposed:false
1691 http fetch GET 200 https://registry.npmjs.org/lightningcss-freebsd-x64 69ms (cache miss)
1692 silly packumentCache full:https://registry.npmjs.org/lightningcss-freebsd-x64 set size:undefined disposed:false
1693 http fetch GET 200 https://registry.npmjs.org/lightningcss-linux-x64-musl 88ms (cache miss)
1694 silly packumentCache full:https://registry.npmjs.org/lightningcss-linux-x64-musl set size:undefined disposed:false
1695 http fetch GET 200 https://registry.npmjs.org/lightningcss-android-arm64 105ms (cache miss)
1696 silly packumentCache full:https://registry.npmjs.org/lightningcss-android-arm64 set size:undefined disposed:false
1697 http fetch GET 200 https://registry.npmjs.org/@babel%2fhelper-module-transforms 479ms (cache miss)
1698 silly packumentCache full:https://registry.npmjs.org/@babel%2fhelper-module-transforms set size:undefined disposed:false
1699 http fetch GET 200 https://registry.npmjs.org/node-releases 480ms (cache miss)
1700 silly packumentCache full:https://registry.npmjs.org/node-releases set size:undefined disposed:false
1701 http fetch GET 200 https://registry.npmjs.org/@babel%2fhelper-compilation-targets 585ms (cache miss)
1702 silly packumentCache full:https://registry.npmjs.org/@babel%2fhelper-compilation-targets set size:undefined disposed:false
1703 http fetch GET 200 https://registry.npmjs.org/lightningcss-linux-arm64-musl 338ms (cache miss)
1704 silly packumentCache full:https://registry.npmjs.org/lightningcss-linux-arm64-musl set size:undefined disposed:false
1705 http fetch GET 200 https://registry.npmjs.org/@jridgewell%2fremapping 626ms (cache miss)
1706 silly packumentCache full:https://registry.npmjs.org/@jridgewell%2fremapping set size:undefined disposed:false
1707 http fetch GET 200 https://registry.npmjs.org/baseline-browser-mapping 736ms (cache miss)
1708 silly packumentCache full:https://registry.npmjs.org/baseline-browser-mapping set size:undefined disposed:false
1709 http fetch GET 200 https://registry.npmjs.org/source-map-js 896ms (cache miss)
1710 silly packumentCache full:https://registry.npmjs.org/source-map-js set size:undefined disposed:false
1711 http fetch GET 200 https://registry.npmjs.org/electron-to-chromium 1774ms (cache miss)
1712 silly packumentCache full:https://registry.npmjs.org/electron-to-chromium set size:undefined disposed:false
1713 http fetch GET 200 https://registry.npmjs.org/caniuse-lite 1920ms (cache miss)
1714 silly packumentCache full:https://registry.npmjs.org/caniuse-lite set size:undefined disposed:false
1715 silly fetch manifest @babel/core@^7.0.0
1716 silly packumentCache full:https://registry.npmjs.org/@babel%2fcore cache-hit
1717 silly placeDep node_modules/@babel/core @babel/code-frame@7.29.0 OK for: @babel/core@7.29.0 want: ^7.29.0
1718 silly placeDep ROOT @babel/helper-compilation-targets@7.28.6 OK for: @babel/core@7.29.0 want: ^7.28.6
1719 silly placeDep ROOT @babel/helper-module-transforms@7.28.6 OK for: @babel/core@7.29.0 want: ^7.28.6
1720 silly placeDep ROOT @babel/helpers@7.29.2 OK for: @babel/core@7.29.0 want: ^7.28.6
1721 silly placeDep ROOT @babel/parser@7.29.2 OK for: @babel/core@7.29.0 want: ^7.29.0
1722 silly placeDep ROOT @babel/template@7.28.6 OK for: @babel/core@7.29.0 want: ^7.28.6
1723 silly placeDep ROOT @babel/traverse@7.29.0 OK for: @babel/core@7.29.0 want: ^7.29.0
1724 silly placeDep ROOT @babel/types@7.29.0 OK for: @babel/core@7.29.0 want: ^7.29.0
1725 silly placeDep ROOT @jridgewell/remapping@2.3.5 OK for: @babel/core@7.29.0 want: ^2.3.5
1726 silly placeDep ROOT convert-source-map@2.0.0 OK for: @babel/core@7.29.0 want: ^2.0.0
1727 silly placeDep ROOT gensync@1.0.0-beta.2 OK for: @babel/core@7.29.0 want: ^1.0.0-beta.2
1728 silly placeDep node_modules/@babel/core semver@6.3.1 OK for: @babel/core@7.29.0 want: ^6.3.1
1729 silly fetch manifest lru-cache@^5.1.1
1730 silly packumentCache full:https://registry.npmjs.org/lru-cache cache-miss
1731 silly fetch manifest @babel/compat-data@^7.28.6
1732 silly packumentCache full:https://registry.npmjs.org/@babel%2fcompat-data cache-miss
1733 silly fetch manifest @babel/helper-validator-option@^7.27.1
1734 silly packumentCache full:https://registry.npmjs.org/@babel%2fhelper-validator-option cache-miss
1735 silly fetch manifest @babel/traverse@^7.28.6
1736 silly packumentCache full:https://registry.npmjs.org/@babel%2ftraverse cache-hit
1737 silly fetch manifest @babel/helper-module-imports@^7.28.6
1738 silly packumentCache full:https://registry.npmjs.org/@babel%2fhelper-module-imports cache-miss
1739 silly fetch manifest @babel/types@^7.28.6
1740 silly packumentCache full:https://registry.npmjs.org/@babel%2ftypes cache-hit
1741 silly fetch manifest @babel/code-frame@^7.28.6
1742 silly packumentCache full:https://registry.npmjs.org/@babel%2fcode-frame cache-hit
1743 silly fetch manifest @babel/helper-globals@^7.28.0
1744 silly packumentCache full:https://registry.npmjs.org/@babel%2fhelper-globals cache-miss
1745 silly fetch manifest @babel/helper-string-parser@^7.27.1
1746 silly packumentCache full:https://registry.npmjs.org/@babel%2fhelper-string-parser cache-miss
1747 silly fetch manifest @jridgewell/gen-mapping@^0.3.5
1748 silly packumentCache full:https://registry.npmjs.org/@jridgewell%2fgen-mapping cache-hit
1749 silly fetch manifest @jridgewell/trace-mapping@^0.3.24
1750 silly packumentCache full:https://registry.npmjs.org/@jridgewell%2ftrace-mapping cache-miss
1751 http cache https://registry.npmjs.org/@jridgewell%2ftrace-mapping 8ms (cache hit)
1752 silly packumentCache full:https://registry.npmjs.org/@jridgewell%2ftrace-mapping set size:170909 disposed:false
1753 http cache https://registry.npmjs.org/@babel%2fhelper-module-imports 12ms (cache hit)
1754 silly packumentCache full:https://registry.npmjs.org/@babel%2fhelper-module-imports set size:193449 disposed:false
1755 http fetch GET 200 https://registry.npmjs.org/@babel%2fhelper-globals 118ms (cache miss)
1756 silly packumentCache full:https://registry.npmjs.org/@babel%2fhelper-globals set size:undefined disposed:false
1757 http fetch GET 200 https://registry.npmjs.org/@babel%2fhelper-string-parser 119ms (cache miss)
1758 silly packumentCache full:https://registry.npmjs.org/@babel%2fhelper-string-parser set size:undefined disposed:false
1759 http fetch GET 200 https://registry.npmjs.org/@babel%2fhelper-validator-option 141ms (cache miss)
1760 silly packumentCache full:https://registry.npmjs.org/@babel%2fhelper-validator-option set size:undefined disposed:false
1761 http fetch GET 200 https://registry.npmjs.org/@babel%2fcompat-data 176ms (cache miss)
1762 silly packumentCache full:https://registry.npmjs.org/@babel%2fcompat-data set size:undefined disposed:false
1763 http fetch GET 200 https://registry.npmjs.org/lru-cache 232ms (cache miss)
1764 silly packumentCache full:https://registry.npmjs.org/lru-cache set size:undefined disposed:false
1765 silly placeDep ROOT @jridgewell/gen-mapping@0.3.13 OK for: @babel/generator@7.29.1 want: ^0.3.12
1766 silly placeDep ROOT @jridgewell/trace-mapping@0.3.31 OK for: @babel/generator@7.29.1 want: ^0.3.28
1767 silly placeDep ROOT jsesc@3.1.0 OK for: @babel/generator@7.29.1 want: ^3.0.2
1768 silly fetch manifest @jridgewell/sourcemap-codec@^1.5.0
1769 silly packumentCache full:https://registry.npmjs.org/@jridgewell%2fsourcemap-codec cache-miss
1770 silly fetch manifest @jridgewell/resolve-uri@^3.1.0
1771 silly packumentCache full:https://registry.npmjs.org/@jridgewell%2fresolve-uri cache-miss
1772 silly fetch manifest @jridgewell/sourcemap-codec@^1.4.14
1773 silly packumentCache full:https://registry.npmjs.org/@jridgewell%2fsourcemap-codec cache-miss
1774 http fetch GET 200 https://registry.npmjs.org/@jridgewell%2fsourcemap-codec 486ms (cache miss)
1775 silly packumentCache full:https://registry.npmjs.org/@jridgewell%2fsourcemap-codec set size:undefined disposed:false
1776 http fetch GET 200 https://registry.npmjs.org/@jridgewell%2fsourcemap-codec 487ms (cache miss)
1777 silly packumentCache full:https://registry.npmjs.org/@jridgewell%2fsourcemap-codec set size:undefined disposed:false
1778 http fetch GET 200 https://registry.npmjs.org/@jridgewell%2fresolve-uri 1023ms (cache miss)
1779 silly packumentCache full:https://registry.npmjs.org/@jridgewell%2fresolve-uri set size:undefined disposed:false
1780 silly placeDep ROOT @babel/compat-data@7.29.0 OK for: @babel/helper-compilation-targets@7.28.6 want: ^7.28.6
1781 silly placeDep ROOT @babel/helper-validator-option@7.27.1 OK for: @babel/helper-compilation-targets@7.28.6 want: ^7.27.1
1782 silly placeDep ROOT lru-cache@5.1.1 OK for: @babel/helper-compilation-targets@7.28.6 want: ^5.1.1
1783 silly placeDep node_modules/@babel/helper-compilation-targets semver@6.3.1 OK for: @babel/helper-compilation-targets@7.28.6 want: ^6.3.1
1784 silly fetch manifest yallist@^3.0.2
1785 silly packumentCache full:https://registry.npmjs.org/yallist cache-miss
1786 http fetch GET 200 https://registry.npmjs.org/yallist 70ms (cache miss)
1787 silly packumentCache full:https://registry.npmjs.org/yallist set size:undefined disposed:false
1788 silly placeDep ROOT @babel/helper-module-imports@7.28.6 OK for: @babel/helper-module-transforms@7.28.6 want: ^7.28.6
1789 silly placeDep node_modules/@babel/template @babel/code-frame@7.29.0 OK for: @babel/template@7.28.6 want: ^7.28.6
1790 silly placeDep node_modules/@babel/traverse @babel/code-frame@7.29.0 OK for: @babel/traverse@7.29.0 want: ^7.29.0
1791 silly placeDep ROOT @babel/helper-globals@7.28.0 OK for: @babel/traverse@7.29.0 want: ^7.28.0
1792 silly placeDep ROOT @babel/helper-string-parser@7.27.1 OK for: @babel/types@7.29.0 want: ^7.27.1
1793 silly placeDep node_modules/@expo/env chalk@4.1.2 OK for: @expo/env@2.0.11 want: ^4.0.0
1794 silly placeDep ROOT @xmldom/xmldom@0.8.13 OK for: @expo/plist@0.4.8 want: ^0.8.8
1795 silly placeDep ROOT base64-js@1.5.1 OK for: @expo/plist@0.4.8 want: ^1.2.3
1796 silly placeDep ROOT xmlbuilder@15.1.1 OK for: @expo/plist@0.4.8 want: ^15.1.1
1797 silly placeDep ROOT cross-spawn@7.0.6 OK for: @expo/spawn-async@1.7.2 want: ^7.0.3
1798 silly fetch manifest which@^2.0.1
1799 silly packumentCache full:https://registry.npmjs.org/which cache-miss
1800 silly fetch manifest path-key@^3.1.0
1801 silly packumentCache full:https://registry.npmjs.org/path-key cache-miss
1802 silly fetch manifest shebang-command@^2.0.0
1803 silly packumentCache full:https://registry.npmjs.org/shebang-command cache-miss
1804 http fetch GET 200 https://registry.npmjs.org/shebang-command 62ms (cache revalidated)
1805 silly packumentCache full:https://registry.npmjs.org/shebang-command set size:8525 disposed:false
1806 http fetch GET 200 https://registry.npmjs.org/path-key 62ms (cache revalidated)
1807 silly packumentCache full:https://registry.npmjs.org/path-key set size:16975 disposed:false
1808 http fetch GET 200 https://registry.npmjs.org/which 64ms (cache revalidated)
1809 silly packumentCache full:https://registry.npmjs.org/which set size:67698 disposed:false
1810 silly placeDep ROOT @jridgewell/sourcemap-codec@1.5.5 OK for: @jridgewell/gen-mapping@0.3.13 want: ^1.5.0
1811 silly placeDep ROOT @jridgewell/resolve-uri@3.1.2 OK for: @jridgewell/trace-mapping@0.3.31 want: ^3.1.0
1812 silly fetch manifest @babel/core@^7.0.0-0
1813 silly packumentCache full:https://registry.npmjs.org/@babel%2fcore cache-hit
1814 silly fetch manifest @babel/core@^7.12.0
1815 silly packumentCache full:https://registry.npmjs.org/@babel%2fcore cache-hit
1816 silly placeDep ROOT @babel/plugin-proposal-decorators@7.29.0 OK for: babel-preset-expo@54.0.10 want: ^7.12.9
1817 silly placeDep ROOT @babel/plugin-proposal-export-default-from@7.27.1 OK for: babel-preset-expo@54.0.10 want: ^7.24.7
1818 silly placeDep ROOT @babel/plugin-syntax-export-default-from@7.28.6 OK for: babel-preset-expo@54.0.10 want: ^7.24.7
1819 silly placeDep ROOT @babel/plugin-transform-class-static-block@7.28.6 OK for: babel-preset-expo@54.0.10 want: ^7.27.1
1820 silly placeDep ROOT @babel/plugin-transform-export-namespace-from@7.27.1 OK for: babel-preset-expo@54.0.10 want: ^7.25.9
1821 silly placeDep ROOT @babel/plugin-transform-flow-strip-types@7.27.1 OK for: babel-preset-expo@54.0.10 want: ^7.25.2
1822 silly placeDep ROOT @babel/plugin-transform-modules-commonjs@7.28.6 OK for: babel-preset-expo@54.0.10 want: ^7.24.8
1823 silly placeDep ROOT @babel/plugin-transform-object-rest-spread@7.28.6 OK for: babel-preset-expo@54.0.10 want: ^7.24.7
1824 silly placeDep ROOT @babel/plugin-transform-parameters@7.27.7 OK for: babel-preset-expo@54.0.10 want: ^7.24.7
1825 silly placeDep ROOT @babel/plugin-transform-private-methods@7.28.6 OK for: babel-preset-expo@54.0.10 want: ^7.24.7
1826 silly placeDep ROOT @babel/plugin-transform-private-property-in-object@7.28.6 OK for: babel-preset-expo@54.0.10 want: ^7.24.7
1827 silly placeDep ROOT @babel/plugin-transform-runtime@7.29.0 OK for: babel-preset-expo@54.0.10 want: ^7.24.7
1828 silly placeDep ROOT @babel/preset-react@7.28.5 OK for: babel-preset-expo@54.0.10 want: ^7.22.15
1829 silly placeDep ROOT @babel/preset-typescript@7.28.5 OK for: babel-preset-expo@54.0.10 want: ^7.23.0
1830 silly placeDep ROOT @react-native/babel-preset@0.81.5 OK for: babel-preset-expo@54.0.10 want: 0.81.5
1831 silly placeDep ROOT babel-plugin-react-compiler@1.0.0 OK for: babel-preset-expo@54.0.10 want: ^1.0.0
1832 silly placeDep ROOT babel-plugin-react-native-web@0.21.2 OK for: babel-preset-expo@54.0.10 want: ~0.21.0
1833 silly placeDep ROOT babel-plugin-syntax-hermes-parser@0.29.1 OK for: babel-preset-expo@54.0.10 want: ^0.29.1
1834 silly placeDep ROOT babel-plugin-transform-flow-enums@0.0.2 OK for: babel-preset-expo@54.0.10 want: ^0.0.2
1835 silly fetch manifest @babel/helper-plugin-utils@^7.28.6
1836 silly packumentCache full:https://registry.npmjs.org/@babel%2fhelper-plugin-utils cache-miss
1837 silly fetch manifest @babel/plugin-syntax-decorators@^7.28.6
1838 silly packumentCache full:https://registry.npmjs.org/@babel%2fplugin-syntax-decorators cache-miss
1839 silly fetch manifest @babel/helper-create-class-features-plugin@^7.28.6
1840 silly packumentCache full:https://registry.npmjs.org/@babel%2fhelper-create-class-features-plugin cache-miss
1841 silly fetch manifest @babel/helper-plugin-utils@^7.27.1
1842 silly packumentCache full:https://registry.npmjs.org/@babel%2fhelper-plugin-utils cache-miss
1843 silly fetch manifest @babel/helper-plugin-utils@^7.28.6
1844 silly packumentCache full:https://registry.npmjs.org/@babel%2fhelper-plugin-utils cache-miss
1845 silly fetch manifest @babel/helper-plugin-utils@^7.28.6
1846 silly packumentCache full:https://registry.npmjs.org/@babel%2fhelper-plugin-utils cache-miss
1847 silly fetch manifest @babel/helper-create-class-features-plugin@^7.28.6
1848 silly packumentCache full:https://registry.npmjs.org/@babel%2fhelper-create-class-features-plugin cache-miss
1849 silly fetch manifest @babel/helper-plugin-utils@^7.27.1
1850 silly packumentCache full:https://registry.npmjs.org/@babel%2fhelper-plugin-utils cache-miss
1851 silly fetch manifest @babel/plugin-syntax-flow@^7.27.1
1852 silly packumentCache full:https://registry.npmjs.org/@babel%2fplugin-syntax-flow cache-miss
1853 silly fetch manifest @babel/helper-plugin-utils@^7.27.1
1854 silly packumentCache full:https://registry.npmjs.org/@babel%2fhelper-plugin-utils cache-miss
1855 silly fetch manifest @babel/helper-plugin-utils@^7.28.6
1856 silly packumentCache full:https://registry.npmjs.org/@babel%2fhelper-plugin-utils cache-miss
1857 silly fetch manifest @babel/helper-plugin-utils@^7.28.6
1858 silly packumentCache full:https://registry.npmjs.org/@babel%2fhelper-plugin-utils cache-miss
1859 silly fetch manifest @babel/plugin-transform-parameters@^7.27.7
1860 silly packumentCache full:https://registry.npmjs.org/@babel%2fplugin-transform-parameters cache-miss
1861 http cache https://registry.npmjs.org/@babel%2fplugin-transform-parameters 14ms (cache hit)
1862 silly packumentCache full:https://registry.npmjs.org/@babel%2fplugin-transform-parameters set size:269382 disposed:false
1863 silly fetch manifest @babel/plugin-transform-destructuring@^7.28.5
1864 silly packumentCache full:https://registry.npmjs.org/@babel%2fplugin-transform-destructuring cache-miss
1865 http fetch GET 200 https://registry.npmjs.org/@babel%2fhelper-plugin-utils 236ms (cache miss)
1866 silly packumentCache full:https://registry.npmjs.org/@babel%2fhelper-plugin-utils set size:undefined disposed:false
1867 silly fetch manifest @babel/helper-plugin-utils@^7.27.1
1868 silly packumentCache full:https://registry.npmjs.org/@babel%2fhelper-plugin-utils cache-miss
1869 http cache https://registry.npmjs.org/@babel%2fhelper-plugin-utils 9ms (cache hit)
1870 silly packumentCache full:https://registry.npmjs.org/@babel%2fhelper-plugin-utils set size:163951 disposed:false
1871 silly fetch manifest @babel/helper-create-class-features-plugin@^7.28.6
1872 silly packumentCache full:https://registry.npmjs.org/@babel%2fhelper-create-class-features-plugin cache-miss
1873 http fetch GET 200 https://registry.npmjs.org/@babel%2fhelper-plugin-utils 291ms (cache miss)
1874 silly packumentCache full:https://registry.npmjs.org/@babel%2fhelper-plugin-utils set size:undefined disposed:false
1875 silly packumentCache full:https://registry.npmjs.org/@babel%2fhelper-plugin-utils dispose
1876 silly fetch manifest @babel/helper-annotate-as-pure@^7.27.3
1877 silly packumentCache full:https://registry.npmjs.org/@babel%2fhelper-annotate-as-pure cache-miss
1878 http fetch GET 200 https://registry.npmjs.org/@babel%2fplugin-transform-destructuring 277ms (cache miss)
1879 silly packumentCache full:https://registry.npmjs.org/@babel%2fplugin-transform-destructuring set size:undefined disposed:false
1880 silly fetch manifest @babel/helper-create-class-features-plugin@^7.28.6
1881 silly packumentCache full:https://registry.npmjs.org/@babel%2fhelper-create-class-features-plugin cache-miss
1882 http fetch GET 200 https://registry.npmjs.org/@babel%2fhelper-plugin-utils 300ms (cache miss)
1883 silly packumentCache full:https://registry.npmjs.org/@babel%2fhelper-plugin-utils set size:undefined disposed:true
1884 silly fetch manifest babel-plugin-polyfill-corejs2@^0.4.14
1885 silly packumentCache full:https://registry.npmjs.org/babel-plugin-polyfill-corejs2 cache-miss
1886 http fetch GET 200 https://registry.npmjs.org/@babel%2fhelper-plugin-utils 304ms (cache miss)
1887 silly packumentCache full:https://registry.npmjs.org/@babel%2fhelper-plugin-utils set size:undefined disposed:false
1888 silly fetch manifest babel-plugin-polyfill-corejs3@^0.13.0
1889 silly packumentCache full:https://registry.npmjs.org/babel-plugin-polyfill-corejs3 cache-miss
1890 http fetch GET 200 https://registry.npmjs.org/@babel%2fhelper-plugin-utils 303ms (cache miss)
1891 silly packumentCache full:https://registry.npmjs.org/@babel%2fhelper-plugin-utils set size:undefined disposed:false
1892 silly fetch manifest babel-plugin-polyfill-regenerator@^0.6.5
1893 silly packumentCache full:https://registry.npmjs.org/babel-plugin-polyfill-regenerator cache-miss
1894 http fetch GET 200 https://registry.npmjs.org/@babel%2fhelper-plugin-utils 305ms (cache miss)
1895 silly packumentCache full:https://registry.npmjs.org/@babel%2fhelper-plugin-utils set size:undefined disposed:false
1896 silly fetch manifest @babel/plugin-transform-react-jsx@^7.27.1
1897 silly packumentCache full:https://registry.npmjs.org/@babel%2fplugin-transform-react-jsx cache-miss
1898 http fetch GET 200 https://registry.npmjs.org/@babel%2fplugin-syntax-decorators 306ms (cache miss)
1899 silly packumentCache full:https://registry.npmjs.org/@babel%2fplugin-syntax-decorators set size:undefined disposed:false
1900 silly fetch manifest @babel/plugin-transform-react-display-name@^7.28.0
1901 silly packumentCache full:https://registry.npmjs.org/@babel%2fplugin-transform-react-display-name cache-miss
1902 http fetch GET 200 https://registry.npmjs.org/@babel%2fplugin-syntax-flow 306ms (cache miss)
1903 silly packumentCache full:https://registry.npmjs.org/@babel%2fplugin-syntax-flow set size:undefined disposed:false
1904 silly fetch manifest @babel/plugin-transform-react-jsx-development@^7.27.1
1905 silly packumentCache full:https://registry.npmjs.org/@babel%2fplugin-transform-react-jsx-development cache-miss
1906 http fetch GET 200 https://registry.npmjs.org/@babel%2fhelper-plugin-utils 311ms (cache miss)
1907 silly packumentCache full:https://registry.npmjs.org/@babel%2fhelper-plugin-utils set size:undefined disposed:false
1908 silly fetch manifest @babel/plugin-transform-react-pure-annotations@^7.27.1
1909 silly packumentCache full:https://registry.npmjs.org/@babel%2fplugin-transform-react-pure-annotations cache-miss
1910 http fetch GET 200 https://registry.npmjs.org/@babel%2fhelper-create-class-features-plugin 330ms (cache miss)
1911 silly packumentCache full:https://registry.npmjs.org/@babel%2fhelper-create-class-features-plugin set size:undefined disposed:false
1912 silly fetch manifest @babel/plugin-syntax-jsx@^7.27.1
1913 silly packumentCache full:https://registry.npmjs.org/@babel%2fplugin-syntax-jsx cache-miss
1914 http fetch GET 200 https://registry.npmjs.org/@babel%2fhelper-create-class-features-plugin 109ms (cache miss)
1915 silly packumentCache full:https://registry.npmjs.org/@babel%2fhelper-create-class-features-plugin set size:undefined disposed:false
1916 silly fetch manifest @babel/plugin-transform-typescript@^7.28.5
1917 silly packumentCache full:https://registry.npmjs.org/@babel%2fplugin-transform-typescript cache-miss
1918 http fetch GET 200 https://registry.npmjs.org/@babel%2fplugin-transform-react-pure-annotations 113ms (cache miss)
1919 silly packumentCache full:https://registry.npmjs.org/@babel%2fplugin-transform-react-pure-annotations set size:undefined disposed:false
1920 silly fetch manifest @babel/plugin-transform-for-of@^7.24.7
1921 silly packumentCache full:https://registry.npmjs.org/@babel%2fplugin-transform-for-of cache-miss
1922 http fetch GET 200 https://registry.npmjs.org/@babel%2fhelper-create-class-features-plugin 440ms (cache miss)
1923 silly packumentCache full:https://registry.npmjs.org/@babel%2fhelper-create-class-features-plugin set size:undefined disposed:false
1924 silly fetch manifest @babel/plugin-transform-spread@^7.24.7
1925 silly packumentCache full:https://registry.npmjs.org/@babel%2fplugin-transform-spread cache-miss
1926 http fetch GET 200 https://registry.npmjs.org/babel-plugin-polyfill-corejs2 139ms (cache miss)
1927 silly packumentCache full:https://registry.npmjs.org/babel-plugin-polyfill-corejs2 set size:undefined disposed:false
1928 silly fetch manifest @babel/plugin-transform-classes@^7.25.4
1929 silly packumentCache full:https://registry.npmjs.org/@babel%2fplugin-transform-classes cache-miss
1930 http fetch GET 200 https://registry.npmjs.org/@babel%2fhelper-create-class-features-plugin 196ms (cache miss)
1931 silly packumentCache full:https://registry.npmjs.org/@babel%2fhelper-create-class-features-plugin set size:undefined disposed:false
1932 silly fetch manifest @babel/plugin-transform-literals@^7.25.2
1933 silly packumentCache full:https://registry.npmjs.org/@babel%2fplugin-transform-literals cache-miss
1934 http fetch GET 200 https://registry.npmjs.org/@babel%2fplugin-syntax-jsx 162ms (cache miss)
1935 silly packumentCache full:https://registry.npmjs.org/@babel%2fplugin-syntax-jsx set size:undefined disposed:false
1936 silly fetch manifest @babel/plugin-transform-react-jsx@^7.25.2
1937 silly packumentCache full:https://registry.npmjs.org/@babel%2fplugin-transform-react-jsx cache-miss
1938 http fetch GET 200 https://registry.npmjs.org/@babel%2fplugin-transform-react-display-name 190ms (cache miss)
1939 silly packumentCache full:https://registry.npmjs.org/@babel%2fplugin-transform-react-display-name set size:undefined disposed:false
1940 silly fetch manifest @babel/plugin-transform-typescript@^7.25.2
1941 silly packumentCache full:https://registry.npmjs.org/@babel%2fplugin-transform-typescript cache-miss
1942 http fetch GET 200 https://registry.npmjs.org/@babel%2fplugin-transform-typescript 153ms (cache miss)
1943 silly packumentCache full:https://registry.npmjs.org/@babel%2fplugin-transform-typescript set size:undefined disposed:false
1944 silly fetch manifest @react-native/babel-plugin-codegen@0.81.5
1945 silly packumentCache full:https://registry.npmjs.org/@react-native%2fbabel-plugin-codegen cache-miss
1946 http fetch GET 200 https://registry.npmjs.org/@babel%2fplugin-transform-react-jsx-development 311ms (cache miss)
1947 silly packumentCache full:https://registry.npmjs.org/@babel%2fplugin-transform-react-jsx-development set size:undefined disposed:false
1948 silly fetch manifest @babel/plugin-syntax-dynamic-import@^7.8.3
1949 silly packumentCache full:https://registry.npmjs.org/@babel%2fplugin-syntax-dynamic-import cache-miss
1950 http fetch GET 200 https://registry.npmjs.org/babel-plugin-polyfill-corejs3 318ms (cache miss)
1951 silly packumentCache full:https://registry.npmjs.org/babel-plugin-polyfill-corejs3 set size:undefined disposed:false
1952 silly fetch manifest @babel/plugin-transform-regenerator@^7.24.7
1953 silly packumentCache full:https://registry.npmjs.org/@babel%2fplugin-transform-regenerator cache-miss
1954 http fetch GET 200 https://registry.npmjs.org/@babel%2fplugin-syntax-dynamic-import 144ms (cache miss)
1955 silly packumentCache full:https://registry.npmjs.org/@babel%2fplugin-syntax-dynamic-import set size:undefined disposed:false
1956 silly fetch manifest @babel/plugin-transform-sticky-regex@^7.24.7
1957 silly packumentCache full:https://registry.npmjs.org/@babel%2fplugin-transform-sticky-regex cache-miss
1958 http fetch GET 200 https://registry.npmjs.org/@babel%2fhelper-annotate-as-pure 481ms (cache miss)
1959 silly packumentCache full:https://registry.npmjs.org/@babel%2fhelper-annotate-as-pure set size:undefined disposed:false
1960 silly fetch manifest @babel/plugin-transform-block-scoping@^7.25.0
1961 silly packumentCache full:https://registry.npmjs.org/@babel%2fplugin-transform-block-scoping cache-miss
1962 http fetch GET 200 https://registry.npmjs.org/babel-plugin-polyfill-regenerator 473ms (cache miss)
1963 silly packumentCache full:https://registry.npmjs.org/babel-plugin-polyfill-regenerator set size:undefined disposed:false
1964 silly fetch manifest @babel/plugin-transform-destructuring@^7.24.8
1965 silly packumentCache full:https://registry.npmjs.org/@babel%2fplugin-transform-destructuring cache-miss
1966 http fetch GET 200 https://registry.npmjs.org/@babel%2fplugin-transform-regenerator 160ms (cache miss)
1967 silly packumentCache full:https://registry.npmjs.org/@babel%2fplugin-transform-regenerator set size:undefined disposed:false
1968 silly fetch manifest @babel/plugin-transform-function-name@^7.25.1
1969 silly packumentCache full:https://registry.npmjs.org/@babel%2fplugin-transform-function-name cache-miss
1970 http fetch GET 200 https://registry.npmjs.org/@babel%2fplugin-transform-for-of 360ms (cache miss)
1971 silly packumentCache full:https://registry.npmjs.org/@babel%2fplugin-transform-for-of set size:undefined disposed:false
1972 silly fetch manifest @babel/plugin-transform-unicode-regex@^7.24.7
1973 silly packumentCache full:https://registry.npmjs.org/@babel%2fplugin-transform-unicode-regex cache-miss
1974 http cache https://registry.npmjs.org/@babel%2fplugin-transform-destructuring 11ms (cache hit)
1975 silly packumentCache full:https://registry.npmjs.org/@babel%2fplugin-transform-destructuring set size:288677 disposed:false
1976 silly fetch manifest @babel/plugin-syntax-optional-chaining@^7.8.3
1977 silly packumentCache full:https://registry.npmjs.org/@babel%2fplugin-syntax-optional-chaining cache-miss
1978 http fetch GET 200 https://registry.npmjs.org/@babel%2fplugin-transform-spread 355ms (cache miss)
1979 silly packumentCache full:https://registry.npmjs.org/@babel%2fplugin-transform-spread set size:undefined disposed:false
1980 silly fetch manifest @babel/plugin-transform-react-jsx-self@^7.24.7
1981 silly packumentCache full:https://registry.npmjs.org/@babel%2fplugin-transform-react-jsx-self cache-miss
1982 http fetch GET 200 https://registry.npmjs.org/@babel%2fplugin-transform-typescript 305ms (cache miss)
1983 silly packumentCache full:https://registry.npmjs.org/@babel%2fplugin-transform-typescript set size:undefined disposed:false
1984 silly fetch manifest @babel/plugin-transform-arrow-functions@^7.24.7
1985 silly packumentCache full:https://registry.npmjs.org/@babel%2fplugin-transform-arrow-functions cache-miss
1986 http fetch GET 200 https://registry.npmjs.org/@babel%2fplugin-transform-classes 363ms (cache miss)
1987 silly packumentCache full:https://registry.npmjs.org/@babel%2fplugin-transform-classes set size:undefined disposed:false
1988 silly fetch manifest @babel/plugin-transform-class-properties@^7.25.4
1989 silly packumentCache full:https://registry.npmjs.org/@babel%2fplugin-transform-class-properties cache-miss
1990 http fetch GET 200 https://registry.npmjs.org/@babel%2fplugin-transform-react-jsx 337ms (cache miss)
1991 silly packumentCache full:https://registry.npmjs.org/@babel%2fplugin-transform-react-jsx set size:undefined disposed:false
1992 silly fetch manifest @babel/plugin-transform-react-jsx-source@^7.24.7
1993 silly packumentCache full:https://registry.npmjs.org/@babel%2fplugin-transform-react-jsx-source cache-miss
1994 http fetch GET 200 https://registry.npmjs.org/@babel%2fplugin-transform-react-jsx 592ms (cache miss)
1995 silly packumentCache full:https://registry.npmjs.org/@babel%2fplugin-transform-react-jsx set size:undefined disposed:false
1996 silly fetch manifest @babel/plugin-transform-numeric-separator@^7.24.7
1997 silly packumentCache full:https://registry.npmjs.org/@babel%2fplugin-transform-numeric-separator cache-miss
1998 http fetch GET 200 https://registry.npmjs.org/@babel%2fplugin-transform-function-name 173ms (cache miss)
1999 silly packumentCache full:https://registry.npmjs.org/@babel%2fplugin-transform-function-name set size:undefined disposed:false
2000 silly fetch manifest @babel/plugin-transform-optional-chaining@^7.24.8
2001 silly packumentCache full:https://registry.npmjs.org/@babel%2fplugin-transform-optional-chaining cache-miss
2002 http fetch GET 200 https://registry.npmjs.org/@babel%2fhelper-plugin-utils 957ms (cache miss)
2003 silly packumentCache full:https://registry.npmjs.org/@babel%2fhelper-plugin-utils set size:undefined disposed:false
2004 silly fetch manifest @babel/plugin-transform-async-to-generator@^7.24.7
2005 silly packumentCache full:https://registry.npmjs.org/@babel%2fplugin-transform-async-to-generator cache-miss
2006 http fetch GET 200 https://registry.npmjs.org/@babel%2fplugin-transform-literals 486ms (cache miss)
2007 silly packumentCache full:https://registry.npmjs.org/@babel%2fplugin-transform-literals set size:undefined disposed:false
2008 silly fetch manifest @babel/plugin-transform-react-display-name@^7.24.7
2009 silly packumentCache full:https://registry.npmjs.org/@babel%2fplugin-transform-react-display-name cache-miss
2010 http cache https://registry.npmjs.org/@babel%2fplugin-transform-react-display-name 8ms (cache hit)
2011 silly packumentCache full:https://registry.npmjs.org/@babel%2fplugin-transform-react-display-name set size:205760 disposed:false
2012 silly fetch manifest @babel/plugin-transform-computed-properties@^7.24.7
2013 silly packumentCache full:https://registry.npmjs.org/@babel%2fplugin-transform-computed-properties cache-miss
2014 http fetch GET 200 https://registry.npmjs.org/@babel%2fplugin-transform-react-jsx-source 178ms (cache miss)
2015 silly packumentCache full:https://registry.npmjs.org/@babel%2fplugin-transform-react-jsx-source set size:undefined disposed:false
2016 silly fetch manifest @babel/plugin-transform-shorthand-properties@^7.24.7
2017 silly packumentCache full:https://registry.npmjs.org/@babel%2fplugin-transform-shorthand-properties cache-miss
2018 http fetch GET 200 https://registry.npmjs.org/@babel%2fplugin-transform-unicode-regex 225ms (cache miss)
2019 silly packumentCache full:https://registry.npmjs.org/@babel%2fplugin-transform-unicode-regex set size:undefined disposed:false
2020 silly fetch manifest @babel/plugin-transform-optional-catch-binding@^7.24.7
2021 silly packumentCache full:https://registry.npmjs.org/@babel%2fplugin-transform-optional-catch-binding cache-miss
2022 http fetch GET 200 https://registry.npmjs.org/@babel%2fplugin-transform-arrow-functions 215ms (cache miss)
2023 silly packumentCache full:https://registry.npmjs.org/@babel%2fplugin-transform-arrow-functions set size:undefined disposed:false
2024 silly fetch manifest @babel/plugin-syntax-nullish-coalescing-operator@^7.8.3
2025 silly packumentCache full:https://registry.npmjs.org/@babel%2fplugin-syntax-nullish-coalescing-operator cache-miss
2026 http fetch GET 200 https://registry.npmjs.org/@babel%2fplugin-transform-sticky-regex 258ms (cache miss)
2027 silly packumentCache full:https://registry.npmjs.org/@babel%2fplugin-transform-sticky-regex set size:undefined disposed:false
2028 silly fetch manifest @babel/plugin-transform-async-generator-functions@^7.25.4
2029 silly packumentCache full:https://registry.npmjs.org/@babel%2fplugin-transform-async-generator-functions cache-miss
2030 http fetch GET 200 https://registry.npmjs.org/@babel%2fplugin-transform-numeric-separator 126ms (cache miss)
2031 silly packumentCache full:https://registry.npmjs.org/@babel%2fplugin-transform-numeric-separator set size:undefined disposed:false
2032 silly fetch manifest @babel/plugin-transform-nullish-coalescing-operator@^7.24.7
2033 silly packumentCache full:https://registry.npmjs.org/@babel%2fplugin-transform-nullish-coalescing-operator cache-miss
2034 http fetch GET 200 https://registry.npmjs.org/@babel%2fplugin-transform-react-jsx-self 235ms (cache miss)
2035 silly packumentCache full:https://registry.npmjs.org/@babel%2fplugin-transform-react-jsx-self set size:undefined disposed:false
2036 silly fetch manifest @babel/plugin-transform-logical-assignment-operators@^7.24.7
2037 silly packumentCache full:https://registry.npmjs.org/@babel%2fplugin-transform-logical-assignment-operators cache-miss
2038 http fetch GET 200 https://registry.npmjs.org/@babel%2fplugin-syntax-optional-chaining 253ms (cache miss)
2039 silly packumentCache full:https://registry.npmjs.org/@babel%2fplugin-syntax-optional-chaining set size:undefined disposed:false
2040 silly fetch manifest @babel/plugin-transform-named-capturing-groups-regex@^7.24.7
2041 silly packumentCache full:https://registry.npmjs.org/@babel%2fplugin-transform-named-capturing-groups-regex cache-miss
2042 http fetch GET 200 https://registry.npmjs.org/@babel%2fplugin-transform-optional-chaining 86ms (cache miss)
2043 silly packumentCache full:https://registry.npmjs.org/@babel%2fplugin-transform-optional-chaining set size:undefined disposed:false
2044 silly fetch manifest @babel/plugin-syntax-flow@^7.12.1
2045 silly packumentCache full:https://registry.npmjs.org/@babel%2fplugin-syntax-flow cache-miss
2046 http fetch GET 200 https://registry.npmjs.org/@babel%2fplugin-transform-block-scoping 280ms (cache miss)
2047 silly packumentCache full:https://registry.npmjs.org/@babel%2fplugin-transform-block-scoping set size:undefined disposed:false
2048 http cache https://registry.npmjs.org/@babel%2fplugin-syntax-flow 17ms (cache hit)
2049 silly packumentCache full:https://registry.npmjs.org/@babel%2fplugin-syntax-flow set size:188912 disposed:false
2050 http fetch GET 200 https://registry.npmjs.org/@babel%2fplugin-transform-nullish-coalescing-operator 168ms (cache miss)
2051 silly packumentCache full:https://registry.npmjs.org/@babel%2fplugin-transform-nullish-coalescing-operator set size:undefined disposed:false
2052 http fetch GET 200 https://registry.npmjs.org/@babel%2fplugin-transform-optional-catch-binding 178ms (cache miss)
2053 silly packumentCache full:https://registry.npmjs.org/@babel%2fplugin-transform-optional-catch-binding set size:undefined disposed:false
2054 http fetch GET 200 https://registry.npmjs.org/@babel%2fplugin-syntax-nullish-coalescing-operator 176ms (cache miss)
2055 silly packumentCache full:https://registry.npmjs.org/@babel%2fplugin-syntax-nullish-coalescing-operator set size:undefined disposed:false
2056 http fetch GET 200 https://registry.npmjs.org/@react-native%2fbabel-plugin-codegen 780ms (cache miss)
2057 silly packumentCache full:https://registry.npmjs.org/@react-native%2fbabel-plugin-codegen set size:undefined disposed:false
2058 http fetch GET 200 https://registry.npmjs.org/@babel%2fplugin-transform-computed-properties 307ms (cache miss)
2059 silly packumentCache full:https://registry.npmjs.org/@babel%2fplugin-transform-computed-properties set size:undefined disposed:false
2060 http fetch GET 200 https://registry.npmjs.org/@babel%2fplugin-transform-logical-assignment-operators 307ms (cache miss)
2061 silly packumentCache full:https://registry.npmjs.org/@babel%2fplugin-transform-logical-assignment-operators set size:undefined disposed:false
2062 http fetch GET 200 https://registry.npmjs.org/@babel%2fplugin-transform-async-to-generator 420ms (cache miss)
2063 silly packumentCache full:https://registry.npmjs.org/@babel%2fplugin-transform-async-to-generator set size:undefined disposed:false
2064 http fetch GET 200 https://registry.npmjs.org/@babel%2fplugin-transform-shorthand-properties 419ms (cache miss)
2065 silly packumentCache full:https://registry.npmjs.org/@babel%2fplugin-transform-shorthand-properties set size:undefined disposed:false
2066 http fetch GET 200 https://registry.npmjs.org/@babel%2fplugin-transform-class-properties 657ms (cache miss)
2067 silly packumentCache full:https://registry.npmjs.org/@babel%2fplugin-transform-class-properties set size:undefined disposed:false
2068 http fetch GET 200 https://registry.npmjs.org/@babel%2fplugin-transform-named-capturing-groups-regex 443ms (cache miss)
2069 silly packumentCache full:https://registry.npmjs.org/@babel%2fplugin-transform-named-capturing-groups-regex set size:undefined disposed:false
2070 http fetch GET 200 https://registry.npmjs.org/@babel%2fplugin-transform-async-generator-functions 876ms (cache miss)
2071 silly packumentCache full:https://registry.npmjs.org/@babel%2fplugin-transform-async-generator-functions set size:undefined disposed:false
2072 silly placeDep ROOT @babel/helper-create-class-features-plugin@7.28.6 OK for: @babel/plugin-proposal-decorators@7.29.0 want: ^7.28.6
2073 silly placeDep ROOT @babel/helper-plugin-utils@7.28.6 OK for: @babel/plugin-proposal-decorators@7.29.0 want: ^7.28.6
2074 silly placeDep ROOT @babel/plugin-syntax-decorators@7.28.6 OK for: @babel/plugin-proposal-decorators@7.29.0 want: ^7.28.6
2075 silly fetch manifest @babel/helper-replace-supers@^7.28.6
2076 silly packumentCache full:https://registry.npmjs.org/@babel%2fhelper-replace-supers cache-miss
2077 silly fetch manifest @babel/helper-optimise-call-expression@^7.27.1
2078 silly packumentCache full:https://registry.npmjs.org/@babel%2fhelper-optimise-call-expression cache-miss
2079 silly fetch manifest @babel/helper-member-expression-to-functions@^7.28.5
2080 silly packumentCache full:https://registry.npmjs.org/@babel%2fhelper-member-expression-to-functions cache-miss
2081 silly fetch manifest @babel/helper-skip-transparent-expression-wrappers@^7.27.1
2082 silly packumentCache full:https://registry.npmjs.org/@babel%2fhelper-skip-transparent-expression-wrappers cache-miss
2083 http fetch GET 200 https://registry.npmjs.org/@babel%2fhelper-optimise-call-expression 157ms (cache miss)
2084 silly packumentCache full:https://registry.npmjs.org/@babel%2fhelper-optimise-call-expression set size:undefined disposed:false
2085 http fetch GET 200 https://registry.npmjs.org/@babel%2fhelper-member-expression-to-functions 215ms (cache miss)
2086 silly packumentCache full:https://registry.npmjs.org/@babel%2fhelper-member-expression-to-functions set size:undefined disposed:false
2087 http fetch GET 200 https://registry.npmjs.org/@babel%2fhelper-replace-supers 350ms (cache miss)
2088 silly packumentCache full:https://registry.npmjs.org/@babel%2fhelper-replace-supers set size:undefined disposed:false
2089 http fetch GET 200 https://registry.npmjs.org/@babel%2fhelper-skip-transparent-expression-wrappers 413ms (cache miss)
2090 silly packumentCache full:https://registry.npmjs.org/@babel%2fhelper-skip-transparent-expression-wrappers set size:undefined disposed:false
2091 silly placeDep ROOT @babel/helper-annotate-as-pure@7.27.3 OK for: @babel/helper-create-class-features-plugin@7.28.6 want: ^7.27.3
2092 silly placeDep ROOT @babel/helper-member-expression-to-functions@7.28.5 OK for: @babel/helper-create-class-features-plugin@7.28.6 want: ^7.28.5
2093 silly placeDep ROOT @babel/helper-optimise-call-expression@7.27.1 OK for: @babel/helper-create-class-features-plugin@7.28.6 want: ^7.27.1
2094 silly placeDep ROOT @babel/helper-replace-supers@7.28.6 OK for: @babel/helper-create-class-features-plugin@7.28.6 want: ^7.28.6
2095 silly placeDep ROOT @babel/helper-skip-transparent-expression-wrappers@7.27.1 OK for: @babel/helper-create-class-features-plugin@7.28.6 want: ^7.27.1
2096 silly placeDep node_modules/@babel/helper-create-class-features-plugin semver@6.3.1 OK for: @babel/helper-create-class-features-plugin@7.28.6 want: ^6.3.1
2097 silly placeDep ROOT @babel/plugin-syntax-flow@7.28.6 OK for: @babel/plugin-transform-flow-strip-types@7.27.1 want: ^7.27.1
2098 silly placeDep ROOT @babel/plugin-transform-destructuring@7.28.5 OK for: @babel/plugin-transform-object-rest-spread@7.28.6 want: ^7.28.5
2099 silly placeDep ROOT babel-plugin-polyfill-corejs2@0.4.17 OK for: @babel/plugin-transform-runtime@7.29.0 want: ^0.4.14
2100 silly placeDep ROOT babel-plugin-polyfill-corejs3@0.13.0 OK for: @babel/plugin-transform-runtime@7.29.0 want: ^0.13.0
2101 silly placeDep ROOT babel-plugin-polyfill-regenerator@0.6.8 OK for: @babel/plugin-transform-runtime@7.29.0 want: ^0.6.5
2102 silly placeDep node_modules/@babel/plugin-transform-runtime semver@6.3.1 OK for: @babel/plugin-transform-runtime@7.29.0 want: ^6.3.1
2103 silly fetch manifest @babel/helper-define-polyfill-provider@^0.6.8
2104 silly packumentCache full:https://registry.npmjs.org/@babel%2fhelper-define-polyfill-provider cache-miss
2105 silly fetch manifest core-js-compat@^3.43.0
2106 silly packumentCache full:https://registry.npmjs.org/core-js-compat cache-miss
2107 silly fetch manifest @babel/helper-define-polyfill-provider@^0.6.5
2108 silly packumentCache full:https://registry.npmjs.org/@babel%2fhelper-define-polyfill-provider cache-miss
2109 silly fetch manifest @babel/helper-define-polyfill-provider@^0.6.8
2110 silly packumentCache full:https://registry.npmjs.org/@babel%2fhelper-define-polyfill-provider cache-miss
2111 http fetch GET 200 https://registry.npmjs.org/@babel%2fhelper-define-polyfill-provider 409ms (cache miss)
2112 silly packumentCache full:https://registry.npmjs.org/@babel%2fhelper-define-polyfill-provider set size:undefined disposed:false
2113 http fetch GET 200 https://registry.npmjs.org/@babel%2fhelper-define-polyfill-provider 443ms (cache miss)
2114 silly packumentCache full:https://registry.npmjs.org/@babel%2fhelper-define-polyfill-provider set size:undefined disposed:false
2115 http fetch GET 200 https://registry.npmjs.org/core-js-compat 445ms (cache miss)
2116 silly packumentCache full:https://registry.npmjs.org/core-js-compat set size:undefined disposed:false
2117 http fetch GET 200 https://registry.npmjs.org/@babel%2fhelper-define-polyfill-provider 457ms (cache miss)
2118 silly packumentCache full:https://registry.npmjs.org/@babel%2fhelper-define-polyfill-provider set size:undefined disposed:false
2119 silly placeDep ROOT @babel/plugin-transform-react-display-name@7.28.0 OK for: @babel/preset-react@7.28.5 want: ^7.28.0
2120 silly placeDep ROOT @babel/plugin-transform-react-jsx@7.28.6 OK for: @babel/preset-react@7.28.5 want: ^7.27.1
2121 silly placeDep ROOT @babel/plugin-transform-react-jsx-development@7.27.1 OK for: @babel/preset-react@7.28.5 want: ^7.27.1
2122 silly placeDep ROOT @babel/plugin-transform-react-pure-annotations@7.27.1 OK for: @babel/preset-react@7.28.5 want: ^7.27.1
2123 silly fetch manifest @babel/plugin-syntax-jsx@^7.28.6
2124 silly packumentCache full:https://registry.npmjs.org/@babel%2fplugin-syntax-jsx cache-miss
2125 http cache https://registry.npmjs.org/@babel%2fplugin-syntax-jsx 12ms (cache hit)
2126 silly packumentCache full:https://registry.npmjs.org/@babel%2fplugin-syntax-jsx set size:182973 disposed:false
2127 silly placeDep ROOT @babel/plugin-syntax-jsx@7.28.6 OK for: @babel/plugin-transform-react-jsx@7.28.6 want: ^7.28.6
2128 silly placeDep ROOT @babel/plugin-transform-typescript@7.28.6 OK for: @babel/preset-typescript@7.28.5 want: ^7.28.5
2129 silly fetch manifest @babel/plugin-syntax-typescript@^7.28.6
2130 silly packumentCache full:https://registry.npmjs.org/@babel%2fplugin-syntax-typescript cache-miss
2131 http fetch GET 200 https://registry.npmjs.org/@babel%2fplugin-syntax-typescript 783ms (cache miss)
2132 silly packumentCache full:https://registry.npmjs.org/@babel%2fplugin-syntax-typescript set size:undefined disposed:false
2133 silly placeDep ROOT @babel/plugin-syntax-typescript@7.28.6 OK for: @babel/plugin-transform-typescript@7.28.6 want: ^7.28.6
2134 silly placeDep ROOT @babel/plugin-syntax-dynamic-import@7.8.3 OK for: @react-native/babel-preset@0.81.5 want: ^7.8.3
2135 silly placeDep ROOT @babel/plugin-syntax-nullish-coalescing-operator@7.8.3 OK for: @react-native/babel-preset@0.81.5 want: ^7.8.3
2136 silly placeDep ROOT @babel/plugin-syntax-optional-chaining@7.8.3 OK for: @react-native/babel-preset@0.81.5 want: ^7.8.3
2137 silly placeDep ROOT @babel/plugin-transform-arrow-functions@7.27.1 OK for: @react-native/babel-preset@0.81.5 want: ^7.24.7
2138 silly placeDep ROOT @babel/plugin-transform-async-generator-functions@7.29.0 OK for: @react-native/babel-preset@0.81.5 want: ^7.25.4
2139 silly placeDep ROOT @babel/plugin-transform-async-to-generator@7.28.6 OK for: @react-native/babel-preset@0.81.5 want: ^7.24.7
2140 silly placeDep ROOT @babel/plugin-transform-block-scoping@7.28.6 OK for: @react-native/babel-preset@0.81.5 want: ^7.25.0
2141 silly placeDep ROOT @babel/plugin-transform-class-properties@7.28.6 OK for: @react-native/babel-preset@0.81.5 want: ^7.25.4
2142 silly placeDep ROOT @babel/plugin-transform-classes@7.28.6 OK for: @react-native/babel-preset@0.81.5 want: ^7.25.4
2143 silly placeDep ROOT @babel/plugin-transform-computed-properties@7.28.6 OK for: @react-native/babel-preset@0.81.5 want: ^7.24.7
2144 silly placeDep ROOT @babel/plugin-transform-for-of@7.27.1 OK for: @react-native/babel-preset@0.81.5 want: ^7.24.7
2145 silly placeDep ROOT @babel/plugin-transform-function-name@7.27.1 OK for: @react-native/babel-preset@0.81.5 want: ^7.25.1
2146 silly placeDep ROOT @babel/plugin-transform-literals@7.27.1 OK for: @react-native/babel-preset@0.81.5 want: ^7.25.2
2147 silly placeDep ROOT @babel/plugin-transform-logical-assignment-operators@7.28.6 OK for: @react-native/babel-preset@0.81.5 want: ^7.24.7
2148 silly placeDep ROOT @babel/plugin-transform-named-capturing-groups-regex@7.29.0 OK for: @react-native/babel-preset@0.81.5 want: ^7.24.7
2149 silly placeDep ROOT @babel/plugin-transform-nullish-coalescing-operator@7.28.6 OK for: @react-native/babel-preset@0.81.5 want: ^7.24.7
2150 silly placeDep ROOT @babel/plugin-transform-numeric-separator@7.28.6 OK for: @react-native/babel-preset@0.81.5 want: ^7.24.7
2151 silly placeDep ROOT @babel/plugin-transform-optional-catch-binding@7.28.6 OK for: @react-native/babel-preset@0.81.5 want: ^7.24.7
2152 silly placeDep ROOT @babel/plugin-transform-optional-chaining@7.28.6 OK for: @react-native/babel-preset@0.81.5 want: ^7.24.8
2153 silly placeDep ROOT @babel/plugin-transform-react-jsx-self@7.27.1 OK for: @react-native/babel-preset@0.81.5 want: ^7.24.7
2154 silly placeDep ROOT @babel/plugin-transform-react-jsx-source@7.27.1 OK for: @react-native/babel-preset@0.81.5 want: ^7.24.7
2155 silly placeDep ROOT @babel/plugin-transform-regenerator@7.29.0 OK for: @react-native/babel-preset@0.81.5 want: ^7.24.7
2156 silly placeDep ROOT @babel/plugin-transform-shorthand-properties@7.27.1 OK for: @react-native/babel-preset@0.81.5 want: ^7.24.7
2157 silly placeDep ROOT @babel/plugin-transform-spread@7.28.6 OK for: @react-native/babel-preset@0.81.5 want: ^7.24.7
2158 silly placeDep ROOT @babel/plugin-transform-sticky-regex@7.27.1 OK for: @react-native/babel-preset@0.81.5 want: ^7.24.7
2159 silly placeDep ROOT @babel/plugin-transform-unicode-regex@7.27.1 OK for: @react-native/babel-preset@0.81.5 want: ^7.24.7
2160 silly placeDep ROOT @react-native/babel-plugin-codegen@0.81.5 OK for: @react-native/babel-preset@0.81.5 want: 0.81.5
2161 silly fetch manifest @babel/helper-remap-async-to-generator@^7.27.1
2162 silly packumentCache full:https://registry.npmjs.org/@babel%2fhelper-remap-async-to-generator cache-miss
2163 silly fetch manifest @babel/helper-remap-async-to-generator@^7.27.1
2164 silly packumentCache full:https://registry.npmjs.org/@babel%2fhelper-remap-async-to-generator cache-miss
2165 silly fetch manifest @babel/helper-create-regexp-features-plugin@^7.28.5
2166 silly packumentCache full:https://registry.npmjs.org/@babel%2fhelper-create-regexp-features-plugin cache-miss
2167 silly fetch manifest @babel/helper-create-regexp-features-plugin@^7.27.1
2168 silly packumentCache full:https://registry.npmjs.org/@babel%2fhelper-create-regexp-features-plugin cache-miss
2169 http fetch GET 200 https://registry.npmjs.org/@babel%2fhelper-remap-async-to-generator 165ms (cache miss)
2170 silly packumentCache full:https://registry.npmjs.org/@babel%2fhelper-remap-async-to-generator set size:undefined disposed:false
2171 http fetch GET 200 https://registry.npmjs.org/@babel%2fhelper-create-regexp-features-plugin 200ms (cache miss)
2172 silly packumentCache full:https://registry.npmjs.org/@babel%2fhelper-create-regexp-features-plugin set size:undefined disposed:false
2173 http fetch GET 200 https://registry.npmjs.org/@babel%2fhelper-remap-async-to-generator 210ms (cache miss)
2174 silly packumentCache full:https://registry.npmjs.org/@babel%2fhelper-remap-async-to-generator set size:undefined disposed:false
2175 http fetch GET 200 https://registry.npmjs.org/@babel%2fhelper-create-regexp-features-plugin 255ms (cache miss)
2176 silly packumentCache full:https://registry.npmjs.org/@babel%2fhelper-create-regexp-features-plugin set size:undefined disposed:false
2177 silly placeDep ROOT @babel/helper-remap-async-to-generator@7.27.1 OK for: @babel/plugin-transform-async-generator-functions@7.29.0 want: ^7.27.1
2178 silly fetch manifest @babel/helper-wrap-function@^7.27.1
2179 silly packumentCache full:https://registry.npmjs.org/@babel%2fhelper-wrap-function cache-miss
2180 http fetch GET 200 https://registry.npmjs.org/@babel%2fhelper-wrap-function 186ms (cache miss)
2181 silly packumentCache full:https://registry.npmjs.org/@babel%2fhelper-wrap-function set size:undefined disposed:false
2182 silly placeDep ROOT @babel/helper-wrap-function@7.28.6 OK for: @babel/helper-remap-async-to-generator@7.27.1 want: ^7.27.1
2183 silly placeDep ROOT @babel/helper-create-regexp-features-plugin@7.28.5 OK for: @babel/plugin-transform-named-capturing-groups-regex@7.29.0 want: ^7.28.5
2184 silly fetch manifest regexpu-core@^6.3.1
2185 silly packumentCache full:https://registry.npmjs.org/regexpu-core cache-miss
2186 http fetch GET 200 https://registry.npmjs.org/regexpu-core 181ms (cache miss)
2187 silly packumentCache full:https://registry.npmjs.org/regexpu-core set size:undefined disposed:false
2188 silly placeDep ROOT regexpu-core@6.4.0 OK for: @babel/helper-create-regexp-features-plugin@7.28.5 want: ^6.3.1
2189 silly placeDep node_modules/@babel/helper-create-regexp-features-plugin semver@6.3.1 OK for: @babel/helper-create-regexp-features-plugin@7.28.5 want: ^6.3.1
2190 silly fetch manifest regenerate@^1.4.2
2191 silly packumentCache full:https://registry.npmjs.org/regenerate cache-miss
2192 silly fetch manifest regenerate-unicode-properties@^10.2.2
2193 silly packumentCache full:https://registry.npmjs.org/regenerate-unicode-properties cache-miss
2194 silly fetch manifest regjsgen@^0.8.0
2195 silly packumentCache full:https://registry.npmjs.org/regjsgen cache-miss
2196 silly fetch manifest regjsparser@^0.13.0
2197 silly packumentCache full:https://registry.npmjs.org/regjsparser cache-miss
2198 silly fetch manifest unicode-match-property-ecmascript@^2.0.0
2199 silly packumentCache full:https://registry.npmjs.org/unicode-match-property-ecmascript cache-miss
2200 silly fetch manifest unicode-match-property-value-ecmascript@^2.2.1
2201 silly packumentCache full:https://registry.npmjs.org/unicode-match-property-value-ecmascript cache-miss
2202 http fetch GET 200 https://registry.npmjs.org/regjsgen 94ms (cache miss)
2203 silly packumentCache full:https://registry.npmjs.org/regjsgen set size:undefined disposed:false
2204 http fetch GET 200 https://registry.npmjs.org/unicode-match-property-ecmascript 97ms (cache miss)
2205 silly packumentCache full:https://registry.npmjs.org/unicode-match-property-ecmascript set size:undefined disposed:false
2206 http fetch GET 200 https://registry.npmjs.org/unicode-match-property-value-ecmascript 115ms (cache miss)
2207 silly packumentCache full:https://registry.npmjs.org/unicode-match-property-value-ecmascript set size:undefined disposed:false
2208 http fetch GET 200 https://registry.npmjs.org/regenerate-unicode-properties 118ms (cache miss)
2209 silly packumentCache full:https://registry.npmjs.org/regenerate-unicode-properties set size:undefined disposed:false
2210 http fetch GET 200 https://registry.npmjs.org/regenerate 126ms (cache miss)
2211 silly packumentCache full:https://registry.npmjs.org/regenerate set size:undefined disposed:false
2212 http fetch GET 200 https://registry.npmjs.org/regjsparser 131ms (cache miss)
2213 silly packumentCache full:https://registry.npmjs.org/regjsparser set size:undefined disposed:false
2214 silly placeDep ROOT @react-native/codegen@0.81.5 OK for: @react-native/babel-plugin-codegen@0.81.5 want: 0.81.5
2215 silly placeDep node_modules/@react-native/codegen glob@7.2.3 OK for: @react-native/codegen@0.81.5 want: ^7.1.1
2216 silly placeDep ROOT invariant@2.2.4 OK for: @react-native/codegen@0.81.5 want: ^2.2.4
2217 silly placeDep ROOT nullthrows@1.1.1 OK for: @react-native/codegen@0.81.5 want: ^1.1.1
2218 silly placeDep ROOT yargs@17.7.2 OK for: @react-native/codegen@0.81.5 want: ^17.6.2
2219 silly fetch manifest once@^1.3.0
2220 silly packumentCache full:https://registry.npmjs.org/once cache-miss
2221 silly fetch manifest inflight@^1.0.4
2222 silly packumentCache full:https://registry.npmjs.org/inflight cache-miss
2223 silly fetch manifest inherits@2
2224 silly packumentCache full:https://registry.npmjs.org/inherits cache-miss
2225 silly fetch manifest minimatch@^3.1.1
2226 silly packumentCache full:https://registry.npmjs.org/minimatch cache-hit
2227 silly fetch manifest fs.realpath@^1.0.0
2228 silly packumentCache full:https://registry.npmjs.org/fs.realpath cache-miss
2229 silly fetch manifest path-is-absolute@^1.0.0
2230 silly packumentCache full:https://registry.npmjs.org/path-is-absolute cache-miss
2231 silly fetch manifest loose-envify@^1.0.0
2232 silly packumentCache full:https://registry.npmjs.org/loose-envify cache-miss
2233 silly fetch manifest y18n@^5.0.5
2234 silly packumentCache full:https://registry.npmjs.org/y18n cache-miss
2235 silly fetch manifest cliui@^8.0.1
2236 silly packumentCache full:https://registry.npmjs.org/cliui cache-miss
2237 silly fetch manifest escalade@^3.1.1
2238 silly packumentCache full:https://registry.npmjs.org/escalade cache-miss
2239 silly fetch manifest string-width@^4.2.3
2240 silly packumentCache full:https://registry.npmjs.org/string-width cache-miss
2241 silly fetch manifest yargs-parser@^21.1.1
2242 silly packumentCache full:https://registry.npmjs.org/yargs-parser cache-miss
2243 silly fetch manifest get-caller-file@^2.0.5
2244 silly packumentCache full:https://registry.npmjs.org/get-caller-file cache-miss
2245 silly fetch manifest require-directory@^2.1.1
2246 silly packumentCache full:https://registry.npmjs.org/require-directory cache-miss
2247 http fetch GET 200 https://registry.npmjs.org/inflight 73ms (cache revalidated)
2248 silly packumentCache full:https://registry.npmjs.org/inflight set size:13140 disposed:false
2249 http fetch GET 200 https://registry.npmjs.org/inherits 74ms (cache revalidated)
2250 silly packumentCache full:https://registry.npmjs.org/inherits set size:12925 disposed:false
2251 http fetch GET 200 https://registry.npmjs.org/path-is-absolute 95ms (cache revalidated)
2252 silly packumentCache full:https://registry.npmjs.org/path-is-absolute set size:8253 disposed:false
2253 http fetch GET 200 https://registry.npmjs.org/loose-envify 97ms (cache miss)
2254 silly packumentCache full:https://registry.npmjs.org/loose-envify set size:undefined disposed:false
2255 http fetch GET 200 https://registry.npmjs.org/require-directory 96ms (cache miss)
2256 silly packumentCache full:https://registry.npmjs.org/require-directory set size:undefined disposed:false
2257 http fetch GET 200 https://registry.npmjs.org/get-caller-file 97ms (cache miss)
2258 silly packumentCache full:https://registry.npmjs.org/get-caller-file set size:undefined disposed:false
2259 http fetch GET 200 https://registry.npmjs.org/once 100ms (cache revalidated)
2260 silly packumentCache full:https://registry.npmjs.org/once set size:11752 disposed:false
2261 http fetch GET 200 https://registry.npmjs.org/escalade 102ms (cache miss)
2262 silly packumentCache full:https://registry.npmjs.org/escalade set size:undefined disposed:false
2263 http fetch GET 200 https://registry.npmjs.org/string-width 111ms (cache miss)
2264 silly packumentCache full:https://registry.npmjs.org/string-width set size:undefined disposed:false
2265 http fetch GET 200 https://registry.npmjs.org/cliui 112ms (cache miss)
2266 silly packumentCache full:https://registry.npmjs.org/cliui set size:undefined disposed:false
2267 http fetch GET 200 https://registry.npmjs.org/yargs-parser 453ms (cache miss)
2268 silly packumentCache full:https://registry.npmjs.org/yargs-parser set size:undefined disposed:false
2269 http fetch GET 200 https://registry.npmjs.org/fs.realpath 456ms (cache revalidated)
2270 silly packumentCache full:https://registry.npmjs.org/fs.realpath set size:4806 disposed:false
2271 http fetch GET 200 https://registry.npmjs.org/y18n 457ms (cache miss)
2272 silly packumentCache full:https://registry.npmjs.org/y18n set size:undefined disposed:false
2273 silly fetch manifest @babel/core@^7.4.0 || ^8.0.0-0 <8.0.0
2274 silly packumentCache full:https://registry.npmjs.org/@babel%2fcore cache-hit
2275 silly placeDep ROOT @babel/helper-define-polyfill-provider@0.6.8 OK for: babel-plugin-polyfill-corejs2@0.4.17 want: ^0.6.8
2276 silly placeDep node_modules/babel-plugin-polyfill-corejs2 semver@6.3.1 OK for: babel-plugin-polyfill-corejs2@0.4.17 want: ^6.3.1
2277 silly fetch manifest resolve@^1.22.11
2278 silly packumentCache full:https://registry.npmjs.org/resolve cache-miss
2279 silly fetch manifest lodash.debounce@^4.0.8
2280 silly packumentCache full:https://registry.npmjs.org/lodash.debounce cache-miss
2281 http cache https://registry.npmjs.org/resolve 16ms (cache hit)
2282 silly packumentCache full:https://registry.npmjs.org/resolve set size:252941 disposed:false
2283 http fetch GET 200 https://registry.npmjs.org/lodash.debounce 105ms (cache miss)
2284 silly packumentCache full:https://registry.npmjs.org/lodash.debounce set size:undefined disposed:false
2285 silly placeDep ROOT lodash.debounce@4.0.8 OK for: @babel/helper-define-polyfill-provider@0.6.8 want: ^4.0.8
2286 silly placeDep ROOT resolve@1.22.12 OK for: @babel/helper-define-polyfill-provider@0.6.8 want: ^1.22.11
2287 silly fetch manifest es-errors@^1.3.0
2288 silly packumentCache full:https://registry.npmjs.org/es-errors cache-miss
2289 silly fetch manifest is-core-module@^2.16.1
2290 silly packumentCache full:https://registry.npmjs.org/is-core-module cache-miss
2291 silly fetch manifest path-parse@^1.0.7
2292 silly packumentCache full:https://registry.npmjs.org/path-parse cache-miss
2293 silly fetch manifest supports-preserve-symlinks-flag@^1.0.0
2294 silly packumentCache full:https://registry.npmjs.org/supports-preserve-symlinks-flag cache-miss
2295 http fetch GET 200 https://registry.npmjs.org/path-parse 64ms (cache miss)
2296 silly packumentCache full:https://registry.npmjs.org/path-parse set size:undefined disposed:false
2297 http fetch GET 200 https://registry.npmjs.org/supports-preserve-symlinks-flag 65ms (cache miss)
2298 silly packumentCache full:https://registry.npmjs.org/supports-preserve-symlinks-flag set size:undefined disposed:false
2299 http fetch GET 200 https://registry.npmjs.org/es-errors 68ms (cache revalidated)
2300 silly packumentCache full:https://registry.npmjs.org/es-errors set size:16918 disposed:false
2301 http fetch GET 200 https://registry.npmjs.org/is-core-module 111ms (cache miss)
2302 silly packumentCache full:https://registry.npmjs.org/is-core-module set size:undefined disposed:false
2303 silly placeDep ROOT core-js-compat@3.49.0 OK for: babel-plugin-polyfill-corejs3@0.13.0 want: ^3.43.0
2304 silly fetch manifest browserslist@>= 4.21.0
2305 silly packumentCache full:https://registry.npmjs.org/browserslist cache-miss
2306 http cache https://registry.npmjs.org/browserslist 29ms (cache hit)
2307 silly packumentCache full:https://registry.npmjs.org/browserslist set size:504681 disposed:false
2308 silly placeDep ROOT baseline-browser-mapping@2.10.21 OK for: browserslist@4.28.2 want: ^2.10.12
2309 silly placeDep ROOT caniuse-lite@1.0.30001790 OK for: browserslist@4.28.2 want: ^1.0.30001782
2310 silly placeDep ROOT electron-to-chromium@1.5.344 OK for: browserslist@4.28.2 want: ^1.5.328
2311 silly placeDep ROOT node-releases@2.0.38 OK for: browserslist@4.28.2 want: ^2.0.36
2312 silly placeDep ROOT update-browserslist-db@1.2.3 OK for: browserslist@4.28.2 want: ^1.2.3
2313 silly fetch manifest escalade@^3.2.0
2314 silly packumentCache full:https://registry.npmjs.org/escalade cache-miss
2315 http cache https://registry.npmjs.org/escalade 8ms (cache hit)
2316 silly packumentCache full:https://registry.npmjs.org/escalade set size:33724 disposed:false
2317 silly placeDep ROOT ansi-styles@3.2.1 OK for: chalk@2.4.2 want: ^3.2.1
2318 silly placeDep node_modules/chalk escape-string-regexp@1.0.5 OK for: chalk@2.4.2 want: ^1.0.5
2319 silly placeDep ROOT supports-color@5.5.0 OK for: chalk@2.4.2 want: ^5.3.0
2320 silly fetch manifest color-convert@^1.9.0
2321 silly packumentCache full:https://registry.npmjs.org/color-convert cache-hit
2322 silly fetch manifest has-flag@^3.0.0
2323 silly packumentCache full:https://registry.npmjs.org/has-flag cache-miss
2324 http fetch GET 200 https://registry.npmjs.org/has-flag 131ms (cache revalidated)
2325 silly packumentCache full:https://registry.npmjs.org/has-flag set size:15180 disposed:false
2326 silly placeDep node_modules/ansi-styles color-convert@1.9.3 OK for: ansi-styles@3.2.1 want: ^1.9.0
2327 silly fetch manifest color-name@1.1.3
2328 silly packumentCache full:https://registry.npmjs.org/color-name cache-hit
2329 silly placeDep ROOT path-key@3.1.1 OK for: cross-spawn@7.0.6 want: ^3.1.0
2330 silly placeDep ROOT shebang-command@2.0.0 OK for: cross-spawn@7.0.6 want: ^2.0.0
2331 silly placeDep ROOT which@2.0.2 OK for: cross-spawn@7.0.6 want: ^2.0.1
2332 silly fetch manifest shebang-regex@^3.0.0
2333 silly packumentCache full:https://registry.npmjs.org/shebang-regex cache-miss
2334 silly fetch manifest isexe@^2.0.0
2335 silly packumentCache full:https://registry.npmjs.org/isexe cache-miss
2336 http fetch GET 200 https://registry.npmjs.org/isexe 65ms (cache revalidated)
2337 silly packumentCache full:https://registry.npmjs.org/isexe set size:31756 disposed:false
2338 http fetch GET 200 https://registry.npmjs.org/shebang-regex 375ms (cache revalidated)
2339 silly packumentCache full:https://registry.npmjs.org/shebang-regex set size:9763 disposed:false
2340 silly placeDep ROOT ms@2.1.3 OK for: debug@4.4.3 want: ^2.1.3
2341 silly placeDep ROOT @expo/image-utils@0.8.13 OK for: expo-asset@12.0.12 want: ^0.8.8
2342 silly fetch manifest parse-png@^2.1.0
2343 silly packumentCache full:https://registry.npmjs.org/parse-png cache-miss
2344 silly fetch manifest jimp-compact@0.16.1
2345 silly packumentCache full:https://registry.npmjs.org/jimp-compact cache-miss
2346 silly fetch manifest @expo/require-utils@^55.0.4
2347 silly packumentCache full:https://registry.npmjs.org/@expo%2frequire-utils cache-miss
2348 http fetch GET 200 https://registry.npmjs.org/parse-png 84ms (cache miss)
2349 silly packumentCache full:https://registry.npmjs.org/parse-png set size:undefined disposed:false
2350 http fetch GET 200 https://registry.npmjs.org/jimp-compact 211ms (cache miss)
2351 silly packumentCache full:https://registry.npmjs.org/jimp-compact set size:undefined disposed:false
2352 http fetch GET 200 https://registry.npmjs.org/@expo%2frequire-utils 1029ms (cache miss)
2353 silly packumentCache full:https://registry.npmjs.org/@expo%2frequire-utils set size:undefined disposed:false
2354 silly fetch manifest typescript@^5.0.0 || ^5.0.0-0
2355 silly packumentCache full:https://registry.npmjs.org/typescript cache-miss
2356 http fetch GET 200 https://registry.npmjs.org/typescript 2350ms (cache miss)
2357 silly packumentCache full:https://registry.npmjs.org/typescript set size:undefined disposed:false
2358 silly placeDep ROOT @expo/require-utils@55.0.4 OK for: @expo/image-utils@0.8.13 want: ^55.0.4
2359 silly placeDep node_modules/@expo/image-utils chalk@4.1.2 OK for: @expo/image-utils@0.8.13 want: ^4.0.0
2360 silly placeDep ROOT jimp-compact@0.16.1 OK for: @expo/image-utils@0.8.13 want: 0.16.1
2361 silly placeDep ROOT parse-png@2.1.0 OK for: @expo/image-utils@0.8.13 want: ^2.1.0
2362 silly fetch manifest pngjs@^3.3.0
2363 silly packumentCache full:https://registry.npmjs.org/pngjs cache-miss
2364 http fetch GET 200 https://registry.npmjs.org/pngjs 143ms (cache miss)
2365 silly packumentCache full:https://registry.npmjs.org/pngjs set size:undefined disposed:false
2366 silly placeDep node_modules/@expo/require-utils @babel/code-frame@7.29.0 OK for: @expo/require-utils@55.0.4 want: ^7.20.0
2367 silly placeDep ROOT fontfaceobserver@2.3.0 OK for: expo-font@55.0.6 want: ^2.1.0
2368 silly placeDep ROOT expo-image-loader@6.0.0 OK for: expo-image-picker@17.0.10 want: ~6.0.0
2369 silly placeDep node_modules/expo-modules-autolinking chalk@4.1.2 OK for: expo-modules-autolinking@3.0.24 want: ^4.1.0
2370 silly placeDep ROOT commander@7.2.0 OK for: expo-modules-autolinking@3.0.24 want: ^7.2.0
2371 silly placeDep ROOT react-native-is-edge-to-edge@1.3.1 OK for: expo-status-bar@3.0.9 want: ^1.2.1
2372 silly placeDep ROOT asynckit@0.4.0 OK for: form-data@4.0.5 want: ^0.4.0
2373 silly placeDep ROOT combined-stream@1.0.8 OK for: form-data@4.0.5 want: ^1.0.8
2374 silly placeDep ROOT es-set-tostringtag@2.1.0 OK for: form-data@4.0.5 want: ^2.1.0
2375 silly placeDep ROOT hasown@2.0.3 OK for: form-data@4.0.5 want: ^2.0.2
2376 silly placeDep ROOT mime-types@2.1.35 OK for: form-data@4.0.5 want: ^2.1.12
2377 silly fetch manifest delayed-stream@~1.0.0
2378 silly packumentCache full:https://registry.npmjs.org/delayed-stream cache-miss
2379 silly fetch manifest get-intrinsic@^1.2.6
2380 silly packumentCache full:https://registry.npmjs.org/get-intrinsic cache-miss
2381 silly fetch manifest has-tostringtag@^1.0.2
2382 silly packumentCache full:https://registry.npmjs.org/has-tostringtag cache-miss
2383 silly fetch manifest function-bind@^1.1.2
2384 silly packumentCache full:https://registry.npmjs.org/function-bind cache-miss
2385 silly fetch manifest mime-db@1.52.0
2386 silly packumentCache full:https://registry.npmjs.org/mime-db cache-miss
2387 http fetch GET 200 https://registry.npmjs.org/get-intrinsic 73ms (cache revalidated)
2388 silly packumentCache full:https://registry.npmjs.org/get-intrinsic set size:60985 disposed:false
2389 http fetch GET 200 https://registry.npmjs.org/delayed-stream 76ms (cache revalidated)
2390 silly packumentCache full:https://registry.npmjs.org/delayed-stream set size:15820 disposed:false
2391 http fetch GET 200 https://registry.npmjs.org/function-bind 77ms (cache revalidated)
2392 silly packumentCache full:https://registry.npmjs.org/function-bind set size:15733 disposed:false
2393 http fetch GET 200 https://registry.npmjs.org/has-tostringtag 101ms (cache revalidated)
2394 silly packumentCache full:https://registry.npmjs.org/has-tostringtag set size:13945 disposed:false
2395 http fetch GET 200 https://registry.npmjs.org/mime-db 106ms (cache revalidated)
2396 silly packumentCache full:https://registry.npmjs.org/mime-db set size:164953 disposed:false
2397 silly placeDep ROOT delayed-stream@1.0.0 OK for: combined-stream@1.0.8 want: ~1.0.0
2398 silly placeDep ROOT es-errors@1.3.0 OK for: es-set-tostringtag@2.1.0 want: ^1.3.0
2399 silly placeDep ROOT get-intrinsic@1.3.0 OK for: es-set-tostringtag@2.1.0 want: ^1.2.6
2400 silly placeDep ROOT has-tostringtag@1.0.2 OK for: es-set-tostringtag@2.1.0 want: ^1.0.2
2401 silly fetch manifest gopd@^1.2.0
2402 silly packumentCache full:https://registry.npmjs.org/gopd cache-miss
2403 silly fetch manifest get-proto@^1.0.1
2404 silly packumentCache full:https://registry.npmjs.org/get-proto cache-miss
2405 silly fetch manifest has-symbols@^1.1.0
2406 silly packumentCache full:https://registry.npmjs.org/has-symbols cache-miss
2407 silly fetch manifest es-object-atoms@^1.1.1
2408 silly packumentCache full:https://registry.npmjs.org/es-object-atoms cache-miss
2409 silly fetch manifest math-intrinsics@^1.1.0
2410 silly packumentCache full:https://registry.npmjs.org/math-intrinsics cache-miss
2411 silly fetch manifest es-define-property@^1.0.1
2412 silly packumentCache full:https://registry.npmjs.org/es-define-property cache-miss
2413 silly fetch manifest call-bind-apply-helpers@^1.0.2
2414 silly packumentCache full:https://registry.npmjs.org/call-bind-apply-helpers cache-miss
2415 silly fetch manifest has-symbols@^1.0.3
2416 silly packumentCache full:https://registry.npmjs.org/has-symbols cache-miss
2417 http fetch GET 200 https://registry.npmjs.org/es-object-atoms 64ms (cache revalidated)
2418 silly packumentCache full:https://registry.npmjs.org/es-object-atoms set size:15304 disposed:false
2419 http fetch GET 200 https://registry.npmjs.org/has-symbols 65ms (cache revalidated)
2420 silly packumentCache full:https://registry.npmjs.org/has-symbols set size:21550 disposed:false
2421 http fetch GET 200 https://registry.npmjs.org/es-define-property 65ms (cache revalidated)
2422 silly packumentCache full:https://registry.npmjs.org/es-define-property set size:8542 disposed:false
2423 http fetch GET 200 https://registry.npmjs.org/has-symbols 66ms (cache revalidated)
2424 silly packumentCache full:https://registry.npmjs.org/has-symbols set size:21550 disposed:false
2425 silly packumentCache full:https://registry.npmjs.org/has-symbols dispose
2426 http fetch GET 200 https://registry.npmjs.org/call-bind-apply-helpers 69ms (cache revalidated)
2427 silly packumentCache full:https://registry.npmjs.org/call-bind-apply-helpers set size:12744 disposed:false
2428 http fetch GET 200 https://registry.npmjs.org/gopd 70ms (cache revalidated)
2429 silly packumentCache full:https://registry.npmjs.org/gopd set size:11458 disposed:false
2430 http fetch GET 200 https://registry.npmjs.org/math-intrinsics 75ms (cache revalidated)
2431 silly packumentCache full:https://registry.npmjs.org/math-intrinsics set size:9265 disposed:false
2432 http fetch GET 200 https://registry.npmjs.org/get-proto 323ms (cache revalidated)
2433 silly packumentCache full:https://registry.npmjs.org/get-proto set size:8300 disposed:false
2434 silly placeDep ROOT call-bind-apply-helpers@1.0.2 OK for: get-intrinsic@1.3.0 want: ^1.0.2
2435 silly placeDep ROOT es-define-property@1.0.1 OK for: get-intrinsic@1.3.0 want: ^1.0.1
2436 silly placeDep ROOT es-object-atoms@1.1.1 OK for: get-intrinsic@1.3.0 want: ^1.1.1
2437 silly placeDep ROOT function-bind@1.1.2 OK for: get-intrinsic@1.3.0 want: ^1.1.2
2438 silly placeDep ROOT get-proto@1.0.1 OK for: get-intrinsic@1.3.0 want: ^1.0.1
2439 silly placeDep ROOT gopd@1.2.0 OK for: get-intrinsic@1.3.0 want: ^1.2.0
2440 silly placeDep ROOT has-symbols@1.1.0 OK for: get-intrinsic@1.3.0 want: ^1.1.0
2441 silly placeDep ROOT math-intrinsics@1.1.0 OK for: get-intrinsic@1.3.0 want: ^1.1.0
2442 silly fetch manifest dunder-proto@^1.0.1
2443 silly packumentCache full:https://registry.npmjs.org/dunder-proto cache-miss
2444 http fetch GET 200 https://registry.npmjs.org/dunder-proto 81ms (cache revalidated)
2445 silly packumentCache full:https://registry.npmjs.org/dunder-proto set size:8256 disposed:false
2446 silly placeDep ROOT dunder-proto@1.0.1 OK for: get-proto@1.0.1 want: ^1.0.1
2447 silly placeDep node_modules/glob minimatch@10.2.5 OK for: glob@13.0.6 want: ^10.2.2
2448 silly placeDep ROOT minipass@7.1.3 OK for: glob@13.0.6 want: ^7.1.3
2449 silly placeDep ROOT path-scurry@2.0.2 OK for: glob@13.0.6 want: ^2.0.2
2450 silly fetch manifest brace-expansion@^5.0.5
2451 silly packumentCache full:https://registry.npmjs.org/brace-expansion cache-hit
2452 silly fetch manifest lru-cache@^11.0.0
2453 silly packumentCache full:https://registry.npmjs.org/lru-cache cache-miss
2454 http cache https://registry.npmjs.org/lru-cache 14ms (cache hit)
2455 silly packumentCache full:https://registry.npmjs.org/lru-cache set size:439357 disposed:false
2456 silly placeDep ROOT hermes-estree@0.29.1 OK for: hermes-parser@0.29.1 want: 0.29.1
2457 silly placeDep ROOT loose-envify@1.4.0 OK for: invariant@2.2.4 want: ^1.0.0
2458 silly placeDep ROOT detect-libc@2.1.2 OK for: lightningcss@1.32.0 want: ^2.0.3
2459 silly placeDep ROOT lightningcss-android-arm64@1.32.0 OK for: lightningcss@1.32.0 want: 1.32.0
2460 silly placeDep ROOT lightningcss-darwin-arm64@1.32.0 OK for: lightningcss@1.32.0 want: 1.32.0
2461 silly placeDep ROOT lightningcss-darwin-x64@1.32.0 OK for: lightningcss@1.32.0 want: 1.32.0
2462 silly placeDep ROOT lightningcss-freebsd-x64@1.32.0 OK for: lightningcss@1.32.0 want: 1.32.0
2463 silly placeDep ROOT lightningcss-linux-arm-gnueabihf@1.32.0 OK for: lightningcss@1.32.0 want: 1.32.0
2464 silly placeDep ROOT lightningcss-linux-arm64-gnu@1.32.0 OK for: lightningcss@1.32.0 want: 1.32.0
2465 silly placeDep ROOT lightningcss-linux-arm64-musl@1.32.0 OK for: lightningcss@1.32.0 want: 1.32.0
2466 silly placeDep ROOT lightningcss-linux-x64-gnu@1.32.0 OK for: lightningcss@1.32.0 want: 1.32.0
2467 silly placeDep ROOT lightningcss-linux-x64-musl@1.32.0 OK for: lightningcss@1.32.0 want: 1.32.0
2468 silly placeDep ROOT lightningcss-win32-arm64-msvc@1.32.0 OK for: lightningcss@1.32.0 want: 1.32.0
2469 silly placeDep ROOT lightningcss-win32-x64-msvc@1.32.0 OK for: lightningcss@1.32.0 want: 1.32.0
2470 silly placeDep ROOT yallist@3.1.1 OK for: lru-cache@5.1.1 want: ^3.0.2
2471 silly placeDep ROOT is-plain-obj@2.1.0 OK for: merge-options@3.0.4 want: ^2.1.0
2472 silly fetch manifest bufferutil@^4.0.1
2473 silly packumentCache full:https://registry.npmjs.org/bufferutil cache-miss
2474 http fetch GET 200 https://registry.npmjs.org/bufferutil 79ms (cache miss)
2475 silly packumentCache full:https://registry.npmjs.org/bufferutil set size:undefined disposed:false
2476 silly fetch manifest utf-8-validate@^5.0.2
2477 silly packumentCache full:https://registry.npmjs.org/utf-8-validate cache-miss
2478 http fetch GET 200 https://registry.npmjs.org/utf-8-validate 154ms (cache miss)
2479 silly packumentCache full:https://registry.npmjs.org/utf-8-validate set size:undefined disposed:false
2480 silly placeDep node_modules/metro @babel/code-frame@7.29.0 OK for: metro@0.83.3 want: ^7.24.7
2481 silly placeDep ROOT accepts@1.3.8 OK for: metro@0.83.3 want: ^1.3.7
2482 silly placeDep node_modules/metro chalk@4.1.2 OK for: metro@0.83.3 want: ^4.0.0
2483 silly placeDep ROOT ci-info@2.0.0 OK for: metro@0.83.3 want: ^2.0.0
2484 silly placeDep ROOT connect@3.7.0 OK for: metro@0.83.3 want: ^3.6.5
2485 silly placeDep ROOT error-stack-parser@2.1.4 OK for: metro@0.83.3 want: ^2.0.6
2486 silly placeDep ROOT flow-enums-runtime@0.0.6 OK for: metro@0.83.3 want: ^0.0.6
2487 silly placeDep ROOT graceful-fs@4.2.11 OK for: metro@0.83.3 want: ^4.2.4
2488 silly placeDep node_modules/metro hermes-parser@0.32.0 OK for: metro@0.83.3 want: 0.32.0
2489 silly placeDep ROOT image-size@1.2.1 OK for: metro@0.83.3 want: ^1.0.2
2490 silly placeDep ROOT jest-worker@29.7.0 OK for: metro@0.83.3 want: ^29.7.0
2491 silly placeDep ROOT lodash.throttle@4.1.1 OK for: metro@0.83.3 want: ^4.1.1
2492 silly placeDep ROOT serialize-error@2.1.0 OK for: metro@0.83.3 want: ^2.1.0
2493 silly placeDep ROOT source-map@0.5.7 OK for: metro@0.83.3 want: ^0.5.6
2494 silly placeDep ROOT throat@5.0.0 OK for: metro@0.83.3 want: ^5.0.0
2495 silly placeDep ROOT ws@7.5.10 OK for: metro@0.83.3 want: ^7.5.10
2496 silly fetch manifest negotiator@0.6.3
2497 silly packumentCache full:https://registry.npmjs.org/negotiator cache-miss
2498 silly fetch manifest debug@2.6.9
2499 silly packumentCache full:https://registry.npmjs.org/debug cache-hit
2500 silly fetch manifest finalhandler@1.1.2
2501 silly packumentCache full:https://registry.npmjs.org/finalhandler cache-miss
2502 silly fetch manifest parseurl@~1.3.3
2503 silly packumentCache full:https://registry.npmjs.org/parseurl cache-miss
2504 silly fetch manifest utils-merge@1.0.1
2505 silly packumentCache full:https://registry.npmjs.org/utils-merge cache-miss
2506 silly fetch manifest stackframe@^1.3.4
2507 silly packumentCache full:https://registry.npmjs.org/stackframe cache-miss
2508 silly fetch manifest hermes-estree@0.32.0
2509 silly packumentCache full:https://registry.npmjs.org/hermes-estree cache-miss
2510 silly fetch manifest queue@6.0.2
2511 silly packumentCache full:https://registry.npmjs.org/queue cache-miss
2512 silly fetch manifest jest-util@^29.7.0
2513 silly packumentCache full:https://registry.npmjs.org/jest-util cache-miss
2514 silly fetch manifest @types/node@*
2515 silly packumentCache full:https://registry.npmjs.org/@types%2fnode cache-miss
2516 silly fetch manifest merge-stream@^2.0.0
2517 silly packumentCache full:https://registry.npmjs.org/merge-stream cache-miss
2518 silly fetch manifest supports-color@^8.0.0
2519 silly packumentCache full:https://registry.npmjs.org/supports-color cache-hit
2520 http cache https://registry.npmjs.org/hermes-estree 11ms (cache hit)
2521 silly packumentCache full:https://registry.npmjs.org/hermes-estree set size:125711 disposed:false
2522 http fetch GET 200 https://registry.npmjs.org/utils-merge 101ms (cache revalidated)
2523 silly packumentCache full:https://registry.npmjs.org/utils-merge set size:5237 disposed:false
2524 http fetch GET 200 https://registry.npmjs.org/parseurl 107ms (cache revalidated)
2525 silly packumentCache full:https://registry.npmjs.org/parseurl set size:24148 disposed:false
2526 http fetch GET 200 https://registry.npmjs.org/@types%2fnode 120ms (cache revalidated)
2527 silly packumentCache full:https://registry.npmjs.org/@types%2fnode set size:10972342 disposed:false
2528 http fetch GET 200 https://registry.npmjs.org/negotiator 171ms (cache revalidated)
2529 silly packumentCache full:https://registry.npmjs.org/negotiator set size:48046 disposed:false
2530 http fetch GET 200 https://registry.npmjs.org/finalhandler 172ms (cache revalidated)
2531 silly packumentCache full:https://registry.npmjs.org/finalhandler set size:79291 disposed:false
2532 http fetch GET 200 https://registry.npmjs.org/stackframe 173ms (cache miss)
2533 silly packumentCache full:https://registry.npmjs.org/stackframe set size:undefined disposed:false
2534 http fetch GET 200 https://registry.npmjs.org/merge-stream 173ms (cache miss)
2535 silly packumentCache full:https://registry.npmjs.org/merge-stream set size:undefined disposed:false
2536 http fetch GET 200 https://registry.npmjs.org/queue 193ms (cache miss)
2537 silly packumentCache full:https://registry.npmjs.org/queue set size:undefined disposed:false
2538 http fetch GET 200 https://registry.npmjs.org/jest-util 213ms (cache miss)
2539 silly packumentCache full:https://registry.npmjs.org/jest-util set size:undefined disposed:false
2540 silly placeDep ROOT negotiator@0.6.3 OK for: accepts@1.3.8 want: 0.6.3
2541 silly placeDep node_modules/connect debug@2.6.9 OK for: connect@3.7.0 want: 2.6.9
2542 silly placeDep ROOT finalhandler@1.1.2 OK for: connect@3.7.0 want: 1.1.2
2543 silly placeDep ROOT parseurl@1.3.3 OK for: connect@3.7.0 want: ~1.3.3
2544 silly placeDep ROOT utils-merge@1.0.1 OK for: connect@3.7.0 want: 1.0.1
2545 silly fetch manifest ms@2.0.0
2546 silly packumentCache full:https://registry.npmjs.org/ms cache-hit
2547 silly fetch manifest unpipe@~1.0.0
2548 silly packumentCache full:https://registry.npmjs.org/unpipe cache-miss
2549 silly fetch manifest statuses@~1.5.0
2550 silly packumentCache full:https://registry.npmjs.org/statuses cache-miss
2551 silly fetch manifest encodeurl@~1.0.2
2552 silly packumentCache full:https://registry.npmjs.org/encodeurl cache-miss
2553 silly fetch manifest escape-html@~1.0.3
2554 silly packumentCache full:https://registry.npmjs.org/escape-html cache-miss
2555 silly fetch manifest on-finished@~2.3.0
2556 silly packumentCache full:https://registry.npmjs.org/on-finished cache-miss
2557 http fetch GET 200 https://registry.npmjs.org/escape-html 68ms (cache revalidated)
2558 silly packumentCache full:https://registry.npmjs.org/escape-html set size:7345 disposed:false
2559 http fetch GET 200 https://registry.npmjs.org/unpipe 72ms (cache revalidated)
2560 silly packumentCache full:https://registry.npmjs.org/unpipe set size:3609 disposed:false
2561 http fetch GET 200 https://registry.npmjs.org/encodeurl 71ms (cache revalidated)
2562 silly packumentCache full:https://registry.npmjs.org/encodeurl set size:12296 disposed:false
2563 http fetch GET 200 https://registry.npmjs.org/statuses 104ms (cache revalidated)
2564 silly packumentCache full:https://registry.npmjs.org/statuses set size:37117 disposed:false
2565 http fetch GET 200 https://registry.npmjs.org/on-finished 124ms (cache revalidated)
2566 silly packumentCache full:https://registry.npmjs.org/on-finished set size:23212 disposed:false
2567 silly placeDep ROOT stackframe@1.3.4 OK for: error-stack-parser@2.1.4 want: ^1.3.4
2568 silly placeDep node_modules/finalhandler debug@2.6.9 OK for: finalhandler@1.1.2 want: 2.6.9
2569 silly placeDep ROOT encodeurl@1.0.2 OK for: finalhandler@1.1.2 want: ~1.0.2
2570 silly placeDep ROOT escape-html@1.0.3 OK for: finalhandler@1.1.2 want: ~1.0.3
2571 silly placeDep ROOT on-finished@2.3.0 OK for: finalhandler@1.1.2 want: ~2.3.0
2572 silly placeDep ROOT statuses@1.5.0 OK for: finalhandler@1.1.2 want: ~1.5.0
2573 silly placeDep ROOT unpipe@1.0.0 OK for: finalhandler@1.1.2 want: ~1.0.0
2574 silly fetch manifest ee-first@1.1.1
2575 silly packumentCache full:https://registry.npmjs.org/ee-first cache-miss
2576 http fetch GET 200 https://registry.npmjs.org/ee-first 75ms (cache revalidated)
2577 silly packumentCache full:https://registry.npmjs.org/ee-first set size:15327 disposed:false
2578 silly placeDep ROOT queue@6.0.2 OK for: image-size@1.2.1 want: 6.0.2
2579 silly fetch manifest inherits@~2.0.3
2580 silly packumentCache full:https://registry.npmjs.org/inherits cache-hit
2581 silly placeDep ROOT @types/node@25.6.0 OK for: jest-worker@29.7.0 want: *
2582 silly placeDep ROOT jest-util@29.7.0 OK for: jest-worker@29.7.0 want: ^29.7.0
2583 silly placeDep ROOT merge-stream@2.0.0 OK for: jest-worker@29.7.0 want: ^2.0.0
2584 silly placeDep node_modules/jest-worker supports-color@8.1.1 OK for: jest-worker@29.7.0 want: ^8.0.0
2585 silly fetch manifest undici-types@~7.19.0
2586 silly packumentCache full:https://registry.npmjs.org/undici-types cache-miss
2587 silly fetch manifest ci-info@^3.2.0
2588 silly packumentCache full:https://registry.npmjs.org/ci-info cache-hit
2589 silly fetch manifest picomatch@^2.2.3
2590 silly packumentCache full:https://registry.npmjs.org/picomatch cache-miss
2591 silly fetch manifest @jest/types@^29.6.3
2592 silly packumentCache full:https://registry.npmjs.org/@jest%2ftypes cache-miss
2593 silly fetch manifest has-flag@^4.0.0
2594 silly packumentCache full:https://registry.npmjs.org/has-flag cache-hit
2595 http cache https://registry.npmjs.org/picomatch 3ms (cache hit)
2596 silly packumentCache full:https://registry.npmjs.org/picomatch set size:126376 disposed:false
2597 http fetch GET 200 https://registry.npmjs.org/undici-types 200ms (cache miss)
2598 silly packumentCache full:https://registry.npmjs.org/undici-types set size:undefined disposed:false
2599 http fetch GET 200 https://registry.npmjs.org/@jest%2ftypes 433ms (cache miss)
2600 silly packumentCache full:https://registry.npmjs.org/@jest%2ftypes set size:undefined disposed:false
2601 silly placeDep ROOT undici-types@7.19.2 OK for: @types/node@25.6.0 want: ~7.19.0
2602 silly placeDep ROOT @jest/types@29.6.3 OK for: jest-util@29.7.0 want: ^29.6.3
2603 silly placeDep node_modules/jest-util chalk@4.1.2 OK for: jest-util@29.7.0 want: ^4.0.0
2604 silly placeDep node_modules/jest-util ci-info@3.9.0 OK for: jest-util@29.7.0 want: ^3.2.0
2605 silly placeDep ROOT picomatch@2.3.2 OK for: jest-util@29.7.0 want: ^2.2.3
2606 silly fetch manifest @types/yargs@^17.0.8
2607 silly packumentCache full:https://registry.npmjs.org/@types%2fyargs cache-miss
2608 silly fetch manifest @types/istanbul-reports@^3.0.0
2609 silly packumentCache full:https://registry.npmjs.org/@types%2fistanbul-reports cache-miss
2610 silly fetch manifest @types/istanbul-lib-coverage@^2.0.0
2611 silly packumentCache full:https://registry.npmjs.org/@types%2fistanbul-lib-coverage cache-miss
2612 http fetch GET 200 https://registry.npmjs.org/@types%2fistanbul-lib-coverage 232ms (cache miss)
2613 silly packumentCache full:https://registry.npmjs.org/@types%2fistanbul-lib-coverage set size:undefined disposed:false
2614 http fetch GET 200 https://registry.npmjs.org/@types%2fistanbul-reports 416ms (cache miss)
2615 silly packumentCache full:https://registry.npmjs.org/@types%2fistanbul-reports set size:undefined disposed:false
2616 http fetch GET 200 https://registry.npmjs.org/@types%2fyargs 464ms (cache miss)
2617 silly packumentCache full:https://registry.npmjs.org/@types%2fyargs set size:undefined disposed:false
2618 silly placeDep ROOT @jest/schemas@29.6.3 OK for: @jest/types@29.6.3 want: ^29.6.3
2619 silly placeDep ROOT @types/istanbul-lib-coverage@2.0.6 OK for: @jest/types@29.6.3 want: ^2.0.0
2620 silly placeDep ROOT @types/istanbul-reports@3.0.4 OK for: @jest/types@29.6.3 want: ^3.0.0
2621 silly placeDep ROOT @types/yargs@17.0.35 OK for: @jest/types@29.6.3 want: ^17.0.8
2622 silly placeDep node_modules/@jest/types chalk@4.1.2 OK for: @jest/types@29.6.3 want: ^4.0.0
2623 silly fetch manifest @sinclair/typebox@^0.27.8
2624 silly packumentCache full:https://registry.npmjs.org/@sinclair%2ftypebox cache-miss
2625 silly fetch manifest @types/istanbul-lib-report@*
2626 silly packumentCache full:https://registry.npmjs.org/@types%2fistanbul-lib-report cache-miss
2627 silly fetch manifest @types/yargs-parser@*
2628 silly packumentCache full:https://registry.npmjs.org/@types%2fyargs-parser cache-miss
2629 http fetch GET 200 https://registry.npmjs.org/@types%2fistanbul-lib-report 85ms (cache miss)
2630 silly packumentCache full:https://registry.npmjs.org/@types%2fistanbul-lib-report set size:undefined disposed:false
2631 http fetch GET 200 https://registry.npmjs.org/@types%2fyargs-parser 126ms (cache miss)
2632 silly packumentCache full:https://registry.npmjs.org/@types%2fyargs-parser set size:undefined disposed:false
2633 http fetch GET 200 https://registry.npmjs.org/@sinclair%2ftypebox 860ms (cache miss)
2634 silly packumentCache full:https://registry.npmjs.org/@sinclair%2ftypebox set size:undefined disposed:false
2635 silly placeDep ROOT @sinclair/typebox@0.27.10 OK for: @jest/schemas@29.6.3 want: ^0.27.8
2636 silly placeDep ROOT @types/istanbul-lib-report@3.0.3 OK for: @types/istanbul-reports@3.0.4 want: *
2637 silly placeDep ROOT @types/yargs-parser@21.0.3 OK for: @types/yargs@17.0.35 want: *
2638 silly placeDep node_modules/metro-babel-transformer hermes-parser@0.32.0 OK for: metro-babel-transformer@0.83.3 want: 0.32.0
2639 silly placeDep ROOT exponential-backoff@3.1.3 OK for: metro-cache@0.83.3 want: ^3.1.1
2640 silly placeDep ROOT https-proxy-agent@7.0.6 OK for: metro-cache@0.83.3 want: ^7.0.5
2641 silly fetch manifest agent-base@^7.1.2
2642 silly packumentCache full:https://registry.npmjs.org/agent-base cache-miss
2643 http fetch GET 200 https://registry.npmjs.org/agent-base 111ms (cache revalidated)
2644 silly packumentCache full:https://registry.npmjs.org/agent-base set size:72085 disposed:false
2645 silly placeDep ROOT agent-base@7.1.4 OK for: https-proxy-agent@7.0.6 want: ^7.1.2
2646 silly placeDep ROOT jest-validate@29.7.0 OK for: metro-config@0.83.3 want: ^29.7.0
2647 silly placeDep ROOT yaml@2.8.3 OK for: metro-config@0.83.3 want: ^2.6.1
2648 silly fetch manifest leven@^3.1.0
2649 silly packumentCache full:https://registry.npmjs.org/leven cache-miss
2650 silly fetch manifest camelcase@^6.2.0
2651 silly packumentCache full:https://registry.npmjs.org/camelcase cache-miss
2652 silly fetch manifest jest-get-type@^29.6.3
2653 silly packumentCache full:https://registry.npmjs.org/jest-get-type cache-miss
2654 http fetch GET 200 https://registry.npmjs.org/camelcase 100ms (cache miss)
2655 silly packumentCache full:https://registry.npmjs.org/camelcase set size:undefined disposed:false
2656 http fetch GET 200 https://registry.npmjs.org/leven 123ms (cache miss)
2657 silly packumentCache full:https://registry.npmjs.org/leven set size:undefined disposed:false
2658 http fetch GET 200 https://registry.npmjs.org/jest-get-type 207ms (cache miss)
2659 silly packumentCache full:https://registry.npmjs.org/jest-get-type set size:undefined disposed:false
2660 silly placeDep ROOT camelcase@6.3.0 OK for: jest-validate@29.7.0 want: ^6.2.0
2661 silly placeDep node_modules/jest-validate chalk@4.1.2 OK for: jest-validate@29.7.0 want: ^4.0.0
2662 silly placeDep ROOT jest-get-type@29.6.3 OK for: jest-validate@29.7.0 want: ^29.6.3
2663 silly placeDep ROOT leven@3.1.0 OK for: jest-validate@29.7.0 want: ^3.1.0
2664 silly placeDep ROOT fb-watchman@2.0.2 OK for: metro-file-map@0.83.3 want: ^2.0.0
2665 silly placeDep ROOT micromatch@4.0.8 OK for: metro-file-map@0.83.3 want: ^4.0.4
2666 silly placeDep ROOT walker@1.0.8 OK for: metro-file-map@0.83.3 want: ^1.0.7
2667 silly fetch manifest bser@2.1.1
2668 silly packumentCache full:https://registry.npmjs.org/bser cache-miss
2669 silly fetch manifest braces@^3.0.3
2670 silly packumentCache full:https://registry.npmjs.org/braces cache-miss
2671 silly fetch manifest makeerror@1.0.12
2672 silly packumentCache full:https://registry.npmjs.org/makeerror cache-miss
2673 http fetch GET 200 https://registry.npmjs.org/makeerror 74ms (cache miss)
2674 silly packumentCache full:https://registry.npmjs.org/makeerror set size:undefined disposed:false
2675 http fetch GET 200 https://registry.npmjs.org/bser 151ms (cache miss)
2676 silly packumentCache full:https://registry.npmjs.org/bser set size:undefined disposed:false
2677 http fetch GET 200 https://registry.npmjs.org/braces 157ms (cache miss)
2678 silly packumentCache full:https://registry.npmjs.org/braces set size:undefined disposed:false
2679 silly placeDep ROOT bser@2.1.1 OK for: fb-watchman@2.0.2 want: 2.1.1
2680 silly fetch manifest node-int64@^0.4.0
2681 silly packumentCache full:https://registry.npmjs.org/node-int64 cache-miss
2682 http fetch GET 200 https://registry.npmjs.org/node-int64 130ms (cache miss)
2683 silly packumentCache full:https://registry.npmjs.org/node-int64 set size:undefined disposed:false
2684 silly placeDep ROOT node-int64@0.4.0 OK for: bser@2.1.1 want: ^0.4.0
2685 silly placeDep ROOT terser@5.46.2 OK for: metro-minify-terser@0.83.3 want: ^5.15.0
2686 silly fetch manifest @jridgewell/source-map@^0.3.3
2687 silly packumentCache full:https://registry.npmjs.org/@jridgewell%2fsource-map cache-miss
2688 silly fetch manifest acorn@^8.15.0
2689 silly packumentCache full:https://registry.npmjs.org/acorn cache-miss
2690 silly fetch manifest commander@^2.20.0
2691 silly packumentCache full:https://registry.npmjs.org/commander cache-hit
2692 silly fetch manifest source-map-support@~0.5.20
2693 silly packumentCache full:https://registry.npmjs.org/source-map-support cache-miss
2694 http cache https://registry.npmjs.org/source-map-support 15ms (cache hit)
2695 silly packumentCache full:https://registry.npmjs.org/source-map-support set size:125488 disposed:false
2696 http fetch GET 200 https://registry.npmjs.org/acorn 138ms (cache revalidated)
2697 silly packumentCache full:https://registry.npmjs.org/acorn set size:379626 disposed:false
2698 http fetch GET 200 https://registry.npmjs.org/@jridgewell%2fsource-map 316ms (cache miss)
2699 silly packumentCache full:https://registry.npmjs.org/@jridgewell%2fsource-map set size:undefined disposed:false
2700 silly placeDep ROOT @babel/traverse--for-generate-function-map@7.29.0 OK for: metro-source-map@0.83.3 want: npm:@babel/traverse@^7.25.3
2701 silly placeDep ROOT ob1@0.83.3 OK for: metro-source-map@0.83.3 want: 0.83.3
2702 silly placeDep ROOT vlq@1.0.1 OK for: metro-source-map@0.83.3 want: ^1.0.0
2703 silly placeDep node_modules/@babel/traverse--for-generate-function-map @babel/code-frame@7.29.0 OK for: @babel/traverse@7.29.0 want: ^7.29.0
2704 silly placeDep ROOT braces@3.0.3 OK for: micromatch@4.0.8 want: ^3.0.3
2705 silly fetch manifest fill-range@^7.1.1
2706 silly packumentCache full:https://registry.npmjs.org/fill-range cache-miss
2707 http fetch GET 200 https://registry.npmjs.org/fill-range 107ms (cache miss)
2708 silly packumentCache full:https://registry.npmjs.org/fill-range set size:undefined disposed:false
2709 silly placeDep ROOT fill-range@7.1.1 OK for: braces@3.0.3 want: ^7.1.1
2710 silly fetch manifest to-regex-range@^5.0.1
2711 silly packumentCache full:https://registry.npmjs.org/to-regex-range cache-miss
2712 http fetch GET 200 https://registry.npmjs.org/to-regex-range 94ms (cache miss)
2713 silly packumentCache full:https://registry.npmjs.org/to-regex-range set size:undefined disposed:false
2714 silly placeDep ROOT to-regex-range@5.0.1 OK for: fill-range@7.1.1 want: ^5.0.1
2715 silly fetch manifest is-number@^7.0.0
2716 silly packumentCache full:https://registry.npmjs.org/is-number cache-miss
2717 http fetch GET 200 https://registry.npmjs.org/is-number 131ms (cache miss)
2718 silly packumentCache full:https://registry.npmjs.org/is-number set size:undefined disposed:false
2719 silly placeDep ROOT mime-db@1.52.0 OK for: mime-types@2.1.35 want: 1.52.0
2720 silly placeDep ROOT brace-expansion@2.1.0 OK for: minimatch@9.0.9 want: ^2.0.2
2721 silly fetch manifest balanced-match@^1.0.0
2722 silly packumentCache full:https://registry.npmjs.org/balanced-match cache-miss
2723 http fetch GET 200 https://registry.npmjs.org/balanced-match 73ms (cache revalidated)
2724 silly packumentCache full:https://registry.npmjs.org/balanced-match set size:39082 disposed:false
2725 silly placeDep ROOT balanced-match@1.0.2 OK for: brace-expansion@2.1.0 want: ^1.0.0
2726 silly placeDep ROOT ee-first@1.1.1 OK for: on-finished@2.3.0 want: 1.1.1
2727 silly placeDep ROOT yocto-queue@0.1.0 OK for: p-limit@3.1.0 want: ^0.1.0
2728 silly placeDep ROOT pngjs@3.4.0 OK for: parse-png@2.1.0 want: ^3.3.0
2729 silly placeDep node_modules/path-scurry lru-cache@11.3.5 OK for: path-scurry@2.0.2 want: ^11.0.0
2730 silly placeDep ROOT source-map-js@1.2.1 OK for: postcss@8.4.49 want: ^1.2.1
2731 silly placeDep node_modules/pretty-format ansi-styles@5.2.0 OK for: pretty-format@29.7.0 want: ^5.0.0
2732 silly placeDep node_modules/pretty-format react-is@18.3.1 OK for: pretty-format@29.7.0 want: ^18.0.0
2733 silly placeDep ROOT decode-uri-component@0.2.2 OK for: query-string@7.1.3 want: ^0.2.2
2734 silly placeDep ROOT filter-obj@1.1.0 OK for: query-string@7.1.3 want: ^1.1.0
2735 silly placeDep ROOT split-on-first@1.1.0 OK for: query-string@7.1.3 want: ^1.0.0
2736 silly placeDep ROOT strict-uri-encode@2.0.0 OK for: query-string@7.1.3 want: ^2.0.0
2737 silly placeDep ROOT inherits@2.0.4 OK for: queue@6.0.2 want: ~2.0.3
2738 silly placeDep ROOT scheduler@0.26.0 OK for: react-dom@19.1.0 want: ^0.26.0
2739 silly fetch manifest @babel/core@^7.8.0
2740 silly packumentCache full:https://registry.npmjs.org/@babel%2fcore cache-hit
2741 silly fetch manifest react@^19.1.0
2742 silly packumentCache full:https://registry.npmjs.org/react cache-miss
2743 http cache https://registry.npmjs.org/react 26ms (cache hit)
2744 silly packumentCache full:https://registry.npmjs.org/react set size:6621771 disposed:false
2745 silly fetch manifest @react-native-community/cli@*
2746 silly packumentCache full:https://registry.npmjs.org/@react-native-community%2fcli cache-miss
2747 http fetch GET 200 https://registry.npmjs.org/@react-native-community%2fcli 550ms (cache miss)
2748 silly packumentCache full:https://registry.npmjs.org/@react-native-community%2fcli set size:undefined disposed:false
2749 silly placeDep ROOT @jest/create-cache-key-function@29.7.0 OK for: react-native@0.81.5 want: ^29.7.0
2750 silly placeDep ROOT @react-native/assets-registry@0.81.5 OK for: react-native@0.81.5 want: 0.81.5
2751 silly placeDep ROOT @react-native/community-cli-plugin@0.81.5 OK for: react-native@0.81.5 want: 0.81.5
2752 silly placeDep ROOT @react-native/gradle-plugin@0.81.5 OK for: react-native@0.81.5 want: 0.81.5
2753 silly placeDep ROOT @react-native/js-polyfills@0.81.5 OK for: react-native@0.81.5 want: 0.81.5
2754 silly placeDep ROOT @react-native/normalize-colors@0.81.5 OK for: react-native@0.81.5 want: 0.81.5
2755 silly placeDep node_modules/react-native @react-native/virtualized-lists@0.81.5 CONFLICT for: react-native@0.81.5 want: 0.81.5
2756 silly placeDep ROOT abort-controller@3.0.0 OK for: react-native@0.81.5 want: ^3.0.0
2757 silly placeDep ROOT ansi-regex@5.0.1 OK for: react-native@0.81.5 want: ^5.0.0
2758 silly placeDep ROOT babel-jest@29.7.0 OK for: react-native@0.81.5 want: ^29.7.0
2759 silly placeDep node_modules/react-native commander@12.1.0 OK for: react-native@0.81.5 want: ^12.0.0
2760 silly placeDep node_modules/react-native glob@7.2.3 OK for: react-native@0.81.5 want: ^7.1.1
2761 silly placeDep ROOT jest-environment-node@29.7.0 OK for: react-native@0.81.5 want: ^29.7.0
2762 silly placeDep ROOT memoize-one@5.2.1 OK for: react-native@0.81.5 want: ^5.0.0
2763 silly placeDep ROOT promise@8.3.0 OK for: react-native@0.81.5 want: ^8.3.0
2764 silly placeDep ROOT react-devtools-core@6.1.5 OK for: react-native@0.81.5 want: ^6.1.5
2765 silly placeDep ROOT regenerator-runtime@0.13.11 OK for: react-native@0.81.5 want: ^0.13.2
2766 silly placeDep node_modules/react-native ws@6.2.3 OK for: react-native@0.81.5 want: ^6.2.3
2767 silly fetch manifest event-target-shim@^5.0.0
2768 silly packumentCache full:https://registry.npmjs.org/event-target-shim cache-miss
2769 silly fetch manifest @jest/transform@^29.7.0
2770 silly packumentCache full:https://registry.npmjs.org/@jest%2ftransform cache-miss
2771 silly fetch manifest babel-preset-jest@^29.6.3
2772 silly packumentCache full:https://registry.npmjs.org/babel-preset-jest cache-miss
2773 silly fetch manifest @types/babel__core@^7.1.14
2774 silly packumentCache full:https://registry.npmjs.org/@types%2fbabel__core cache-miss
2775 silly fetch manifest babel-plugin-istanbul@^6.1.1
2776 silly packumentCache full:https://registry.npmjs.org/babel-plugin-istanbul cache-miss
2777 silly fetch manifest jest-mock@^29.7.0
2778 silly packumentCache full:https://registry.npmjs.org/jest-mock cache-miss
2779 silly fetch manifest @jest/environment@^29.7.0
2780 silly packumentCache full:https://registry.npmjs.org/@jest%2fenvironment cache-miss
2781 silly fetch manifest @jest/fake-timers@^29.7.0
2782 silly packumentCache full:https://registry.npmjs.org/@jest%2ffake-timers cache-miss
2783 silly fetch manifest asap@~2.0.6
2784 silly packumentCache full:https://registry.npmjs.org/asap cache-miss
2785 silly fetch manifest shell-quote@^1.6.1
2786 silly packumentCache full:https://registry.npmjs.org/shell-quote cache-miss
2787 silly fetch manifest async-limiter@~1.0.0
2788 silly packumentCache full:https://registry.npmjs.org/async-limiter cache-miss
2789 http fetch GET 200 https://registry.npmjs.org/async-limiter 105ms (cache miss)
2790 silly packumentCache full:https://registry.npmjs.org/async-limiter set size:undefined disposed:false
2791 http fetch GET 200 https://registry.npmjs.org/asap 107ms (cache miss)
2792 silly packumentCache full:https://registry.npmjs.org/asap set size:undefined disposed:false
2793 http fetch GET 200 https://registry.npmjs.org/event-target-shim 170ms (cache miss)
2794 silly packumentCache full:https://registry.npmjs.org/event-target-shim set size:undefined disposed:false
2795 http fetch GET 200 https://registry.npmjs.org/babel-plugin-istanbul 222ms (cache miss)
2796 silly packumentCache full:https://registry.npmjs.org/babel-plugin-istanbul set size:undefined disposed:false
2797 http fetch GET 200 https://registry.npmjs.org/babel-preset-jest 310ms (cache miss)
2798 silly packumentCache full:https://registry.npmjs.org/babel-preset-jest set size:undefined disposed:false
2799 http fetch GET 200 https://registry.npmjs.org/@jest%2ftransform 346ms (cache miss)
2800 silly packumentCache full:https://registry.npmjs.org/@jest%2ftransform set size:undefined disposed:false
2801 http fetch GET 200 https://registry.npmjs.org/shell-quote 368ms (cache miss)
2802 silly packumentCache full:https://registry.npmjs.org/shell-quote set size:undefined disposed:false
2803 http fetch GET 200 https://registry.npmjs.org/@types%2fbabel__core 493ms (cache miss)
2804 silly packumentCache full:https://registry.npmjs.org/@types%2fbabel__core set size:undefined disposed:false
2805 http fetch GET 200 https://registry.npmjs.org/@jest%2fenvironment 796ms (cache miss)
2806 silly packumentCache full:https://registry.npmjs.org/@jest%2fenvironment set size:undefined disposed:false
2807 http fetch GET 200 https://registry.npmjs.org/jest-mock 1717ms (cache miss)
2808 silly packumentCache full:https://registry.npmjs.org/jest-mock set size:undefined disposed:false
2809 http fetch GET 200 https://registry.npmjs.org/@jest%2ffake-timers 2057ms (cache miss)
2810 silly packumentCache full:https://registry.npmjs.org/@jest%2ffake-timers set size:undefined disposed:false
2811 silly placeDep ROOT @react-native/dev-middleware@0.81.5 OK for: @react-native/community-cli-plugin@0.81.5 want: 0.81.5
2812 silly fetch manifest open@^7.0.3
2813 silly packumentCache full:https://registry.npmjs.org/open cache-miss
2814 silly fetch manifest serve-static@^1.16.2
2815 silly packumentCache full:https://registry.npmjs.org/serve-static cache-miss
2816 silly fetch manifest chrome-launcher@^0.15.2
2817 silly packumentCache full:https://registry.npmjs.org/chrome-launcher cache-miss
2818 silly fetch manifest @isaacs/ttlcache@^1.4.1
2819 silly packumentCache full:https://registry.npmjs.org/@isaacs%2fttlcache cache-miss
2820 silly fetch manifest chromium-edge-launcher@^0.2.0
2821 silly packumentCache full:https://registry.npmjs.org/chromium-edge-launcher cache-miss
2822 silly fetch manifest @react-native/debugger-frontend@0.81.5
2823 silly packumentCache full:https://registry.npmjs.org/@react-native%2fdebugger-frontend cache-miss
2824 http fetch GET 200 https://registry.npmjs.org/chromium-edge-launcher 163ms (cache miss)
2825 silly packumentCache full:https://registry.npmjs.org/chromium-edge-launcher set size:undefined disposed:false
2826 http fetch GET 200 https://registry.npmjs.org/chrome-launcher 163ms (cache miss)
2827 silly packumentCache full:https://registry.npmjs.org/chrome-launcher set size:undefined disposed:false
2828 http fetch GET 200 https://registry.npmjs.org/serve-static 168ms (cache revalidated)
2829 silly packumentCache full:https://registry.npmjs.org/serve-static set size:150391 disposed:false
2830 http fetch GET 200 https://registry.npmjs.org/open 171ms (cache miss)
2831 silly packumentCache full:https://registry.npmjs.org/open set size:undefined disposed:false
2832 http fetch GET 200 https://registry.npmjs.org/@isaacs%2fttlcache 171ms (cache miss)
2833 silly packumentCache full:https://registry.npmjs.org/@isaacs%2fttlcache set size:undefined disposed:false
2834 http fetch GET 200 https://registry.npmjs.org/@react-native%2fdebugger-frontend 1086ms (cache miss)
2835 silly packumentCache full:https://registry.npmjs.org/@react-native%2fdebugger-frontend set size:undefined disposed:false
2836 silly placeDep ROOT @isaacs/ttlcache@1.4.1 OK for: @react-native/dev-middleware@0.81.5 want: ^1.4.1
2837 silly placeDep ROOT @react-native/debugger-frontend@0.81.5 OK for: @react-native/dev-middleware@0.81.5 want: 0.81.5
2838 silly placeDep ROOT chrome-launcher@0.15.2 OK for: @react-native/dev-middleware@0.81.5 want: ^0.15.2
2839 silly placeDep ROOT chromium-edge-launcher@0.2.0 OK for: @react-native/dev-middleware@0.81.5 want: ^0.2.0
2840 silly placeDep ROOT open@7.4.2 OK for: @react-native/dev-middleware@0.81.5 want: ^7.0.3
2841 silly placeDep ROOT serve-static@1.16.3 OK for: @react-native/dev-middleware@0.81.5 want: ^1.16.2
2842 silly placeDep node_modules/@react-native/dev-middleware ws@6.2.3 OK for: @react-native/dev-middleware@0.81.5 want: ^6.2.3
2843 silly fetch manifest is-wsl@^2.2.0
2844 silly packumentCache full:https://registry.npmjs.org/is-wsl cache-miss
2845 silly fetch manifest lighthouse-logger@^1.0.0
2846 silly packumentCache full:https://registry.npmjs.org/lighthouse-logger cache-miss
2847 silly fetch manifest is-wsl@^2.2.0
2848 silly packumentCache full:https://registry.npmjs.org/is-wsl cache-miss
2849 silly fetch manifest mkdirp@^1.0.4
2850 silly packumentCache full:https://registry.npmjs.org/mkdirp cache-miss
2851 silly fetch manifest rimraf@^3.0.2
2852 silly packumentCache full:https://registry.npmjs.org/rimraf cache-miss
2853 silly fetch manifest lighthouse-logger@^1.0.0
2854 silly packumentCache full:https://registry.npmjs.org/lighthouse-logger cache-miss
2855 silly fetch manifest is-wsl@^2.1.1
2856 silly packumentCache full:https://registry.npmjs.org/is-wsl cache-miss
2857 silly fetch manifest is-docker@^2.0.0
2858 silly packumentCache full:https://registry.npmjs.org/is-docker cache-miss
2859 silly fetch manifest send@~0.19.1
2860 silly packumentCache full:https://registry.npmjs.org/send cache-hit
2861 silly fetch manifest encodeurl@~2.0.0
2862 silly packumentCache full:https://registry.npmjs.org/encodeurl cache-hit
2863 http fetch GET 200 https://registry.npmjs.org/is-wsl 99ms (cache miss)
2864 silly packumentCache full:https://registry.npmjs.org/is-wsl set size:undefined disposed:false
2865 http fetch GET 200 https://registry.npmjs.org/lighthouse-logger 100ms (cache miss)
2866 silly packumentCache full:https://registry.npmjs.org/lighthouse-logger set size:undefined disposed:false
2867 http fetch GET 200 https://registry.npmjs.org/is-wsl 99ms (cache miss)
2868 silly packumentCache full:https://registry.npmjs.org/is-wsl set size:undefined disposed:false
2869 http fetch GET 200 https://registry.npmjs.org/is-wsl 101ms (cache miss)
2870 silly packumentCache full:https://registry.npmjs.org/is-wsl set size:undefined disposed:false
2871 http fetch GET 200 https://registry.npmjs.org/lighthouse-logger 100ms (cache miss)
2872 silly packumentCache full:https://registry.npmjs.org/lighthouse-logger set size:undefined disposed:false
2873 http fetch GET 200 https://registry.npmjs.org/mkdirp 115ms (cache revalidated)
2874 silly packumentCache full:https://registry.npmjs.org/mkdirp set size:116455 disposed:false
2875 http fetch GET 200 https://registry.npmjs.org/rimraf 117ms (cache revalidated)
2876 silly packumentCache full:https://registry.npmjs.org/rimraf set size:212626 disposed:false
2877 http fetch GET 200 https://registry.npmjs.org/is-docker 191ms (cache miss)
2878 silly packumentCache full:https://registry.npmjs.org/is-docker set size:undefined disposed:false
2879 silly placeDep ROOT event-target-shim@5.0.1 OK for: abort-controller@3.0.0 want: ^5.0.0
2880 silly placeDep ROOT @jest/transform@29.7.0 OK for: babel-jest@29.7.0 want: ^29.7.0
2881 silly placeDep ROOT @types/babel__core@7.20.5 OK for: babel-jest@29.7.0 want: ^7.1.14
2882 silly placeDep ROOT babel-plugin-istanbul@6.1.1 OK for: babel-jest@29.7.0 want: ^6.1.1
2883 silly placeDep ROOT babel-preset-jest@29.6.3 OK for: babel-jest@29.7.0 want: ^29.6.3
2884 silly placeDep node_modules/babel-jest chalk@4.1.2 OK for: babel-jest@29.7.0 want: ^4.0.0
2885 silly fetch manifest pirates@^4.0.4
2886 silly packumentCache full:https://registry.npmjs.org/pirates cache-miss
2887 silly fetch manifest jest-haste-map@^29.7.0
2888 silly packumentCache full:https://registry.npmjs.org/jest-haste-map cache-miss
2889 silly fetch manifest jest-regex-util@^29.6.3
2890 silly packumentCache full:https://registry.npmjs.org/jest-regex-util cache-miss
2891 silly fetch manifest write-file-atomic@^4.0.2
2892 silly packumentCache full:https://registry.npmjs.org/write-file-atomic cache-miss
2893 silly fetch manifest fast-json-stable-stringify@^2.1.0
2894 silly packumentCache full:https://registry.npmjs.org/fast-json-stable-stringify cache-miss
2895 silly fetch manifest @types/babel__template@*
2896 silly packumentCache full:https://registry.npmjs.org/@types%2fbabel__template cache-miss
2897 silly fetch manifest @types/babel__traverse@*
2898 silly packumentCache full:https://registry.npmjs.org/@types%2fbabel__traverse cache-miss
2899 silly fetch manifest @types/babel__generator@*
2900 silly packumentCache full:https://registry.npmjs.org/@types%2fbabel__generator cache-miss
2901 silly fetch manifest test-exclude@^6.0.0
2902 silly packumentCache full:https://registry.npmjs.org/test-exclude cache-miss
2903 silly fetch manifest @istanbuljs/schema@^0.1.2
2904 silly packumentCache full:https://registry.npmjs.org/@istanbuljs%2fschema cache-miss
2905 silly fetch manifest istanbul-lib-instrument@^5.0.4
2906 silly packumentCache full:https://registry.npmjs.org/istanbul-lib-instrument cache-miss
2907 silly fetch manifest @istanbuljs/load-nyc-config@^1.0.0
2908 silly packumentCache full:https://registry.npmjs.org/@istanbuljs%2fload-nyc-config cache-miss
2909 silly fetch manifest babel-plugin-jest-hoist@^29.6.3
2910 silly packumentCache full:https://registry.npmjs.org/babel-plugin-jest-hoist cache-miss
2911 http cache https://registry.npmjs.org/pirates 12ms (cache hit)
2912 silly packumentCache full:https://registry.npmjs.org/pirates set size:51327 disposed:false
2913 silly fetch manifest babel-preset-current-node-syntax@^1.0.0
2914 silly packumentCache full:https://registry.npmjs.org/babel-preset-current-node-syntax cache-miss
2915 http fetch GET 200 https://registry.npmjs.org/fast-json-stable-stringify 72ms (cache revalidated)
2916 silly packumentCache full:https://registry.npmjs.org/fast-json-stable-stringify set size:11337 disposed:false
2917 http fetch GET 200 https://registry.npmjs.org/@types%2fbabel__template 97ms (cache miss)
2918 silly packumentCache full:https://registry.npmjs.org/@types%2fbabel__template set size:undefined disposed:false
2919 http fetch GET 200 https://registry.npmjs.org/@types%2fbabel__generator 115ms (cache miss)
2920 silly packumentCache full:https://registry.npmjs.org/@types%2fbabel__generator set size:undefined disposed:false
2921 http fetch GET 200 https://registry.npmjs.org/@istanbuljs%2fload-nyc-config 115ms (cache miss)
2922 silly packumentCache full:https://registry.npmjs.org/@istanbuljs%2fload-nyc-config set size:undefined disposed:false
2923 http fetch GET 200 https://registry.npmjs.org/write-file-atomic 120ms (cache miss)
2924 silly packumentCache full:https://registry.npmjs.org/write-file-atomic set size:undefined disposed:false
2925 http fetch GET 200 https://registry.npmjs.org/jest-regex-util 121ms (cache miss)
2926 silly packumentCache full:https://registry.npmjs.org/jest-regex-util set size:undefined disposed:false
2927 http fetch GET 200 https://registry.npmjs.org/@types%2fbabel__traverse 128ms (cache miss)
2928 silly packumentCache full:https://registry.npmjs.org/@types%2fbabel__traverse set size:undefined disposed:false
2929 http fetch GET 200 https://registry.npmjs.org/babel-preset-current-node-syntax 155ms (cache miss)
2930 silly packumentCache full:https://registry.npmjs.org/babel-preset-current-node-syntax set size:undefined disposed:false
2931 http fetch GET 200 https://registry.npmjs.org/@istanbuljs%2fschema 388ms (cache miss)
2932 silly packumentCache full:https://registry.npmjs.org/@istanbuljs%2fschema set size:undefined disposed:false
2933 http fetch GET 200 https://registry.npmjs.org/test-exclude 390ms (cache miss)
2934 silly packumentCache full:https://registry.npmjs.org/test-exclude set size:undefined disposed:false
2935 http fetch GET 200 https://registry.npmjs.org/istanbul-lib-instrument 474ms (cache miss)
2936 silly packumentCache full:https://registry.npmjs.org/istanbul-lib-instrument set size:undefined disposed:false
2937 http fetch GET 200 https://registry.npmjs.org/jest-haste-map 902ms (cache miss)
2938 silly packumentCache full:https://registry.npmjs.org/jest-haste-map set size:undefined disposed:false
2939 http fetch GET 200 https://registry.npmjs.org/babel-plugin-jest-hoist 993ms (cache miss)
2940 silly packumentCache full:https://registry.npmjs.org/babel-plugin-jest-hoist set size:undefined disposed:false
2941 silly placeDep node_modules/@jest/transform chalk@4.1.2 OK for: @jest/transform@29.7.0 want: ^4.0.0
2942 silly placeDep ROOT fast-json-stable-stringify@2.1.0 OK for: @jest/transform@29.7.0 want: ^2.1.0
2943 silly placeDep ROOT jest-haste-map@29.7.0 OK for: @jest/transform@29.7.0 want: ^29.7.0
2944 silly placeDep ROOT jest-regex-util@29.6.3 OK for: @jest/transform@29.7.0 want: ^29.6.3
2945 silly placeDep ROOT pirates@4.0.7 OK for: @jest/transform@29.7.0 want: ^4.0.4
2946 silly placeDep ROOT write-file-atomic@4.0.2 OK for: @jest/transform@29.7.0 want: ^4.0.2
2947 silly fetch manifest anymatch@^3.0.3
2948 silly packumentCache full:https://registry.npmjs.org/anymatch cache-miss
2949 silly fetch manifest @types/graceful-fs@^4.1.3
2950 silly packumentCache full:https://registry.npmjs.org/@types%2fgraceful-fs cache-miss
2951 silly fetch manifest fsevents@^2.3.2
2952 silly packumentCache full:https://registry.npmjs.org/fsevents cache-miss
2953 silly fetch manifest imurmurhash@^0.1.4
2954 silly packumentCache full:https://registry.npmjs.org/imurmurhash cache-miss
2955 silly fetch manifest signal-exit@^3.0.7
2956 silly packumentCache full:https://registry.npmjs.org/signal-exit cache-miss
2957 http fetch GET 200 https://registry.npmjs.org/imurmurhash 62ms (cache revalidated)
2958 silly packumentCache full:https://registry.npmjs.org/imurmurhash set size:35819 disposed:false
2959 http fetch GET 200 https://registry.npmjs.org/anymatch 65ms (cache miss)
2960 silly packumentCache full:https://registry.npmjs.org/anymatch set size:undefined disposed:false
2961 http fetch GET 200 https://registry.npmjs.org/signal-exit 125ms (cache miss)
2962 silly packumentCache full:https://registry.npmjs.org/signal-exit set size:undefined disposed:false
2963 http fetch GET 200 https://registry.npmjs.org/@types%2fgraceful-fs 127ms (cache miss)
2964 silly packumentCache full:https://registry.npmjs.org/@types%2fgraceful-fs set size:undefined disposed:false
2965 http fetch GET 200 https://registry.npmjs.org/fsevents 156ms (cache miss)
2966 silly packumentCache full:https://registry.npmjs.org/fsevents set size:undefined disposed:false
2967 silly placeDep ROOT @types/babel__generator@7.27.0 OK for: @types/babel__core@7.20.5 want: *
2968 silly placeDep ROOT @types/babel__template@7.4.4 OK for: @types/babel__core@7.20.5 want: *
2969 silly placeDep ROOT @types/babel__traverse@7.28.0 OK for: @types/babel__core@7.20.5 want: *
2970 silly placeDep ROOT @istanbuljs/load-nyc-config@1.1.0 OK for: babel-plugin-istanbul@6.1.1 want: ^1.0.0
2971 silly placeDep ROOT @istanbuljs/schema@0.1.6 OK for: babel-plugin-istanbul@6.1.1 want: ^0.1.2
2972 silly placeDep ROOT istanbul-lib-instrument@5.2.1 OK for: babel-plugin-istanbul@6.1.1 want: ^5.0.4
2973 silly placeDep ROOT test-exclude@6.0.0 OK for: babel-plugin-istanbul@6.1.1 want: ^6.0.0
2974 silly fetch manifest camelcase@^5.3.1
2975 silly packumentCache full:https://registry.npmjs.org/camelcase cache-miss
2976 silly fetch manifest find-up@^4.1.0
2977 silly packumentCache full:https://registry.npmjs.org/find-up cache-miss
2978 silly fetch manifest get-package-type@^0.1.0
2979 silly packumentCache full:https://registry.npmjs.org/get-package-type cache-miss
2980 silly fetch manifest js-yaml@^3.13.1
2981 silly packumentCache full:https://registry.npmjs.org/js-yaml cache-miss
2982 silly fetch manifest semver@^6.3.0
2983 silly packumentCache full:https://registry.npmjs.org/semver cache-hit
2984 silly fetch manifest istanbul-lib-coverage@^3.2.0
2985 silly packumentCache full:https://registry.npmjs.org/istanbul-lib-coverage cache-miss
2986 silly fetch manifest glob@^7.1.4
2987 silly packumentCache full:https://registry.npmjs.org/glob cache-hit
2988 silly fetch manifest minimatch@^3.0.4
2989 silly packumentCache full:https://registry.npmjs.org/minimatch cache-hit
2990 http cache https://registry.npmjs.org/camelcase 9ms (cache hit)
2991 silly packumentCache full:https://registry.npmjs.org/camelcase set size:60255 disposed:false
2992 http fetch GET 200 https://registry.npmjs.org/get-package-type 74ms (cache miss)
2993 silly packumentCache full:https://registry.npmjs.org/get-package-type set size:undefined disposed:false
2994 http fetch GET 200 https://registry.npmjs.org/js-yaml 76ms (cache revalidated)
2995 silly packumentCache full:https://registry.npmjs.org/js-yaml set size:152232 disposed:false
2996 http fetch GET 200 https://registry.npmjs.org/find-up 79ms (cache revalidated)
2997 silly packumentCache full:https://registry.npmjs.org/find-up set size:42620 disposed:false
2998 http fetch GET 200 https://registry.npmjs.org/istanbul-lib-coverage 99ms (cache miss)
2999 silly packumentCache full:https://registry.npmjs.org/istanbul-lib-coverage set size:undefined disposed:false
3000 silly placeDep node_modules/@istanbuljs/load-nyc-config camelcase@5.3.1 OK for: @istanbuljs/load-nyc-config@1.1.0 want: ^5.3.1
3001 silly placeDep ROOT find-up@4.1.0 OK for: @istanbuljs/load-nyc-config@1.1.0 want: ^4.1.0
3002 silly placeDep ROOT get-package-type@0.1.0 OK for: @istanbuljs/load-nyc-config@1.1.0 want: ^0.1.0
3003 silly placeDep ROOT js-yaml@3.14.2 OK for: @istanbuljs/load-nyc-config@1.1.0 want: ^3.13.1
3004 silly fetch manifest locate-path@^5.0.0
3005 silly packumentCache full:https://registry.npmjs.org/locate-path cache-miss
3006 silly fetch manifest path-exists@^4.0.0
3007 silly packumentCache full:https://registry.npmjs.org/path-exists cache-miss
3008 silly fetch manifest esprima@^4.0.0
3009 silly packumentCache full:https://registry.npmjs.org/esprima cache-miss
3010 silly fetch manifest argparse@^1.0.7
3011 silly packumentCache full:https://registry.npmjs.org/argparse cache-miss
3012 http fetch GET 200 https://registry.npmjs.org/path-exists 59ms (cache revalidated)
3013 silly packumentCache full:https://registry.npmjs.org/path-exists set size:13704 disposed:false
3014 http fetch GET 200 https://registry.npmjs.org/argparse 60ms (cache revalidated)
3015 silly packumentCache full:https://registry.npmjs.org/argparse set size:49266 disposed:false
3016 http fetch GET 200 https://registry.npmjs.org/locate-path 65ms (cache revalidated)
3017 silly packumentCache full:https://registry.npmjs.org/locate-path set size:31329 disposed:false
3018 http fetch GET 200 https://registry.npmjs.org/esprima 83ms (cache miss)
3019 silly packumentCache full:https://registry.npmjs.org/esprima set size:undefined disposed:false
3020 silly placeDep ROOT babel-plugin-jest-hoist@29.6.3 OK for: babel-preset-jest@29.6.3 want: ^29.6.3
3021 silly placeDep ROOT babel-preset-current-node-syntax@1.2.0 OK for: babel-preset-jest@29.6.3 want: ^1.0.0
3022 silly fetch manifest @babel/plugin-syntax-async-generators@^7.8.4
3023 silly packumentCache full:https://registry.npmjs.org/@babel%2fplugin-syntax-async-generators cache-miss
3024 silly fetch manifest @babel/plugin-syntax-bigint@^7.8.3
3025 silly packumentCache full:https://registry.npmjs.org/@babel%2fplugin-syntax-bigint cache-miss
3026 silly fetch manifest @babel/plugin-syntax-class-properties@^7.12.13
3027 silly packumentCache full:https://registry.npmjs.org/@babel%2fplugin-syntax-class-properties cache-miss
3028 silly fetch manifest @babel/plugin-syntax-class-static-block@^7.14.5
3029 silly packumentCache full:https://registry.npmjs.org/@babel%2fplugin-syntax-class-static-block cache-miss
3030 silly fetch manifest @babel/plugin-syntax-import-attributes@^7.24.7
3031 silly packumentCache full:https://registry.npmjs.org/@babel%2fplugin-syntax-import-attributes cache-miss
3032 silly fetch manifest @babel/plugin-syntax-import-meta@^7.10.4
3033 silly packumentCache full:https://registry.npmjs.org/@babel%2fplugin-syntax-import-meta cache-miss
3034 silly fetch manifest @babel/plugin-syntax-json-strings@^7.8.3
3035 silly packumentCache full:https://registry.npmjs.org/@babel%2fplugin-syntax-json-strings cache-miss
3036 silly fetch manifest @babel/plugin-syntax-logical-assignment-operators@^7.10.4
3037 silly packumentCache full:https://registry.npmjs.org/@babel%2fplugin-syntax-logical-assignment-operators cache-miss
3038 silly fetch manifest @babel/plugin-syntax-numeric-separator@^7.10.4
3039 silly packumentCache full:https://registry.npmjs.org/@babel%2fplugin-syntax-numeric-separator cache-miss
3040 silly fetch manifest @babel/plugin-syntax-object-rest-spread@^7.8.3
3041 silly packumentCache full:https://registry.npmjs.org/@babel%2fplugin-syntax-object-rest-spread cache-miss
3042 silly fetch manifest @babel/plugin-syntax-optional-catch-binding@^7.8.3
3043 silly packumentCache full:https://registry.npmjs.org/@babel%2fplugin-syntax-optional-catch-binding cache-miss
3044 silly fetch manifest @babel/plugin-syntax-private-property-in-object@^7.14.5
3045 silly packumentCache full:https://registry.npmjs.org/@babel%2fplugin-syntax-private-property-in-object cache-miss
3046 silly fetch manifest @babel/plugin-syntax-top-level-await@^7.14.5
3047 silly packumentCache full:https://registry.npmjs.org/@babel%2fplugin-syntax-top-level-await cache-miss
3048 http fetch GET 200 https://registry.npmjs.org/@babel%2fplugin-syntax-bigint 97ms (cache miss)
3049 silly packumentCache full:https://registry.npmjs.org/@babel%2fplugin-syntax-bigint set size:undefined disposed:false
3050 http fetch GET 200 https://registry.npmjs.org/@babel%2fplugin-syntax-json-strings 97ms (cache miss)
3051 silly packumentCache full:https://registry.npmjs.org/@babel%2fplugin-syntax-json-strings set size:undefined disposed:false
3052 http fetch GET 200 https://registry.npmjs.org/@babel%2fplugin-syntax-import-attributes 105ms (cache miss)
3053 silly packumentCache full:https://registry.npmjs.org/@babel%2fplugin-syntax-import-attributes set size:undefined disposed:false
3054 http fetch GET 200 https://registry.npmjs.org/@babel%2fplugin-syntax-top-level-await 108ms (cache miss)
3055 silly packumentCache full:https://registry.npmjs.org/@babel%2fplugin-syntax-top-level-await set size:undefined disposed:false
3056 http fetch GET 200 https://registry.npmjs.org/@babel%2fplugin-syntax-private-property-in-object 108ms (cache miss)
3057 silly packumentCache full:https://registry.npmjs.org/@babel%2fplugin-syntax-private-property-in-object set size:undefined disposed:false
3058 http fetch GET 200 https://registry.npmjs.org/@babel%2fplugin-syntax-async-generators 119ms (cache miss)
3059 silly packumentCache full:https://registry.npmjs.org/@babel%2fplugin-syntax-async-generators set size:undefined disposed:false
3060 http fetch GET 200 https://registry.npmjs.org/@babel%2fplugin-syntax-import-meta 120ms (cache miss)
3061 silly packumentCache full:https://registry.npmjs.org/@babel%2fplugin-syntax-import-meta set size:undefined disposed:false
3062 http fetch GET 200 https://registry.npmjs.org/@babel%2fplugin-syntax-class-properties 130ms (cache miss)
3063 silly packumentCache full:https://registry.npmjs.org/@babel%2fplugin-syntax-class-properties set size:undefined disposed:false
3064 http fetch GET 200 https://registry.npmjs.org/@babel%2fplugin-syntax-numeric-separator 130ms (cache miss)
3065 silly packumentCache full:https://registry.npmjs.org/@babel%2fplugin-syntax-numeric-separator set size:undefined disposed:false
3066 http fetch GET 200 https://registry.npmjs.org/@babel%2fplugin-syntax-object-rest-spread 131ms (cache miss)
3067 silly packumentCache full:https://registry.npmjs.org/@babel%2fplugin-syntax-object-rest-spread set size:undefined disposed:false
3068 http fetch GET 200 https://registry.npmjs.org/@babel%2fplugin-syntax-logical-assignment-operators 259ms (cache miss)
3069 silly packumentCache full:https://registry.npmjs.org/@babel%2fplugin-syntax-logical-assignment-operators set size:undefined disposed:false
3070 http fetch GET 200 https://registry.npmjs.org/@babel%2fplugin-syntax-optional-catch-binding 476ms (cache miss)
3071 silly packumentCache full:https://registry.npmjs.org/@babel%2fplugin-syntax-optional-catch-binding set size:undefined disposed:false
3072 http fetch GET 200 https://registry.npmjs.org/@babel%2fplugin-syntax-class-static-block 667ms (cache miss)
3073 silly packumentCache full:https://registry.npmjs.org/@babel%2fplugin-syntax-class-static-block set size:undefined disposed:false
3074 silly fetch manifest @babel/core@^7.0.0 || ^8.0.0-0
3075 silly packumentCache full:https://registry.npmjs.org/@babel%2fcore cache-hit
3076 silly placeDep ROOT @babel/plugin-syntax-async-generators@7.8.4 OK for: babel-preset-current-node-syntax@1.2.0 want: ^7.8.4
3077 silly placeDep ROOT @babel/plugin-syntax-bigint@7.8.3 OK for: babel-preset-current-node-syntax@1.2.0 want: ^7.8.3
3078 silly placeDep ROOT @babel/plugin-syntax-class-properties@7.12.13 OK for: babel-preset-current-node-syntax@1.2.0 want: ^7.12.13
3079 silly placeDep ROOT @babel/plugin-syntax-class-static-block@7.14.5 OK for: babel-preset-current-node-syntax@1.2.0 want: ^7.14.5
3080 silly placeDep ROOT @babel/plugin-syntax-import-attributes@7.28.6 OK for: babel-preset-current-node-syntax@1.2.0 want: ^7.24.7
3081 silly placeDep ROOT @babel/plugin-syntax-import-meta@7.10.4 OK for: babel-preset-current-node-syntax@1.2.0 want: ^7.10.4
3082 silly placeDep ROOT @babel/plugin-syntax-json-strings@7.8.3 OK for: babel-preset-current-node-syntax@1.2.0 want: ^7.8.3
3083 silly placeDep ROOT @babel/plugin-syntax-logical-assignment-operators@7.10.4 OK for: babel-preset-current-node-syntax@1.2.0 want: ^7.10.4
3084 silly placeDep ROOT @babel/plugin-syntax-numeric-separator@7.10.4 OK for: babel-preset-current-node-syntax@1.2.0 want: ^7.10.4
3085 silly placeDep ROOT @babel/plugin-syntax-object-rest-spread@7.8.3 OK for: babel-preset-current-node-syntax@1.2.0 want: ^7.8.3
3086 silly placeDep ROOT @babel/plugin-syntax-optional-catch-binding@7.8.3 OK for: babel-preset-current-node-syntax@1.2.0 want: ^7.8.3
3087 silly placeDep ROOT @babel/plugin-syntax-private-property-in-object@7.14.5 OK for: babel-preset-current-node-syntax@1.2.0 want: ^7.14.5
3088 silly placeDep ROOT @babel/plugin-syntax-top-level-await@7.14.5 OK for: babel-preset-current-node-syntax@1.2.0 want: ^7.14.5
3089 silly placeDep ROOT is-wsl@2.2.0 OK for: chrome-launcher@0.15.2 want: ^2.2.0
3090 silly placeDep ROOT lighthouse-logger@1.4.2 OK for: chrome-launcher@0.15.2 want: ^1.0.0
3091 silly fetch manifest debug@^2.6.9
3092 silly packumentCache full:https://registry.npmjs.org/debug cache-hit
3093 silly fetch manifest marky@^1.2.2
3094 silly packumentCache full:https://registry.npmjs.org/marky cache-miss
3095 http fetch GET 200 https://registry.npmjs.org/marky 67ms (cache miss)
3096 silly packumentCache full:https://registry.npmjs.org/marky set size:undefined disposed:false
3097 silly placeDep ROOT mkdirp@1.0.4 OK for: chromium-edge-launcher@0.2.0 want: ^1.0.4
3098 silly placeDep ROOT rimraf@3.0.2 OK for: chromium-edge-launcher@0.2.0 want: ^3.0.2
3099 silly fetch manifest glob@^7.1.3
3100 silly packumentCache full:https://registry.npmjs.org/glob cache-hit
3101 silly placeDep ROOT locate-path@5.0.0 OK for: find-up@4.1.0 want: ^5.0.0
3102 silly placeDep ROOT path-exists@4.0.0 OK for: find-up@4.1.0 want: ^4.0.0
3103 silly fetch manifest p-locate@^4.1.0
3104 silly packumentCache full:https://registry.npmjs.org/p-locate cache-miss
3105 http fetch GET 200 https://registry.npmjs.org/p-locate 343ms (cache revalidated)
3106 silly packumentCache full:https://registry.npmjs.org/p-locate set size:22488 disposed:false
3107 silly placeDep ROOT is-docker@2.2.1 OK for: is-wsl@2.2.0 want: ^2.0.0
3108 silly placeDep ROOT istanbul-lib-coverage@3.2.2 OK for: istanbul-lib-instrument@5.2.1 want: ^3.2.0
3109 silly placeDep node_modules/istanbul-lib-instrument semver@6.3.1 OK for: istanbul-lib-instrument@5.2.1 want: ^6.3.0
3110 silly placeDep ROOT @jest/environment@29.7.0 OK for: jest-environment-node@29.7.0 want: ^29.7.0
3111 silly placeDep ROOT @jest/fake-timers@29.7.0 OK for: jest-environment-node@29.7.0 want: ^29.7.0
3112 silly placeDep ROOT jest-mock@29.7.0 OK for: jest-environment-node@29.7.0 want: ^29.7.0
3113 silly fetch manifest jest-message-util@^29.7.0
3114 silly packumentCache full:https://registry.npmjs.org/jest-message-util cache-miss
3115 silly fetch manifest @sinonjs/fake-timers@^10.0.2
3116 silly packumentCache full:https://registry.npmjs.org/@sinonjs%2ffake-timers cache-miss
3117 http fetch GET 200 https://registry.npmjs.org/@sinonjs%2ffake-timers 417ms (cache miss)
3118 silly packumentCache full:https://registry.npmjs.org/@sinonjs%2ffake-timers set size:undefined disposed:false
3119 http fetch GET 200 https://registry.npmjs.org/jest-message-util 477ms (cache miss)
3120 silly packumentCache full:https://registry.npmjs.org/jest-message-util set size:undefined disposed:false
3121 silly placeDep ROOT @sinonjs/fake-timers@10.3.0 OK for: @jest/fake-timers@29.7.0 want: ^10.0.2
3122 silly placeDep ROOT jest-message-util@29.7.0 OK for: @jest/fake-timers@29.7.0 want: ^29.7.0
3123 silly fetch manifest @sinonjs/commons@^3.0.0
3124 silly packumentCache full:https://registry.npmjs.org/@sinonjs%2fcommons cache-miss
3125 silly fetch manifest stack-utils@^2.0.3
3126 silly packumentCache full:https://registry.npmjs.org/stack-utils cache-miss
3127 silly fetch manifest @babel/code-frame@^7.12.13
3128 silly packumentCache full:https://registry.npmjs.org/@babel%2fcode-frame cache-hit
3129 silly fetch manifest @types/stack-utils@^2.0.0
3130 silly packumentCache full:https://registry.npmjs.org/@types%2fstack-utils cache-miss
3131 http fetch GET 200 https://registry.npmjs.org/@types%2fstack-utils 99ms (cache miss)
3132 silly packumentCache full:https://registry.npmjs.org/@types%2fstack-utils set size:undefined disposed:false
3133 http fetch GET 200 https://registry.npmjs.org/stack-utils 109ms (cache miss)
3134 silly packumentCache full:https://registry.npmjs.org/stack-utils set size:undefined disposed:false
3135 http fetch GET 200 https://registry.npmjs.org/@sinonjs%2fcommons 142ms (cache miss)
3136 silly packumentCache full:https://registry.npmjs.org/@sinonjs%2fcommons set size:undefined disposed:false
3137 silly placeDep ROOT @sinonjs/commons@3.0.1 OK for: @sinonjs/fake-timers@10.3.0 want: ^3.0.0
3138 silly fetch manifest type-detect@4.0.8
3139 silly packumentCache full:https://registry.npmjs.org/type-detect cache-miss
3140 http fetch GET 200 https://registry.npmjs.org/type-detect 353ms (cache miss)
3141 silly packumentCache full:https://registry.npmjs.org/type-detect set size:undefined disposed:false
3142 silly placeDep ROOT type-detect@4.0.8 OK for: @sinonjs/commons@3.0.1 want: 4.0.8
3143 silly placeDep ROOT @types/graceful-fs@4.1.9 OK for: jest-haste-map@29.7.0 want: ^4.1.3
3144 silly placeDep ROOT anymatch@3.1.3 OK for: jest-haste-map@29.7.0 want: ^3.0.3
3145 silly placeDep ROOT fsevents@2.3.3 OK for: jest-haste-map@29.7.0 want: ^2.3.2
3146 silly fetch manifest normalize-path@^3.0.0
3147 silly packumentCache full:https://registry.npmjs.org/normalize-path cache-miss
3148 http fetch GET 200 https://registry.npmjs.org/normalize-path 77ms (cache miss)
3149 silly packumentCache full:https://registry.npmjs.org/normalize-path set size:undefined disposed:false
3150 silly placeDep ROOT normalize-path@3.0.0 OK for: anymatch@3.1.3 want: ^3.0.0
3151 silly placeDep node_modules/jest-message-util @babel/code-frame@7.29.0 OK for: jest-message-util@29.7.0 want: ^7.12.13
3152 silly placeDep ROOT @types/stack-utils@2.0.3 OK for: jest-message-util@29.7.0 want: ^2.0.0
3153 silly placeDep node_modules/jest-message-util chalk@4.1.2 OK for: jest-message-util@29.7.0 want: ^4.0.0
3154 silly placeDep ROOT stack-utils@2.0.6 OK for: jest-message-util@29.7.0 want: ^2.0.3
3155 silly fetch manifest escape-string-regexp@^2.0.0
3156 silly packumentCache full:https://registry.npmjs.org/escape-string-regexp cache-hit
3157 silly placeDep ROOT argparse@1.0.10 OK for: js-yaml@3.14.2 want: ^1.0.7
3158 silly placeDep ROOT esprima@4.0.1 OK for: js-yaml@3.14.2 want: ^4.0.0
3159 silly fetch manifest sprintf-js@~1.0.2
3160 silly packumentCache full:https://registry.npmjs.org/sprintf-js cache-miss
3161 http fetch GET 200 https://registry.npmjs.org/sprintf-js 87ms (cache miss)
3162 silly packumentCache full:https://registry.npmjs.org/sprintf-js set size:undefined disposed:false
3163 silly placeDep ROOT sprintf-js@1.0.3 OK for: argparse@1.0.10 want: ~1.0.2
3164 silly placeDep node_modules/lighthouse-logger debug@2.6.9 OK for: lighthouse-logger@1.4.2 want: ^2.6.9
3165 silly placeDep ROOT marky@1.3.0 OK for: lighthouse-logger@1.4.2 want: ^1.2.2
3166 silly placeDep ROOT p-locate@4.1.0 OK for: locate-path@5.0.0 want: ^4.1.0
3167 silly fetch manifest p-limit@^2.2.0
3168 silly packumentCache full:https://registry.npmjs.org/p-limit cache-hit
3169 silly placeDep node_modules/p-locate p-limit@2.3.0 OK for: p-locate@4.1.0 want: ^2.2.0
3170 silly fetch manifest p-try@^2.0.0
3171 silly packumentCache full:https://registry.npmjs.org/p-try cache-miss
3172 http fetch GET 200 https://registry.npmjs.org/p-try 105ms (cache miss)
3173 silly packumentCache full:https://registry.npmjs.org/p-try set size:undefined disposed:false
3174 silly placeDep ROOT asap@2.0.6 OK for: promise@8.3.0 want: ~2.0.6
3175 silly placeDep ROOT shell-quote@1.8.3 OK for: react-devtools-core@6.1.5 want: ^1.6.1
3176 silly placeDep ROOT @egjs/hammerjs@2.0.17 OK for: react-native-gesture-handler@2.31.1 want: ^2.0.17
3177 silly placeDep ROOT @types/react-test-renderer@19.1.0 OK for: react-native-gesture-handler@2.31.1 want: ^19.1.0
3178 silly placeDep ROOT hoist-non-react-statics@3.3.2 OK for: react-native-gesture-handler@2.31.1 want: ^3.3.0
3179 silly fetch manifest @types/hammerjs@^2.0.36
3180 silly packumentCache full:https://registry.npmjs.org/@types%2fhammerjs cache-miss
3181 silly fetch manifest @types/react@*
3182 silly packumentCache full:https://registry.npmjs.org/@types%2freact cache-miss
3183 silly fetch manifest react-is@^16.7.0
3184 silly packumentCache full:https://registry.npmjs.org/react-is cache-miss
3185 http cache https://registry.npmjs.org/@types%2freact 8ms (cache hit)
3186 silly packumentCache full:https://registry.npmjs.org/@types%2freact set size:2588964 disposed:false
3187 http cache https://registry.npmjs.org/react-is 24ms (cache hit)
3188 silly packumentCache full:https://registry.npmjs.org/react-is set size:5358487 disposed:false
3189 http fetch GET 200 https://registry.npmjs.org/@types%2fhammerjs 184ms (cache miss)
3190 silly packumentCache full:https://registry.npmjs.org/@types%2fhammerjs set size:undefined disposed:false
3191 silly placeDep ROOT @types/hammerjs@2.0.46 OK for: @egjs/hammerjs@2.0.17 want: ^2.0.36
3192 silly placeDep ROOT @types/react@19.2.14 OK for: @types/react-test-renderer@19.1.0 want: *
3193 silly fetch manifest csstype@^3.2.2
3194 silly packumentCache full:https://registry.npmjs.org/csstype cache-miss
3195 http fetch GET 200 https://registry.npmjs.org/csstype 327ms (cache miss)
3196 silly packumentCache full:https://registry.npmjs.org/csstype set size:undefined disposed:false
3197 silly placeDep ROOT csstype@3.2.3 OK for: @types/react@19.2.14 want: ^3.2.2
3198 silly placeDep node_modules/hoist-non-react-statics react-is@16.13.1 OK for: hoist-non-react-statics@3.3.2 want: ^16.7.0
3199 silly placeDep ROOT @types/geojson@7946.0.16 OK for: react-native-maps@1.20.1 want: ^7946.0.13
3200 silly placeDep ROOT react-freeze@1.0.4 OK for: react-native-screens@4.16.0 want: ^1.0.0
3201 silly placeDep ROOT warn-once@0.1.1 OK for: react-native-screens@4.16.0 want: ^0.1.0
3202 silly placeDep ROOT prop-types@15.8.1 OK for: react-native-vector-icons@10.3.0 want: ^15.7.2
3203 silly placeDep node_modules/react-native-vector-icons yargs@16.2.0 OK for: react-native-vector-icons@10.3.0 want: ^16.1.1
3204 silly fetch manifest object-assign@^4.1.1
3205 silly packumentCache full:https://registry.npmjs.org/object-assign cache-miss
3206 silly fetch manifest react-is@^16.13.1
3207 silly packumentCache full:https://registry.npmjs.org/react-is cache-miss
3208 silly fetch manifest cliui@^7.0.2
3209 silly packumentCache full:https://registry.npmjs.org/cliui cache-miss
3210 silly fetch manifest string-width@^4.2.0
3211 silly packumentCache full:https://registry.npmjs.org/string-width cache-miss
3212 silly fetch manifest yargs-parser@^20.2.2
3213 silly packumentCache full:https://registry.npmjs.org/yargs-parser cache-miss
3214 http cache https://registry.npmjs.org/react-is 11ms (cache hit)
3215 silly packumentCache full:https://registry.npmjs.org/react-is set size:5358487 disposed:false
3216 http cache https://registry.npmjs.org/string-width 32ms (cache hit)
3217 silly packumentCache full:https://registry.npmjs.org/string-width set size:68305 disposed:false
3218 http cache https://registry.npmjs.org/cliui 33ms (cache hit)
3219 silly packumentCache full:https://registry.npmjs.org/cliui set size:69089 disposed:false
3220 http cache https://registry.npmjs.org/yargs-parser 44ms (cache hit)
3221 silly packumentCache full:https://registry.npmjs.org/yargs-parser set size:238630 disposed:false
3222 http fetch GET 200 https://registry.npmjs.org/object-assign 57ms (cache revalidated)
3223 silly packumentCache full:https://registry.npmjs.org/object-assign set size:28988 disposed:false
3224 silly placeDep ROOT object-assign@4.1.1 OK for: prop-types@15.8.1 want: ^4.1.1
3225 silly placeDep node_modules/prop-types react-is@16.13.1 OK for: prop-types@15.8.1 want: ^16.13.1
3226 silly placeDep node_modules/react-native-web @react-native/normalize-colors@0.74.89 OK for: react-native-web@0.21.2 want: ^0.74.1
3227 silly placeDep ROOT fbjs@3.0.5 OK for: react-native-web@0.21.2 want: ^3.0.4
3228 silly placeDep ROOT inline-style-prefixer@7.0.1 OK for: react-native-web@0.21.2 want: ^7.0.1
3229 silly placeDep node_modules/react-native-web memoize-one@6.0.0 OK for: react-native-web@0.21.2 want: ^6.0.0
3230 silly placeDep ROOT postcss-value-parser@4.2.0 OK for: react-native-web@0.21.2 want: ^4.2.0
3231 silly placeDep ROOT styleq@0.1.3 OK for: react-native-web@0.21.2 want: ^0.1.3
3232 silly fetch manifest cross-fetch@^3.1.5
3233 silly packumentCache full:https://registry.npmjs.org/cross-fetch cache-miss
3234 silly fetch manifest fbjs-css-vars@^1.0.0
3235 silly packumentCache full:https://registry.npmjs.org/fbjs-css-vars cache-miss
3236 silly fetch manifest promise@^7.1.1
3237 silly packumentCache full:https://registry.npmjs.org/promise cache-miss
3238 silly fetch manifest setimmediate@^1.0.5
3239 silly packumentCache full:https://registry.npmjs.org/setimmediate cache-miss
3240 silly fetch manifest ua-parser-js@^1.0.35
3241 silly packumentCache full:https://registry.npmjs.org/ua-parser-js cache-miss
3242 silly fetch manifest css-in-js-utils@^3.1.0
3243 silly packumentCache full:https://registry.npmjs.org/css-in-js-utils cache-miss
3244 http cache https://registry.npmjs.org/promise 8ms (cache hit)
3245 silly packumentCache full:https://registry.npmjs.org/promise set size:112704 disposed:false
3246 http fetch GET 200 https://registry.npmjs.org/setimmediate 77ms (cache miss)
3247 silly packumentCache full:https://registry.npmjs.org/setimmediate set size:undefined disposed:false
3248 http fetch GET 200 https://registry.npmjs.org/cross-fetch 77ms (cache miss)
3249 silly packumentCache full:https://registry.npmjs.org/cross-fetch set size:undefined disposed:false
3250 http fetch GET 200 https://registry.npmjs.org/fbjs-css-vars 80ms (cache miss)
3251 silly packumentCache full:https://registry.npmjs.org/fbjs-css-vars set size:undefined disposed:false
3252 http fetch GET 200 https://registry.npmjs.org/ua-parser-js 162ms (cache miss)
3253 silly packumentCache full:https://registry.npmjs.org/ua-parser-js set size:undefined disposed:false
3254 http fetch GET 200 https://registry.npmjs.org/css-in-js-utils 351ms (cache miss)
3255 silly packumentCache full:https://registry.npmjs.org/css-in-js-utils set size:undefined disposed:false
3256 silly placeDep ROOT cross-fetch@3.2.0 OK for: fbjs@3.0.5 want: ^3.1.5
3257 silly placeDep ROOT fbjs-css-vars@1.0.2 OK for: fbjs@3.0.5 want: ^1.0.0
3258 silly placeDep node_modules/fbjs promise@7.3.1 OK for: fbjs@3.0.5 want: ^7.1.1
3259 silly placeDep ROOT setimmediate@1.0.5 OK for: fbjs@3.0.5 want: ^1.0.5
3260 silly placeDep ROOT ua-parser-js@1.0.41 OK for: fbjs@3.0.5 want: ^1.0.35
3261 silly fetch manifest node-fetch@^2.7.0
3262 silly packumentCache full:https://registry.npmjs.org/node-fetch cache-miss
3263 http fetch GET 200 https://registry.npmjs.org/node-fetch 108ms (cache revalidated)
3264 silly packumentCache full:https://registry.npmjs.org/node-fetch set size:896010 disposed:false
3265 silly fetch manifest encoding@^0.1.0
3266 silly packumentCache full:https://registry.npmjs.org/encoding cache-miss
3267 http fetch GET 200 https://registry.npmjs.org/encoding 60ms (cache revalidated)
3268 silly packumentCache full:https://registry.npmjs.org/encoding set size:17833 disposed:false
3269 silly placeDep ROOT node-fetch@2.7.0 OK for: cross-fetch@3.2.0 want: ^2.7.0
3270 silly fetch manifest whatwg-url@^5.0.0
3271 silly packumentCache full:https://registry.npmjs.org/whatwg-url cache-miss
3272 http fetch GET 200 https://registry.npmjs.org/whatwg-url 123ms (cache revalidated)
3273 silly packumentCache full:https://registry.npmjs.org/whatwg-url set size:170765 disposed:false
3274 silly placeDep ROOT css-in-js-utils@3.1.0 OK for: inline-style-prefixer@7.0.1 want: ^3.1.0
3275 silly fetch manifest hyphenate-style-name@^1.0.3
3276 silly packumentCache full:https://registry.npmjs.org/hyphenate-style-name cache-miss
3277 http fetch GET 200 https://registry.npmjs.org/hyphenate-style-name 107ms (cache miss)
3278 silly packumentCache full:https://registry.npmjs.org/hyphenate-style-name set size:undefined disposed:false
3279 silly placeDep ROOT hyphenate-style-name@1.1.0 OK for: css-in-js-utils@3.1.0 want: ^1.0.3
3280 silly placeDep ROOT whatwg-url@5.0.0 OK for: node-fetch@2.7.0 want: ^5.0.0
3281 silly fetch manifest tr46@~0.0.3
3282 silly packumentCache full:https://registry.npmjs.org/tr46 cache-miss
3283 silly fetch manifest webidl-conversions@^3.0.0
3284 silly packumentCache full:https://registry.npmjs.org/webidl-conversions cache-hit
3285 http fetch GET 200 https://registry.npmjs.org/tr46 72ms (cache revalidated)
3286 silly packumentCache full:https://registry.npmjs.org/tr46 set size:47377 disposed:false
3287 silly placeDep ROOT regenerate@1.4.2 OK for: regexpu-core@6.4.0 want: ^1.4.2
3288 silly placeDep ROOT regenerate-unicode-properties@10.2.2 OK for: regexpu-core@6.4.0 want: ^10.2.2
3289 silly placeDep ROOT regjsgen@0.8.0 OK for: regexpu-core@6.4.0 want: ^0.8.0
3290 silly placeDep ROOT regjsparser@0.13.1 OK for: regexpu-core@6.4.0 want: ^0.13.0
3291 silly placeDep ROOT unicode-match-property-ecmascript@2.0.0 OK for: regexpu-core@6.4.0 want: ^2.0.0
3292 silly placeDep ROOT unicode-match-property-value-ecmascript@2.2.1 OK for: regexpu-core@6.4.0 want: ^2.2.1
3293 silly fetch manifest unicode-canonical-property-names-ecmascript@^2.0.0
3294 silly packumentCache full:https://registry.npmjs.org/unicode-canonical-property-names-ecmascript cache-miss
3295 silly fetch manifest unicode-property-aliases-ecmascript@^2.0.0
3296 silly packumentCache full:https://registry.npmjs.org/unicode-property-aliases-ecmascript cache-miss
3297 http fetch GET 200 https://registry.npmjs.org/unicode-canonical-property-names-ecmascript 77ms (cache miss)
3298 silly packumentCache full:https://registry.npmjs.org/unicode-canonical-property-names-ecmascript set size:undefined disposed:false
3299 http fetch GET 200 https://registry.npmjs.org/unicode-property-aliases-ecmascript 108ms (cache miss)
3300 silly packumentCache full:https://registry.npmjs.org/unicode-property-aliases-ecmascript set size:undefined disposed:false
3301 silly placeDep ROOT is-core-module@2.16.1 OK for: resolve@1.22.12 want: ^2.16.1
3302 silly placeDep ROOT path-parse@1.0.7 OK for: resolve@1.22.12 want: ^1.0.7
3303 silly placeDep ROOT supports-preserve-symlinks-flag@1.0.0 OK for: resolve@1.22.12 want: ^1.0.0
3304 silly placeDep node_modules/rimraf glob@7.2.3 OK for: rimraf@3.0.2 want: ^7.1.3
3305 silly placeDep node_modules/serve-static encodeurl@2.0.0 OK for: serve-static@1.16.3 want: ~2.0.0
3306 silly placeDep ROOT send@0.19.2 OK for: serve-static@1.16.3 want: ~0.19.1
3307 silly fetch manifest depd@2.0.0
3308 silly packumentCache full:https://registry.npmjs.org/depd cache-miss
3309 silly fetch manifest etag@~1.8.1
3310 silly packumentCache full:https://registry.npmjs.org/etag cache-miss
3311 silly fetch manifest mime@1.6.0
3312 silly packumentCache full:https://registry.npmjs.org/mime cache-miss
3313 silly fetch manifest fresh@~0.5.2
3314 silly packumentCache full:https://registry.npmjs.org/fresh cache-miss
3315 silly fetch manifest destroy@1.2.0
3316 silly packumentCache full:https://registry.npmjs.org/destroy cache-miss
3317 silly fetch manifest statuses@~2.0.2
3318 silly packumentCache full:https://registry.npmjs.org/statuses cache-hit
3319 silly fetch manifest http-errors@~2.0.1
3320 silly packumentCache full:https://registry.npmjs.org/http-errors cache-miss
3321 silly fetch manifest on-finished@~2.4.1
3322 silly packumentCache full:https://registry.npmjs.org/on-finished cache-hit
3323 silly fetch manifest range-parser@~1.2.1
3324 silly packumentCache full:https://registry.npmjs.org/range-parser cache-miss
3325 http fetch GET 200 https://registry.npmjs.org/etag 90ms (cache revalidated)
3326 silly packumentCache full:https://registry.npmjs.org/etag set size:30032 disposed:false
3327 http fetch GET 200 https://registry.npmjs.org/http-errors 92ms (cache revalidated)
3328 silly packumentCache full:https://registry.npmjs.org/http-errors set size:71987 disposed:false
3329 http fetch GET 200 https://registry.npmjs.org/range-parser 93ms (cache revalidated)
3330 silly packumentCache full:https://registry.npmjs.org/range-parser set size:22228 disposed:false
3331 http fetch GET 200 https://registry.npmjs.org/destroy 94ms (cache revalidated)
3332 silly packumentCache full:https://registry.npmjs.org/destroy set size:15738 disposed:false
3333 http fetch GET 200 https://registry.npmjs.org/fresh 94ms (cache revalidated)
3334 silly packumentCache full:https://registry.npmjs.org/fresh set size:25427 disposed:false
3335 http fetch GET 200 https://registry.npmjs.org/depd 96ms (cache revalidated)
3336 silly packumentCache full:https://registry.npmjs.org/depd set size:40182 disposed:false
3337 http fetch GET 200 https://registry.npmjs.org/mime 338ms (cache revalidated)
3338 silly packumentCache full:https://registry.npmjs.org/mime set size:119236 disposed:false
3339 silly placeDep node_modules/send debug@2.6.9 OK for: send@0.19.2 want: 2.6.9
3340 silly placeDep ROOT depd@2.0.0 OK for: send@0.19.2 want: 2.0.0
3341 silly placeDep ROOT destroy@1.2.0 OK for: send@0.19.2 want: 1.2.0
3342 silly placeDep node_modules/send encodeurl@2.0.0 OK for: send@0.19.2 want: ~2.0.0
3343 silly placeDep ROOT etag@1.8.1 OK for: send@0.19.2 want: ~1.8.1
3344 silly placeDep ROOT fresh@0.5.2 OK for: send@0.19.2 want: ~0.5.2
3345 silly placeDep ROOT http-errors@2.0.1 OK for: send@0.19.2 want: ~2.0.1
3346 silly placeDep ROOT mime@1.6.0 OK for: send@0.19.2 want: 1.6.0
3347 silly placeDep node_modules/send on-finished@2.4.1 OK for: send@0.19.2 want: ~2.4.1
3348 silly placeDep ROOT range-parser@1.2.1 OK for: send@0.19.2 want: ~1.2.1
3349 silly placeDep node_modules/send statuses@2.0.2 OK for: send@0.19.2 want: ~2.0.2
3350 silly fetch manifest setprototypeof@~1.2.0
3351 silly packumentCache full:https://registry.npmjs.org/setprototypeof cache-miss
3352 silly fetch manifest toidentifier@~1.0.1
3353 silly packumentCache full:https://registry.npmjs.org/toidentifier cache-miss
3354 http fetch GET 200 https://registry.npmjs.org/setprototypeof 64ms (cache revalidated)
3355 silly packumentCache full:https://registry.npmjs.org/setprototypeof set size:14532 disposed:false
3356 http fetch GET 200 https://registry.npmjs.org/toidentifier 75ms (cache revalidated)
3357 silly packumentCache full:https://registry.npmjs.org/toidentifier set size:12006 disposed:false
3358 silly placeDep ROOT setprototypeof@1.2.0 OK for: http-errors@2.0.1 want: ~1.2.0
3359 silly placeDep node_modules/http-errors statuses@2.0.2 OK for: http-errors@2.0.1 want: ~2.0.2
3360 silly placeDep ROOT toidentifier@1.0.1 OK for: http-errors@2.0.1 want: ~1.0.1
3361 silly placeDep ROOT shebang-regex@3.0.0 OK for: shebang-command@2.0.0 want: ^3.0.0
3362 silly placeDep ROOT is-arrayish@0.3.4 OK for: simple-swizzle@0.2.4 want: ^0.3.1
3363 silly placeDep node_modules/stack-utils escape-string-regexp@2.0.0 OK for: stack-utils@2.0.6 want: ^2.0.0
3364 silly placeDep ROOT type-fest@0.7.1 OK for: stacktrace-parser@0.1.11 want: ^0.7.1
3365 silly placeDep node_modules/sucrase commander@4.1.1 OK for: sucrase@3.35.1 want: ^4.0.0
3366 silly placeDep ROOT lines-and-columns@1.2.4 OK for: sucrase@3.35.1 want: ^1.1.6
3367 silly placeDep ROOT mz@2.7.0 OK for: sucrase@3.35.1 want: ^2.7.0
3368 silly placeDep ROOT tinyglobby@0.2.16 OK for: sucrase@3.35.1 want: ^0.2.11
3369 silly placeDep ROOT ts-interface-checker@0.1.13 OK for: sucrase@3.35.1 want: ^0.1.9
3370 silly fetch manifest any-promise@^1.0.0
3371 silly packumentCache full:https://registry.npmjs.org/any-promise cache-miss
3372 silly fetch manifest thenify-all@^1.0.0
3373 silly packumentCache full:https://registry.npmjs.org/thenify-all cache-miss
3374 silly fetch manifest fdir@^6.5.0
3375 silly packumentCache full:https://registry.npmjs.org/fdir cache-miss
3376 silly fetch manifest picomatch@^4.0.4
3377 silly packumentCache full:https://registry.npmjs.org/picomatch cache-hit
3378 http fetch GET 200 https://registry.npmjs.org/any-promise 97ms (cache miss)
3379 silly packumentCache full:https://registry.npmjs.org/any-promise set size:undefined disposed:false
3380 http fetch GET 200 https://registry.npmjs.org/thenify-all 111ms (cache miss)
3381 silly packumentCache full:https://registry.npmjs.org/thenify-all set size:undefined disposed:false
3382 http fetch GET 200 https://registry.npmjs.org/fdir 195ms (cache miss)
3383 silly packumentCache full:https://registry.npmjs.org/fdir set size:undefined disposed:false
3384 silly placeDep ROOT any-promise@1.3.0 OK for: mz@2.7.0 want: ^1.0.0
3385 silly placeDep ROOT thenify-all@1.6.0 OK for: mz@2.7.0 want: ^1.0.0
3386 silly fetch manifest thenify@>= 3.1.0 < 4
3387 silly packumentCache full:https://registry.npmjs.org/thenify cache-miss
3388 http fetch GET 200 https://registry.npmjs.org/thenify 157ms (cache miss)
3389 silly packumentCache full:https://registry.npmjs.org/thenify set size:undefined disposed:false
3390 silly placeDep ROOT has-flag@3.0.0 OK for: supports-color@5.5.0 want: ^3.0.0
3391 silly placeDep ROOT @jridgewell/source-map@0.3.11 OK for: terser@5.46.2 want: ^0.3.3
3392 silly placeDep ROOT acorn@8.16.0 OK for: terser@5.46.2 want: ^8.15.0
3393 silly placeDep node_modules/terser commander@2.20.3 OK for: terser@5.46.2 want: ^2.20.0
3394 silly placeDep ROOT source-map-support@0.5.21 OK for: terser@5.46.2 want: ~0.5.20
3395 silly fetch manifest buffer-from@^1.0.0
3396 silly packumentCache full:https://registry.npmjs.org/buffer-from cache-miss
3397 silly fetch manifest source-map@^0.6.0
3398 silly packumentCache full:https://registry.npmjs.org/source-map cache-miss
3399 http cache https://registry.npmjs.org/source-map 14ms (cache hit)
3400 silly packumentCache full:https://registry.npmjs.org/source-map set size:226141 disposed:false
3401 http fetch GET 200 https://registry.npmjs.org/buffer-from 325ms (cache revalidated)
3402 silly packumentCache full:https://registry.npmjs.org/buffer-from set size:15463 disposed:false
3403 silly placeDep ROOT buffer-from@1.1.2 OK for: source-map-support@0.5.21 want: ^1.0.0
3404 silly placeDep node_modules/source-map-support source-map@0.6.1 OK for: source-map-support@0.5.21 want: ^0.6.0
3405 silly placeDep node_modules/test-exclude glob@7.2.3 OK for: test-exclude@6.0.0 want: ^7.1.4
3406 silly placeDep node_modules/test-exclude minimatch@3.1.5 OK for: test-exclude@6.0.0 want: ^3.0.4
3407 silly fetch manifest brace-expansion@^1.1.7
3408 silly packumentCache full:https://registry.npmjs.org/brace-expansion cache-hit
3409 silly placeDep ROOT thenify@3.3.1 OK for: thenify-all@1.6.0 want: >= 3.1.0 < 4
3410 silly placeDep node_modules/tinyglobby fdir@6.5.0 OK for: tinyglobby@0.2.16 want: ^6.5.0
3411 silly placeDep node_modules/tinyglobby picomatch@4.0.4 OK for: fdir@6.5.0 want: ^3 || ^4
3412 silly placeDep ROOT is-number@7.0.0 OK for: to-regex-range@5.0.1 want: ^7.0.0
3413 silly placeDep ROOT unicode-canonical-property-names-ecmascript@2.0.1 OK for: unicode-match-property-ecmascript@2.0.0 want: ^2.0.0
3414 silly placeDep ROOT unicode-property-aliases-ecmascript@2.2.0 OK for: unicode-match-property-ecmascript@2.0.0 want: ^2.0.0
3415 silly placeDep ROOT escalade@3.2.0 OK for: update-browserslist-db@1.2.3 want: ^3.2.0
3416 silly placeDep ROOT makeerror@1.0.12 OK for: walker@1.0.8 want: 1.0.12
3417 silly fetch manifest tmpl@1.0.5
3418 silly packumentCache full:https://registry.npmjs.org/tmpl cache-miss
3419 http fetch GET 200 https://registry.npmjs.org/tmpl 91ms (cache miss)
3420 silly packumentCache full:https://registry.npmjs.org/tmpl set size:undefined disposed:false
3421 silly placeDep ROOT tmpl@1.0.5 OK for: makeerror@1.0.12 want: 1.0.5
3422 silly placeDep ROOT tr46@0.0.3 OK for: whatwg-url@5.0.0 want: ~0.0.3
3423 silly placeDep ROOT webidl-conversions@3.0.1 OK for: whatwg-url@5.0.0 want: ^3.0.0
3424 silly placeDep ROOT buffer@5.7.1 OK for: whatwg-url-without-unicode@8.0.0-3 want: ^5.4.3
3425 silly placeDep ROOT punycode@2.3.1 OK for: whatwg-url-without-unicode@8.0.0-3 want: ^2.1.1
3426 silly placeDep node_modules/whatwg-url-without-unicode webidl-conversions@5.0.0 OK for: whatwg-url-without-unicode@8.0.0-3 want: ^5.0.0
3427 silly fetch manifest ieee754@^1.1.13
3428 silly packumentCache full:https://registry.npmjs.org/ieee754 cache-miss
3429 http fetch GET 200 https://registry.npmjs.org/ieee754 89ms (cache miss)
3430 silly packumentCache full:https://registry.npmjs.org/ieee754 set size:undefined disposed:false
3431 silly placeDep ROOT ieee754@1.2.1 OK for: buffer@5.7.1 want: ^1.1.13
3432 silly placeDep ROOT isexe@2.0.0 OK for: which@2.0.2 want: ^2.0.0
3433 silly placeDep ROOT imurmurhash@0.1.4 OK for: write-file-atomic@4.0.2 want: ^0.1.4
3434 silly placeDep ROOT signal-exit@3.0.7 OK for: write-file-atomic@4.0.2 want: ^3.0.7
3435 silly placeDep ROOT simple-plist@1.3.1 OK for: xcode@3.0.1 want: ^1.1.0
3436 silly placeDep ROOT uuid@7.0.3 OK for: xcode@3.0.1 want: ^7.0.3
3437 silly fetch manifest bplist-parser@0.3.1
3438 silly packumentCache full:https://registry.npmjs.org/bplist-parser cache-miss
3439 silly fetch manifest plist@^3.0.5
3440 silly packumentCache full:https://registry.npmjs.org/plist cache-miss
3441 http cache https://registry.npmjs.org/bplist-parser 6ms (cache hit)
3442 silly packumentCache full:https://registry.npmjs.org/bplist-parser set size:21877 disposed:false
3443 http fetch GET 200 https://registry.npmjs.org/plist 74ms (cache miss)
3444 silly packumentCache full:https://registry.npmjs.org/plist set size:undefined disposed:false
3445 silly placeDep ROOT bplist-creator@0.1.0 OK for: simple-plist@1.3.1 want: 0.1.0
3446 silly placeDep ROOT bplist-parser@0.3.1 OK for: simple-plist@1.3.1 want: 0.3.1
3447 silly placeDep ROOT plist@3.1.0 OK for: simple-plist@1.3.1 want: ^3.0.5
3448 silly fetch manifest stream-buffers@2.2.x
3449 silly packumentCache full:https://registry.npmjs.org/stream-buffers cache-miss
3450 silly fetch manifest big-integer@1.6.x
3451 silly packumentCache full:https://registry.npmjs.org/big-integer cache-miss
3452 http fetch GET 200 https://registry.npmjs.org/stream-buffers 73ms (cache miss)
3453 silly packumentCache full:https://registry.npmjs.org/stream-buffers set size:undefined disposed:false
3454 http fetch GET 200 https://registry.npmjs.org/big-integer 99ms (cache miss)
3455 silly packumentCache full:https://registry.npmjs.org/big-integer set size:undefined disposed:false
3456 silly placeDep ROOT stream-buffers@2.2.0 OK for: bplist-creator@0.1.0 want: 2.2.x
3457 silly placeDep ROOT big-integer@1.6.52 OK for: bplist-parser@0.3.1 want: 1.6.x
3458 silly placeDep ROOT sax@1.6.0 OK for: xml2js@0.6.0 want: >=0.6.0
3459 silly placeDep node_modules/xml2js xmlbuilder@11.0.1 OK for: xml2js@0.6.0 want: ~11.0.0
3460 silly placeDep ROOT cliui@8.0.1 OK for: yargs@17.7.2 want: ^8.0.1
3461 silly placeDep ROOT get-caller-file@2.0.5 OK for: yargs@17.7.2 want: ^2.0.5
3462 silly placeDep ROOT require-directory@2.1.1 OK for: yargs@17.7.2 want: ^2.1.1
3463 silly placeDep ROOT string-width@4.2.3 OK for: yargs@17.7.2 want: ^4.2.3
3464 silly placeDep ROOT y18n@5.0.8 OK for: yargs@17.7.2 want: ^5.0.5
3465 silly placeDep ROOT yargs-parser@21.1.1 OK for: yargs@17.7.2 want: ^21.1.1
3466 silly fetch manifest strip-ansi@^6.0.1
3467 silly packumentCache full:https://registry.npmjs.org/strip-ansi cache-miss
3468 silly fetch manifest strip-ansi@^6.0.1
3469 silly packumentCache full:https://registry.npmjs.org/strip-ansi cache-miss
3470 silly fetch manifest emoji-regex@^8.0.0
3471 silly packumentCache full:https://registry.npmjs.org/emoji-regex cache-miss
3472 silly fetch manifest is-fullwidth-code-point@^3.0.0
3473 silly packumentCache full:https://registry.npmjs.org/is-fullwidth-code-point cache-miss
3474 http fetch GET 200 https://registry.npmjs.org/strip-ansi 70ms (cache revalidated)
3475 silly packumentCache full:https://registry.npmjs.org/strip-ansi set size:44998 disposed:false
3476 http fetch GET 200 https://registry.npmjs.org/strip-ansi 75ms (cache revalidated)
3477 silly packumentCache full:https://registry.npmjs.org/strip-ansi set size:44998 disposed:false
3478 silly packumentCache full:https://registry.npmjs.org/strip-ansi dispose
3479 http fetch GET 200 https://registry.npmjs.org/emoji-regex 77ms (cache miss)
3480 silly packumentCache full:https://registry.npmjs.org/emoji-regex set size:undefined disposed:false
3481 http fetch GET 200 https://registry.npmjs.org/is-fullwidth-code-point 79ms (cache miss)
3482 silly packumentCache full:https://registry.npmjs.org/is-fullwidth-code-point set size:undefined disposed:false
3483 silly placeDep ROOT strip-ansi@6.0.1 OK for: cliui@8.0.1 want: ^6.0.1
3484 silly placeDep ROOT wrap-ansi@7.0.0 OK for: cliui@8.0.1 want: ^7.0.0
3485 silly fetch manifest ansi-styles@^4.0.0
3486 silly packumentCache full:https://registry.npmjs.org/ansi-styles cache-hit
3487 silly placeDep ROOT emoji-regex@8.0.0 OK for: string-width@4.2.3 want: ^8.0.0
3488 silly placeDep ROOT is-fullwidth-code-point@3.0.0 OK for: string-width@4.2.3 want: ^3.0.0
3489 silly placeDep node_modules/wrap-ansi ansi-styles@4.3.0 OK for: wrap-ansi@7.0.0 want: ^4.0.0
3490 silly placeDep node_modules/@expo/config-plugins ansi-styles@4.3.0 OK for: chalk@4.1.2 want: ^4.1.0
3491 silly placeDep node_modules/@expo/config-plugins supports-color@7.2.0 OK for: chalk@4.1.2 want: ^7.1.0
3492 silly placeDep node_modules/@expo/config-plugins has-flag@4.0.0 OK for: supports-color@7.2.0 want: ^4.0.0
3493 silly placeDep node_modules/@expo/devtools ansi-styles@4.3.0 OK for: chalk@4.1.2 want: ^4.1.0
3494 silly placeDep node_modules/@expo/devtools supports-color@7.2.0 OK for: chalk@4.1.2 want: ^7.1.0
3495 silly placeDep node_modules/@expo/devtools has-flag@4.0.0 OK for: supports-color@7.2.0 want: ^4.0.0
3496 silly placeDep node_modules/@expo/env ansi-styles@4.3.0 OK for: chalk@4.1.2 want: ^4.1.0
3497 silly placeDep node_modules/@expo/env supports-color@7.2.0 OK for: chalk@4.1.2 want: ^7.1.0
3498 silly placeDep node_modules/@expo/env has-flag@4.0.0 OK for: supports-color@7.2.0 want: ^4.0.0
3499 silly placeDep node_modules/@expo/fingerprint ansi-styles@4.3.0 OK for: chalk@4.1.2 want: ^4.1.0
3500 silly placeDep node_modules/@expo/fingerprint supports-color@7.2.0 OK for: chalk@4.1.2 want: ^7.1.0
3501 silly placeDep node_modules/@expo/fingerprint has-flag@4.0.0 OK for: supports-color@7.2.0 want: ^4.0.0
3502 silly placeDep node_modules/@expo/image-utils ansi-styles@4.3.0 OK for: chalk@4.1.2 want: ^4.1.0
3503 silly placeDep node_modules/@expo/image-utils supports-color@7.2.0 OK for: chalk@4.1.2 want: ^7.1.0
3504 silly placeDep node_modules/@expo/image-utils has-flag@4.0.0 OK for: supports-color@7.2.0 want: ^4.0.0
3505 silly placeDep node_modules/@expo/metro-config ansi-styles@4.3.0 OK for: chalk@4.1.2 want: ^4.1.0
3506 silly placeDep node_modules/@expo/metro-config supports-color@7.2.0 OK for: chalk@4.1.2 want: ^7.1.0
3507 silly placeDep node_modules/@expo/metro-config has-flag@4.0.0 OK for: supports-color@7.2.0 want: ^4.0.0
3508 silly placeDep node_modules/@jest/transform ansi-styles@4.3.0 OK for: chalk@4.1.2 want: ^4.1.0
3509 silly placeDep node_modules/@jest/transform supports-color@7.2.0 OK for: chalk@4.1.2 want: ^7.1.0
3510 silly placeDep node_modules/@jest/transform has-flag@4.0.0 OK for: supports-color@7.2.0 want: ^4.0.0
3511 silly placeDep node_modules/@jest/types ansi-styles@4.3.0 OK for: chalk@4.1.2 want: ^4.1.0
3512 silly placeDep node_modules/@jest/types supports-color@7.2.0 OK for: chalk@4.1.2 want: ^7.1.0
3513 silly placeDep node_modules/@jest/types has-flag@4.0.0 OK for: supports-color@7.2.0 want: ^4.0.0
3514 silly placeDep ROOT fs.realpath@1.0.0 OK for: glob@7.2.3 want: ^1.0.0
3515 silly placeDep ROOT inflight@1.0.6 OK for: glob@7.2.3 want: ^1.0.4
3516 silly placeDep node_modules/@react-native/codegen minimatch@3.1.5 OK for: glob@7.2.3 want: ^3.1.1
3517 silly placeDep ROOT once@1.4.0 OK for: glob@7.2.3 want: ^1.3.0
3518 silly placeDep ROOT path-is-absolute@1.0.1 OK for: glob@7.2.3 want: ^1.0.0
3519 silly fetch manifest wrappy@1
3520 silly packumentCache full:https://registry.npmjs.org/wrappy cache-miss
3521 silly fetch manifest wrappy@1
3522 silly packumentCache full:https://registry.npmjs.org/wrappy cache-miss
3523 http fetch GET 200 https://registry.npmjs.org/wrappy 59ms (cache revalidated)
3524 silly packumentCache full:https://registry.npmjs.org/wrappy set size:7682 disposed:false
3525 http fetch GET 200 https://registry.npmjs.org/wrappy 60ms (cache revalidated)
3526 silly packumentCache full:https://registry.npmjs.org/wrappy set size:7682 disposed:false
3527 silly packumentCache full:https://registry.npmjs.org/wrappy dispose
3528 silly placeDep ROOT wrappy@1.0.2 OK for: inflight@1.0.6 want: 1
3529 silly placeDep node_modules/@react-native/codegen brace-expansion@1.1.14 OK for: minimatch@3.1.5 want: ^1.1.7
3530 silly fetch manifest concat-map@0.0.1
3531 silly packumentCache full:https://registry.npmjs.org/concat-map cache-miss
3532 http fetch GET 200 https://registry.npmjs.org/concat-map 161ms (cache revalidated)
3533 silly packumentCache full:https://registry.npmjs.org/concat-map set size:9290 disposed:false
3534 silly placeDep ROOT concat-map@0.0.1 OK for: brace-expansion@1.1.14 want: 0.0.1
3535 silly placeDep ROOT async-limiter@1.0.1 OK for: ws@6.2.3 want: ~1.0.0
3536 silly placeDep node_modules/ansi-styles color-name@1.1.3 OK for: color-convert@1.9.3 want: 1.1.3
3537 silly placeDep node_modules/babel-jest ansi-styles@4.3.0 OK for: chalk@4.1.2 want: ^4.1.0
3538 silly placeDep node_modules/babel-jest supports-color@7.2.0 OK for: chalk@4.1.2 want: ^7.1.0
3539 silly placeDep node_modules/babel-jest has-flag@4.0.0 OK for: supports-color@7.2.0 want: ^4.0.0
3540 silly placeDep node_modules/connect ms@2.0.0 OK for: debug@2.6.9 want: 2.0.0
3541 silly placeDep node_modules/expo-modules-autolinking ansi-styles@4.3.0 OK for: chalk@4.1.2 want: ^4.1.0
3542 silly placeDep node_modules/expo-modules-autolinking supports-color@7.2.0 OK for: chalk@4.1.2 want: ^7.1.0
3543 silly placeDep node_modules/expo-modules-autolinking has-flag@4.0.0 OK for: supports-color@7.2.0 want: ^4.0.0
3544 silly fetch manifest utf-8-validate@>=5.0.2
3545 silly packumentCache full:https://registry.npmjs.org/utf-8-validate cache-miss
3546 http cache https://registry.npmjs.org/utf-8-validate 9ms (cache hit)
3547 silly packumentCache full:https://registry.npmjs.org/utf-8-validate set size:77148 disposed:false
3548 silly fetch manifest graphql@^14.0.0 || ^15.0.0 || ^16.0.0
3549 silly packumentCache full:https://registry.npmjs.org/graphql cache-miss
3550 http fetch GET 200 https://registry.npmjs.org/graphql 398ms (cache miss)
3551 silly packumentCache full:https://registry.npmjs.org/graphql set size:undefined disposed:false
3552 silly placeDep ROOT @0no-co/graphql.web@1.2.0 OK for: @expo/cli@54.0.23 want: ^1.0.8
3553 silly placeDep ROOT @expo/code-signing-certificates@0.0.6 OK for: @expo/cli@54.0.23 want: ^0.0.6
3554 silly placeDep ROOT @expo/devcert@1.2.1 OK for: @expo/cli@54.0.23 want: ^1.2.1
3555 silly placeDep ROOT @expo/osascript@2.4.2 OK for: @expo/cli@54.0.23 want: ^2.3.8
3556 silly placeDep ROOT @expo/package-manager@1.10.4 OK for: @expo/cli@54.0.23 want: ^1.9.10
3557 silly placeDep ROOT @expo/prebuild-config@54.0.8 OK for: @expo/cli@54.0.23 want: ^54.0.8
3558 silly placeDep ROOT @expo/schema-utils@0.1.8 OK for: @expo/cli@54.0.23 want: ^0.1.8
3559 silly placeDep ROOT @expo/ws-tunnel@1.0.6 OK for: @expo/cli@54.0.23 want: ^1.0.1
3560 silly placeDep ROOT @expo/xcpretty@4.4.3 OK for: @expo/cli@54.0.23 want: ^4.3.0
3561 silly placeDep ROOT @urql/core@5.2.0 OK for: @expo/cli@54.0.23 want: ^5.0.6
3562 silly placeDep ROOT @urql/exchange-retry@1.3.2 OK for: @expo/cli@54.0.23 want: ^1.3.0
3563 silly placeDep ROOT better-opn@3.0.2 OK for: @expo/cli@54.0.23 want: ~3.0.2
3564 silly placeDep node_modules/expo chalk@4.1.2 OK for: @expo/cli@54.0.23 want: ^4.0.0
3565 silly placeDep node_modules/expo ci-info@3.9.0 OK for: @expo/cli@54.0.23 want: ^3.3.0
3566 silly placeDep ROOT compression@1.8.1 OK for: @expo/cli@54.0.23 want: ^1.7.4
3567 silly placeDep ROOT env-editor@0.4.2 OK for: @expo/cli@54.0.23 want: ^0.4.1
3568 silly placeDep ROOT expo-server@1.0.5 OK for: @expo/cli@54.0.23 want: ^1.0.5
3569 silly placeDep ROOT freeport-async@2.0.0 OK for: @expo/cli@54.0.23 want: ^2.0.0
3570 silly placeDep ROOT lan-network@0.1.7 OK for: @expo/cli@54.0.23 want: ^0.1.6
3571 silly placeDep ROOT node-forge@1.4.0 OK for: @expo/cli@54.0.23 want: ^1.3.3
3572 silly placeDep ROOT npm-package-arg@11.0.3 OK for: @expo/cli@54.0.23 want: ^11.0.0
3573 silly placeDep ROOT ora@3.4.0 OK for: @expo/cli@54.0.23 want: ^3.4.0
3574 silly placeDep node_modules/expo picomatch@3.0.2 OK for: @expo/cli@54.0.23 want: ^3.0.1
3575 silly placeDep ROOT pretty-bytes@5.6.0 OK for: @expo/cli@54.0.23 want: ^5.6.0
3576 silly placeDep ROOT progress@2.0.3 OK for: @expo/cli@54.0.23 want: ^2.0.3
3577 silly placeDep ROOT prompts@2.4.2 OK for: @expo/cli@54.0.23 want: ^2.3.2
3578 silly placeDep ROOT qrcode-terminal@0.11.0 OK for: @expo/cli@54.0.23 want: 0.11.0
3579 silly placeDep ROOT requireg@0.2.2 OK for: @expo/cli@54.0.23 want: ^0.2.2
3580 silly placeDep ROOT resolve.exports@2.0.3 OK for: @expo/cli@54.0.23 want: ^2.0.3
3581 silly placeDep ROOT structured-headers@0.4.1 OK for: @expo/cli@54.0.23 want: ^0.4.1
3582 silly placeDep ROOT tar@7.5.13 OK for: @expo/cli@54.0.23 want: ^7.5.2
3583 silly placeDep ROOT terminal-link@2.1.1 OK for: @expo/cli@54.0.23 want: ^2.1.1
3584 silly placeDep ROOT undici@6.25.0 OK for: @expo/cli@54.0.23 want: ^6.18.2
3585 silly placeDep node_modules/expo ws@8.20.0 OK for: @expo/cli@54.0.23 want: ^8.12.1
3586 silly fetch manifest debug@^3.1.0
3587 silly packumentCache full:https://registry.npmjs.org/debug cache-hit
3588 silly fetch manifest @expo/sudo-prompt@^9.3.1
3589 silly packumentCache full:https://registry.npmjs.org/@expo%2fsudo-prompt cache-miss
3590 silly fetch manifest js-yaml@^4.1.0
3591 silly packumentCache full:https://registry.npmjs.org/js-yaml cache-hit
3592 silly fetch manifest wonka@^6.3.2
3593 silly packumentCache full:https://registry.npmjs.org/wonka cache-miss
3594 silly fetch manifest wonka@^6.3.2
3595 silly packumentCache full:https://registry.npmjs.org/wonka cache-miss
3596 silly fetch manifest open@^8.0.4
3597 silly packumentCache full:https://registry.npmjs.org/open cache-miss
3598 silly fetch manifest vary@~1.1.2
3599 silly packumentCache full:https://registry.npmjs.org/vary cache-miss
3600 silly fetch manifest bytes@3.1.2
3601 silly packumentCache full:https://registry.npmjs.org/bytes cache-miss
3602 silly fetch manifest negotiator@~0.6.4
3603 silly packumentCache full:https://registry.npmjs.org/negotiator cache-hit
3604 silly fetch manifest on-headers@~1.1.0
3605 silly packumentCache full:https://registry.npmjs.org/on-headers cache-miss
3606 silly fetch manifest safe-buffer@5.2.1
3607 silly packumentCache full:https://registry.npmjs.org/safe-buffer cache-miss
3608 silly fetch manifest compressible@~2.0.18
3609 silly packumentCache full:https://registry.npmjs.org/compressible cache-miss
3610 silly fetch manifest proc-log@^4.0.0
3611 silly packumentCache full:https://registry.npmjs.org/proc-log cache-miss
3612 silly fetch manifest hosted-git-info@^7.0.0
3613 silly packumentCache full:https://registry.npmjs.org/hosted-git-info cache-miss
3614 silly fetch manifest validate-npm-package-name@^5.0.0
3615 silly packumentCache full:https://registry.npmjs.org/validate-npm-package-name cache-miss
3616 silly fetch manifest wcwidth@^1.0.1
3617 silly packumentCache full:https://registry.npmjs.org/wcwidth cache-miss
3618 http cache https://registry.npmjs.org/open 11ms (cache hit)
3619 silly packumentCache full:https://registry.npmjs.org/open set size:136392 disposed:false
3620 silly fetch manifest cli-cursor@^2.1.0
3621 silly packumentCache full:https://registry.npmjs.org/cli-cursor cache-miss
3622 http fetch GET 200 https://registry.npmjs.org/on-headers 67ms (cache miss)
3623 silly packumentCache full:https://registry.npmjs.org/on-headers set size:undefined disposed:false
3624 silly fetch manifest strip-ansi@^5.2.0
3625 silly packumentCache full:https://registry.npmjs.org/strip-ansi cache-hit
3626 silly fetch manifest log-symbols@^2.2.0
3627 silly packumentCache full:https://registry.npmjs.org/log-symbols cache-miss
3628 http fetch GET 200 https://registry.npmjs.org/bytes 73ms (cache revalidated)
3629 silly packumentCache full:https://registry.npmjs.org/bytes set size:37018 disposed:false
3630 silly fetch manifest cli-spinners@^2.0.0
3631 silly packumentCache full:https://registry.npmjs.org/cli-spinners cache-miss
3632 http fetch GET 200 https://registry.npmjs.org/wcwidth 78ms (cache miss)
3633 silly packumentCache full:https://registry.npmjs.org/wcwidth set size:undefined disposed:false
3634 silly fetch manifest kleur@^3.0.3
3635 silly packumentCache full:https://registry.npmjs.org/kleur cache-miss
3636 http fetch GET 200 https://registry.npmjs.org/compressible 85ms (cache miss)
3637 silly packumentCache full:https://registry.npmjs.org/compressible set size:undefined disposed:false
3638 silly fetch manifest sisteransi@^1.0.5
3639 silly packumentCache full:https://registry.npmjs.org/sisteransi cache-miss
3640 http fetch GET 200 https://registry.npmjs.org/cli-cursor 81ms (cache miss)
3641 silly packumentCache full:https://registry.npmjs.org/cli-cursor set size:undefined disposed:false
3642 silly fetch manifest nested-error-stacks@~2.0.1
3643 silly packumentCache full:https://registry.npmjs.org/nested-error-stacks cache-miss
3644 http fetch GET 200 https://registry.npmjs.org/log-symbols 77ms (cache miss)
3645 silly packumentCache full:https://registry.npmjs.org/log-symbols set size:undefined disposed:false
3646 silly fetch manifest rc@~1.2.7
3647 silly packumentCache full:https://registry.npmjs.org/rc cache-miss
3648 http fetch GET 200 https://registry.npmjs.org/sisteransi 78ms (cache miss)
3649 silly packumentCache full:https://registry.npmjs.org/sisteransi set size:undefined disposed:false
3650 silly fetch manifest resolve@~1.7.1
3651 silly packumentCache full:https://registry.npmjs.org/resolve cache-hit
3652 silly fetch manifest @isaacs/fs-minipass@^4.0.0
3653 silly packumentCache full:https://registry.npmjs.org/@isaacs%2ffs-minipass cache-miss
3654 http fetch GET 200 https://registry.npmjs.org/hosted-git-info 185ms (cache miss)
3655 silly packumentCache full:https://registry.npmjs.org/hosted-git-info set size:undefined disposed:false
3656 silly fetch manifest chownr@^3.0.0
3657 silly packumentCache full:https://registry.npmjs.org/chownr cache-miss
3658 http fetch GET 200 https://registry.npmjs.org/wonka 214ms (cache miss)
3659 silly packumentCache full:https://registry.npmjs.org/wonka set size:undefined disposed:false
3660 silly fetch manifest minizlib@^3.1.0
3661 silly packumentCache full:https://registry.npmjs.org/minizlib cache-miss
3662 http fetch GET 200 https://registry.npmjs.org/nested-error-stacks 124ms (cache miss)
3663 silly packumentCache full:https://registry.npmjs.org/nested-error-stacks set size:undefined disposed:false
3664 silly fetch manifest yallist@^5.0.0
3665 silly packumentCache full:https://registry.npmjs.org/yallist cache-miss
3666 http cache https://registry.npmjs.org/yallist 5ms (cache hit)
3667 silly packumentCache full:https://registry.npmjs.org/yallist set size:34610 disposed:false
3668 silly fetch manifest ansi-escapes@^4.2.1
3669 silly packumentCache full:https://registry.npmjs.org/ansi-escapes cache-miss
3670 http fetch GET 200 https://registry.npmjs.org/rc 87ms (cache miss)
3671 silly packumentCache full:https://registry.npmjs.org/rc set size:undefined disposed:false
3672 silly fetch manifest supports-hyperlinks@^2.0.0
3673 silly packumentCache full:https://registry.npmjs.org/supports-hyperlinks cache-miss
3674 http fetch GET 200 https://registry.npmjs.org/wonka 239ms (cache miss)
3675 silly packumentCache full:https://registry.npmjs.org/wonka set size:undefined disposed:false
3676 http fetch GET 200 https://registry.npmjs.org/@isaacs%2ffs-minipass 78ms (cache miss)
3677 silly packumentCache full:https://registry.npmjs.org/@isaacs%2ffs-minipass set size:undefined disposed:false
3678 http fetch GET 200 https://registry.npmjs.org/cli-spinners 220ms (cache miss)
3679 silly packumentCache full:https://registry.npmjs.org/cli-spinners set size:undefined disposed:false
3680 http fetch GET 200 https://registry.npmjs.org/supports-hyperlinks 69ms (cache miss)
3681 silly packumentCache full:https://registry.npmjs.org/supports-hyperlinks set size:undefined disposed:false
3682 http fetch GET 200 https://registry.npmjs.org/minizlib 90ms (cache miss)
3683 silly packumentCache full:https://registry.npmjs.org/minizlib set size:undefined disposed:false
3684 http fetch GET 200 https://registry.npmjs.org/safe-buffer 322ms (cache revalidated)
3685 silly packumentCache full:https://registry.npmjs.org/safe-buffer set size:41183 disposed:false
3686 http fetch GET 200 https://registry.npmjs.org/validate-npm-package-name 327ms (cache miss)
3687 silly packumentCache full:https://registry.npmjs.org/validate-npm-package-name set size:undefined disposed:false
3688 http fetch GET 200 https://registry.npmjs.org/proc-log 341ms (cache miss)
3689 silly packumentCache full:https://registry.npmjs.org/proc-log set size:undefined disposed:false
3690 http fetch GET 200 https://registry.npmjs.org/vary 342ms (cache revalidated)
3691 silly packumentCache full:https://registry.npmjs.org/vary set size:16018 disposed:false
3692 http fetch GET 200 https://registry.npmjs.org/kleur 461ms (cache miss)
3693 silly packumentCache full:https://registry.npmjs.org/kleur set size:undefined disposed:false
3694 http fetch GET 200 https://registry.npmjs.org/@expo%2fsudo-prompt 541ms (cache miss)
3695 silly packumentCache full:https://registry.npmjs.org/@expo%2fsudo-prompt set size:undefined disposed:false
3696 http fetch GET 200 https://registry.npmjs.org/chownr 353ms (cache miss)
3697 silly packumentCache full:https://registry.npmjs.org/chownr set size:undefined disposed:false
3698 http fetch GET 200 https://registry.npmjs.org/ansi-escapes 376ms (cache miss)
3699 silly packumentCache full:https://registry.npmjs.org/ansi-escapes set size:undefined disposed:false
3700 silly placeDep ROOT @expo/sudo-prompt@9.3.2 OK for: @expo/devcert@1.2.1 want: ^9.3.1
3701 silly placeDep node_modules/@expo/devcert debug@3.2.7 OK for: @expo/devcert@1.2.1 want: ^3.1.0
3702 silly placeDep node_modules/@expo/package-manager chalk@4.1.2 OK for: @expo/package-manager@1.10.4 want: ^4.0.0
3703 silly placeDep node_modules/@expo/xcpretty @babel/code-frame@7.29.0 OK for: @expo/xcpretty@4.4.3 want: ^7.20.0
3704 silly placeDep node_modules/@expo/xcpretty chalk@4.1.2 OK for: @expo/xcpretty@4.4.3 want: ^4.1.0
3705 silly placeDep node_modules/@expo/xcpretty js-yaml@4.1.1 OK for: @expo/xcpretty@4.4.3 want: ^4.1.0
3706 silly fetch manifest argparse@^2.0.1
3707 silly packumentCache full:https://registry.npmjs.org/argparse cache-hit
3708 silly placeDep ROOT wonka@6.3.6 OK for: @urql/core@5.2.0 want: ^6.3.2
3709 silly placeDep node_modules/better-opn open@8.4.2 OK for: better-opn@3.0.2 want: ^8.0.4
3710 silly fetch manifest define-lazy-prop@^2.0.0
3711 silly packumentCache full:https://registry.npmjs.org/define-lazy-prop cache-miss
3712 http fetch GET 200 https://registry.npmjs.org/define-lazy-prop 345ms (cache miss)
3713 silly packumentCache full:https://registry.npmjs.org/define-lazy-prop set size:undefined disposed:false
3714 silly placeDep ROOT bytes@3.1.2 OK for: compression@1.8.1 want: 3.1.2
3715 silly placeDep ROOT compressible@2.0.18 OK for: compression@1.8.1 want: ~2.0.18
3716 silly placeDep node_modules/compression debug@2.6.9 OK for: compression@1.8.1 want: 2.6.9
3717 silly placeDep node_modules/compression negotiator@0.6.4 OK for: compression@1.8.1 want: ~0.6.4
3718 silly placeDep ROOT on-headers@1.1.0 OK for: compression@1.8.1 want: ~1.1.0
3719 silly placeDep ROOT safe-buffer@5.2.1 OK for: compression@1.8.1 want: 5.2.1
3720 silly placeDep ROOT vary@1.1.2 OK for: compression@1.8.1 want: ~1.1.2
3721 silly placeDep ROOT hosted-git-info@7.0.2 OK for: npm-package-arg@11.0.3 want: ^7.0.0
3722 silly placeDep ROOT proc-log@4.2.0 OK for: npm-package-arg@11.0.3 want: ^4.0.0
3723 silly placeDep ROOT validate-npm-package-name@5.0.1 OK for: npm-package-arg@11.0.3 want: ^5.0.0
3724 silly fetch manifest lru-cache@^10.0.1
3725 silly packumentCache full:https://registry.npmjs.org/lru-cache cache-hit
3726 silly placeDep node_modules/hosted-git-info lru-cache@10.4.3 OK for: hosted-git-info@7.0.2 want: ^10.0.1
3727 silly placeDep ROOT cli-cursor@2.1.0 OK for: ora@3.4.0 want: ^2.1.0
3728 silly placeDep ROOT cli-spinners@2.9.2 OK for: ora@3.4.0 want: ^2.0.0
3729 silly placeDep ROOT log-symbols@2.2.0 OK for: ora@3.4.0 want: ^2.2.0
3730 silly placeDep node_modules/ora strip-ansi@5.2.0 OK for: ora@3.4.0 want: ^5.2.0
3731 silly placeDep ROOT wcwidth@1.0.1 OK for: ora@3.4.0 want: ^1.0.1
3732 silly fetch manifest restore-cursor@^2.0.0
3733 silly packumentCache full:https://registry.npmjs.org/restore-cursor cache-miss
3734 silly fetch manifest ansi-regex@^4.1.0
3735 silly packumentCache full:https://registry.npmjs.org/ansi-regex cache-hit
3736 silly fetch manifest defaults@^1.0.3
3737 silly packumentCache full:https://registry.npmjs.org/defaults cache-miss
3738 http fetch GET 200 https://registry.npmjs.org/defaults 131ms (cache miss)
3739 silly packumentCache full:https://registry.npmjs.org/defaults set size:undefined disposed:false
3740 http fetch GET 200 https://registry.npmjs.org/restore-cursor 357ms (cache miss)
3741 silly packumentCache full:https://registry.npmjs.org/restore-cursor set size:undefined disposed:false
3742 silly placeDep ROOT restore-cursor@2.0.0 OK for: cli-cursor@2.1.0 want: ^2.0.0
3743 silly fetch manifest onetime@^2.0.0
3744 silly packumentCache full:https://registry.npmjs.org/onetime cache-miss
3745 http fetch GET 200 https://registry.npmjs.org/onetime 111ms (cache miss)
3746 silly packumentCache full:https://registry.npmjs.org/onetime set size:undefined disposed:false
3747 silly placeDep ROOT kleur@3.0.3 OK for: prompts@2.4.2 want: ^3.0.3
3748 silly placeDep ROOT sisteransi@1.0.5 OK for: prompts@2.4.2 want: ^1.0.5
3749 silly placeDep ROOT nested-error-stacks@2.0.1 OK for: requireg@0.2.2 want: ~2.0.1
3750 silly placeDep ROOT rc@1.2.8 OK for: requireg@0.2.2 want: ~1.2.7
3751 silly placeDep node_modules/requireg resolve@1.7.1 OK for: requireg@0.2.2 want: ~1.7.1
3752 silly fetch manifest ini@~1.3.0
3753 silly packumentCache full:https://registry.npmjs.org/ini cache-miss
3754 silly fetch manifest minimist@^1.2.0
3755 silly packumentCache full:https://registry.npmjs.org/minimist cache-miss
3756 silly fetch manifest deep-extend@^0.6.0
3757 silly packumentCache full:https://registry.npmjs.org/deep-extend cache-miss
3758 silly fetch manifest strip-json-comments@~2.0.1
3759 silly packumentCache full:https://registry.npmjs.org/strip-json-comments cache-miss
3760 http fetch GET 200 https://registry.npmjs.org/ini 159ms (cache miss)
3761 silly packumentCache full:https://registry.npmjs.org/ini set size:undefined disposed:false
3762 http fetch GET 200 https://registry.npmjs.org/deep-extend 160ms (cache miss)
3763 silly packumentCache full:https://registry.npmjs.org/deep-extend set size:undefined disposed:false
3764 http fetch GET 200 https://registry.npmjs.org/strip-json-comments 163ms (cache revalidated)
3765 silly packumentCache full:https://registry.npmjs.org/strip-json-comments set size:43569 disposed:false
3766 http fetch GET 200 https://registry.npmjs.org/minimist 167ms (cache revalidated)
3767 silly packumentCache full:https://registry.npmjs.org/minimist set size:77063 disposed:false
3768 silly placeDep ROOT deep-extend@0.6.0 OK for: rc@1.2.8 want: ^0.6.0
3769 silly placeDep ROOT ini@1.3.8 OK for: rc@1.2.8 want: ~1.3.0
3770 silly placeDep ROOT minimist@1.2.8 OK for: rc@1.2.8 want: ^1.2.0
3771 silly placeDep ROOT strip-json-comments@2.0.1 OK for: rc@1.2.8 want: ~2.0.1
3772 silly placeDep ROOT onetime@2.0.1 OK for: restore-cursor@2.0.0 want: ^2.0.0
3773 silly fetch manifest mimic-fn@^1.0.0
3774 silly packumentCache full:https://registry.npmjs.org/mimic-fn cache-miss
3775 http fetch GET 200 https://registry.npmjs.org/mimic-fn 117ms (cache miss)
3776 silly packumentCache full:https://registry.npmjs.org/mimic-fn set size:undefined disposed:false
3777 silly placeDep ROOT mimic-fn@1.2.0 OK for: onetime@2.0.1 want: ^1.0.0
3778 silly placeDep ROOT @isaacs/fs-minipass@4.0.1 OK for: tar@7.5.13 want: ^4.0.0
3779 silly placeDep ROOT chownr@3.0.0 OK for: tar@7.5.13 want: ^3.0.0
3780 silly placeDep ROOT minizlib@3.1.0 OK for: tar@7.5.13 want: ^3.1.0
3781 silly placeDep node_modules/tar yallist@5.0.0 OK for: tar@7.5.13 want: ^5.0.0
3782 silly placeDep ROOT ansi-escapes@4.3.2 OK for: terminal-link@2.1.1 want: ^4.2.1
3783 silly placeDep ROOT supports-hyperlinks@2.3.0 OK for: terminal-link@2.1.1 want: ^2.0.0
3784 silly fetch manifest type-fest@^0.21.3
3785 silly packumentCache full:https://registry.npmjs.org/type-fest cache-hit
3786 silly fetch manifest supports-color@^7.0.0
3787 silly packumentCache full:https://registry.npmjs.org/supports-color cache-hit
3788 silly placeDep node_modules/ansi-escapes type-fest@0.21.3 OK for: ansi-escapes@4.3.2 want: ^0.21.3
3789 silly placeDep node_modules/supports-hyperlinks has-flag@4.0.0 OK for: supports-hyperlinks@2.3.0 want: ^4.0.0
3790 silly placeDep node_modules/supports-hyperlinks supports-color@7.2.0 OK for: supports-hyperlinks@2.3.0 want: ^7.0.0
3791 silly placeDep ROOT defaults@1.0.4 OK for: wcwidth@1.0.1 want: ^1.0.3
3792 silly fetch manifest clone@^1.0.2
3793 silly packumentCache full:https://registry.npmjs.org/clone cache-miss
3794 http fetch GET 200 https://registry.npmjs.org/clone 397ms (cache miss)
3795 silly packumentCache full:https://registry.npmjs.org/clone set size:undefined disposed:false
3796 silly placeDep ROOT clone@1.0.4 OK for: defaults@1.0.4 want: ^1.0.2
3797 silly placeDep node_modules/@expo/package-manager ansi-styles@4.3.0 OK for: chalk@4.1.2 want: ^4.1.0
3798 silly placeDep node_modules/@expo/package-manager supports-color@7.2.0 OK for: chalk@4.1.2 want: ^7.1.0
3799 silly placeDep node_modules/@expo/package-manager has-flag@4.0.0 OK for: supports-color@7.2.0 want: ^4.0.0
3800 silly placeDep node_modules/@expo/xcpretty ansi-styles@4.3.0 OK for: chalk@4.1.2 want: ^4.1.0
3801 silly placeDep node_modules/@expo/xcpretty supports-color@7.2.0 OK for: chalk@4.1.2 want: ^7.1.0
3802 silly placeDep node_modules/@expo/xcpretty argparse@2.0.1 OK for: js-yaml@4.1.1 want: ^2.0.1
3803 silly placeDep node_modules/@expo/xcpretty has-flag@4.0.0 OK for: supports-color@7.2.0 want: ^4.0.0
3804 silly placeDep ROOT define-lazy-prop@2.0.0 OK for: open@8.4.2 want: ^2.0.0
3805 silly placeDep node_modules/compression ms@2.0.0 OK for: debug@2.6.9 want: 2.0.0
3806 silly placeDep node_modules/expo ansi-styles@4.3.0 OK for: chalk@4.1.2 want: ^4.1.0
3807 silly placeDep node_modules/expo supports-color@7.2.0 OK for: chalk@4.1.2 want: ^7.1.0
3808 silly placeDep node_modules/expo has-flag@4.0.0 OK for: supports-color@7.2.0 want: ^4.0.0
3809 silly placeDep node_modules/finalhandler ms@2.0.0 OK for: debug@2.6.9 want: 2.0.0
3810 silly placeDep node_modules/glob brace-expansion@5.0.5 OK for: minimatch@10.2.5 want: ^5.0.5
3811 silly fetch manifest balanced-match@^4.0.2
3812 silly packumentCache full:https://registry.npmjs.org/balanced-match cache-hit
3813 silly placeDep node_modules/glob balanced-match@4.0.4 OK for: brace-expansion@5.0.5 want: ^4.0.2
3814 silly placeDep node_modules/jest-message-util ansi-styles@4.3.0 OK for: chalk@4.1.2 want: ^4.1.0
3815 silly placeDep node_modules/jest-message-util supports-color@7.2.0 OK for: chalk@4.1.2 want: ^7.1.0
3816 silly placeDep node_modules/jest-message-util has-flag@4.0.0 OK for: supports-color@7.2.0 want: ^4.0.0
3817 silly placeDep node_modules/jest-util ansi-styles@4.3.0 OK for: chalk@4.1.2 want: ^4.1.0
3818 silly placeDep node_modules/jest-util supports-color@7.2.0 OK for: chalk@4.1.2 want: ^7.1.0
3819 silly placeDep node_modules/jest-util has-flag@4.0.0 OK for: supports-color@7.2.0 want: ^4.0.0
3820 silly placeDep node_modules/jest-validate ansi-styles@4.3.0 OK for: chalk@4.1.2 want: ^4.1.0
3821 silly placeDep node_modules/jest-validate supports-color@7.2.0 OK for: chalk@4.1.2 want: ^7.1.0
3822 silly placeDep node_modules/jest-validate has-flag@4.0.0 OK for: supports-color@7.2.0 want: ^4.0.0
3823 silly placeDep node_modules/jest-worker has-flag@4.0.0 OK for: supports-color@8.1.1 want: ^4.0.0
3824 silly placeDep node_modules/lighthouse-logger ms@2.0.0 OK for: debug@2.6.9 want: 2.0.0
3825 silly placeDep node_modules/metro-babel-transformer hermes-estree@0.32.0 OK for: hermes-parser@0.32.0 want: 0.32.0
3826 silly placeDep node_modules/metro ansi-styles@4.3.0 OK for: chalk@4.1.2 want: ^4.1.0
3827 silly placeDep node_modules/metro supports-color@7.2.0 OK for: chalk@4.1.2 want: ^7.1.0
3828 silly placeDep node_modules/metro hermes-estree@0.32.0 OK for: hermes-parser@0.32.0 want: 0.32.0
3829 silly placeDep node_modules/metro has-flag@4.0.0 OK for: supports-color@7.2.0 want: ^4.0.0
3830 silly placeDep node_modules/ora ansi-regex@4.1.1 OK for: strip-ansi@5.2.0 want: ^4.1.0
3831 silly placeDep ROOT p-try@2.2.0 OK for: p-limit@2.3.0 want: ^2.0.0
3832 silly placeDep node_modules/react-native-vector-icons cliui@7.0.4 OK for: yargs@16.2.0 want: ^7.0.2
3833 silly placeDep node_modules/react-native-vector-icons yargs-parser@20.2.9 OK for: yargs@16.2.0 want: ^20.2.2
3834 silly placeDep node_modules/react-native minimatch@3.1.5 OK for: glob@7.2.3 want: ^3.1.1
3835 silly placeDep node_modules/react-native brace-expansion@1.1.14 OK for: minimatch@3.1.5 want: ^1.1.7
3836 silly placeDep node_modules/rimraf minimatch@3.1.5 OK for: glob@7.2.3 want: ^3.1.1
3837 silly placeDep node_modules/rimraf brace-expansion@1.1.14 OK for: minimatch@3.1.5 want: ^1.1.7
3838 silly placeDep node_modules/send/node_modules/debug ms@2.0.0 OK for: debug@2.6.9 want: 2.0.0
3839 silly placeDep node_modules/test-exclude brace-expansion@1.1.14 OK for: minimatch@3.1.5 want: ^1.1.7
3840 silly reify moves {}
3841 silly audit bulk request {
3841 silly audit   '@expo/metro-runtime': [ '6.1.2' ],
3841 silly audit   expo: [ '54.0.33' ],
3841 silly audit   react: [ '19.1.0' ],
3841 silly audit   'react-native': [ '0.81.5' ],
3841 silly audit   '@expo/vector-icons': [ '15.1.1' ],
3841 silly audit   'expo-font': [ '55.0.6', '14.0.11' ],
3841 silly audit   '@react-native-async-storage/async-storage': [ '2.2.0' ],
3841 silly audit   '@react-native-google-signin/google-signin': [ '16.1.2' ],
3841 silly audit   '@react-navigation/bottom-tabs': [ '7.15.10' ],
3841 silly audit   'react-native-screens': [ '4.16.0' ],
3841 silly audit   '@react-navigation/native': [ '7.2.2' ],
3841 silly audit   'react-native-safe-area-context': [ '5.7.0' ],
3841 silly audit   '@react-navigation/stack': [ '7.8.11' ],
3841 silly audit   'react-native-gesture-handler': [ '2.31.1' ],
3841 silly audit   '@stripe/stripe-react-native': [ '0.63.0' ],
3841 silly audit   axios: [ '1.15.2' ],
3841 silly audit   'country-state-city': [ '3.2.1' ],
3841 silly audit   'expo-image-picker': [ '17.0.10' ],
3841 silly audit   'expo-location': [ '19.0.8' ],
3841 silly audit   'expo-maps': [ '0.12.10' ],
3841 silly audit   'expo-status-bar': [ '3.0.9' ],
3841 silly audit   'libphonenumber-js': [ '1.12.42' ],
3841 silly audit   'react-dom': [ '19.1.0' ],
3841 silly audit   'react-native-maps': [ '1.20.1' ],
3841 silly audit   'react-native-vector-icons': [ '10.3.0' ],
3841 silly audit   'react-native-web': [ '0.21.2' ],
3841 silly audit   anser: [ '1.4.10' ],
3841 silly audit   'pretty-format': [ '29.7.0' ],
3841 silly audit   'stacktrace-parser': [ '0.1.11' ],
3841 silly audit   'whatwg-fetch': [ '3.6.20' ],
3841 silly audit   'merge-options': [ '3.0.4' ],
3841 silly audit   '@react-navigation/elements': [ '2.9.15' ],
3841 silly audit   color: [ '4.2.3' ],
3841 silly audit   'sf-symbols-typescript': [ '2.2.0' ],
3841 silly audit   'use-latest-callback': [ '0.2.6' ],
3841 silly audit   'use-sync-external-store': [ '1.6.0' ],
3841 silly audit   '@react-navigation/core': [ '7.17.2' ],
3841 silly audit   'escape-string-regexp': [ '4.0.0', '1.0.5', '2.0.0' ],
3841 silly audit   'fast-deep-equal': [ '3.1.3' ],
3841 silly audit   nanoid: [ '3.3.11' ],
3841 silly audit   '@react-navigation/routers': [ '7.5.3' ],
3841 silly audit   'query-string': [ '7.1.3' ],
3841 silly audit   'react-is': [ '19.2.5', '18.3.1', '16.13.1' ],
3841 silly audit   'follow-redirects': [ '1.16.0' ],
3841 silly audit   'form-data': [ '4.0.5' ],
3841 silly audit   'proxy-from-env': [ '2.1.0' ],
3841 silly audit   'color-convert': [ '2.0.1', '1.9.3' ],
3841 silly audit   'color-string': [ '1.9.1' ],
3841 silly audit   'color-name': [ '1.1.4', '1.1.3' ],
3841 silly audit   'simple-swizzle': [ '0.2.4' ],
3841 silly audit   '@babel/runtime': [ '7.29.2' ],
3841 silly audit   '@expo/cli': [ '54.0.23' ],
3841 silly audit   '@expo/config': [ '12.0.13' ],
3841 silly audit   '@expo/config-plugins': [ '54.0.4' ],
3841 silly audit   '@expo/devtools': [ '0.1.8' ],
3841 silly audit   '@expo/fingerprint': [ '0.15.4' ],
3841 silly audit   '@expo/metro': [ '54.2.0' ],
3841 silly audit   '@expo/metro-config': [ '54.0.14' ],
3841 silly audit   '@ungap/structured-clone': [ '1.3.0' ],
3841 silly audit   'babel-preset-expo': [ '54.0.10' ],
3841 silly audit   'react-refresh': [ '0.14.2' ],
3841 silly audit   'expo-asset': [ '12.0.12' ],
3841 silly audit   'expo-constants': [ '18.0.13' ],
3841 silly audit   'expo-file-system': [ '19.0.21' ],
3841 silly audit   'expo-keep-awake': [ '15.0.8' ],
3841 silly audit   'expo-modules-autolinking': [ '3.0.24' ],
3841 silly audit   'expo-modules-core': [ '3.0.29' ],
3841 silly audit   'whatwg-url-without-unicode': [ '8.0.0-3' ],
3841 silly audit   '@babel/code-frame': [ '7.10.4', '7.29.0' ],
3841 silly audit   '@expo/config-types': [ '54.0.10' ],
3841 silly audit   '@expo/json-file': [ '10.0.13' ],
3841 silly audit   deepmerge: [ '4.3.1' ],
3841 silly audit   getenv: [ '2.0.0' ],
3841 silly audit   glob: [ '13.0.6', '7.2.3' ],
3841 silly audit   'require-from-string': [ '2.0.2' ],
3841 silly audit   'resolve-from': [ '5.0.0' ],
3841 silly audit   'resolve-workspace-root': [ '2.0.1' ],
3841 silly audit   semver: [ '7.7.4', '6.3.1' ],
3841 silly audit   slugify: [ '1.6.9' ],
3841 silly audit   sucrase: [ '3.35.1' ],
3841 silly audit   '@babel/highlight': [ '7.25.9' ],
3841 silly audit   '@babel/helper-validator-identifier': [ '7.28.5' ],
3841 silly audit   chalk: [ '2.4.2', '4.1.2' ],
3841 silly audit   'js-tokens': [ '4.0.0' ],
3841 silly audit   picocolors: [ '1.1.1' ],
3841 silly audit   '@expo/plist': [ '0.4.8' ],
3841 silly audit   '@expo/sdk-runtime-versions': [ '1.0.0' ],
3841 silly audit   debug: [ '4.4.3', '2.6.9', '3.2.7' ],
3841 silly audit   slash: [ '3.0.0' ],
3841 silly audit   xcode: [ '3.0.1' ],
3841 silly audit   xml2js: [ '0.6.0' ],
3841 silly audit   '@expo/spawn-async': [ '1.7.2' ],
3841 silly audit   arg: [ '5.0.2' ],
3841 silly audit   ignore: [ '5.3.2' ],
3841 silly audit   minimatch: [ '9.0.9', '10.2.5', '3.1.5' ],
3841 silly audit   'p-limit': [ '3.1.0', '2.3.0' ],
3841 silly audit   json5: [ '2.2.3' ],
3841 silly audit   metro: [ '0.83.3' ],
3841 silly audit   'metro-babel-transformer': [ '0.83.3' ],
3841 silly audit   'metro-cache': [ '0.83.3' ],
3841 silly audit   'metro-cache-key': [ '0.83.3' ],
3841 silly audit   'metro-config': [ '0.83.3' ],
3841 silly audit   'metro-core': [ '0.83.3' ],
3841 silly audit   'metro-file-map': [ '0.83.3' ],
3841 silly audit   'metro-minify-terser': [ '0.83.3' ],
3841 silly audit   'metro-resolver': [ '0.83.3' ],
3841 silly audit   'metro-runtime': [ '0.83.3' ],
3841 silly audit   'metro-source-map': [ '0.83.3' ],
3841 silly audit   'metro-symbolicate': [ '0.83.3' ],
3841 silly audit   'metro-transform-plugins': [ '0.83.3' ],
3841 silly audit   'metro-transform-worker': [ '0.83.3' ],
3841 silly audit   '@babel/core': [ '7.29.0' ],
3841 silly audit   '@babel/generator': [ '7.29.1' ],
3841 silly audit   '@expo/env': [ '2.0.11' ],
3841 silly audit   browserslist: [ '4.28.2' ],
3841 silly audit   dotenv: [ '16.4.7' ],
3841 silly audit   'dotenv-expand': [ '11.0.7' ],
3841 silly audit   'hermes-parser': [ '0.29.1', '0.32.0' ],
3841 silly audit   'jsc-safe-url': [ '0.2.4' ],
3841 silly audit   lightningcss: [ '1.32.0' ],
3841 silly audit   postcss: [ '8.4.49' ],
3841 silly audit   '@babel/helper-compilation-targets': [ '7.28.6' ],
3841 silly audit   '@babel/helper-module-transforms': [ '7.28.6' ],
3841 silly audit   '@babel/helpers': [ '7.29.2' ],
3841 silly audit   '@babel/parser': [ '7.29.2' ],
3841 silly audit   '@babel/template': [ '7.28.6' ],
3841 silly audit   '@babel/traverse': [ '7.29.0' ],
3841 silly audit   '@babel/types': [ '7.29.0' ],
3841 silly audit   '@jridgewell/remapping': [ '2.3.5' ],
3841 silly audit   'convert-source-map': [ '2.0.0' ],
3841 silly audit   gensync: [ '1.0.0-beta.2' ],
3841 silly audit   '@jridgewell/gen-mapping': [ '0.3.13' ],
3841 silly audit   '@jridgewell/trace-mapping': [ '0.3.31' ],
3841 silly audit   jsesc: [ '3.1.0' ],
3841 silly audit   '@babel/compat-data': [ '7.29.0' ],
3841 silly audit   '@babel/helper-validator-option': [ '7.27.1' ],
3841 silly audit   'lru-cache': [ '5.1.1', '11.3.5', '10.4.3' ],
3841 silly audit   '@babel/helper-module-imports': [ '7.28.6' ],
3841 silly audit   '@babel/helper-globals': [ '7.28.0' ],
3841 silly audit   '@babel/helper-string-parser': [ '7.27.1' ],
3841 silly audit   '@xmldom/xmldom': [ '0.8.13' ],
3841 silly audit   'base64-js': [ '1.5.1' ],
3841 silly audit   xmlbuilder: [ '15.1.1', '11.0.1' ],
3841 silly audit   'cross-spawn': [ '7.0.6' ],
3841 silly audit   '@jridgewell/sourcemap-codec': [ '1.5.5' ],
3841 silly audit   '@jridgewell/resolve-uri': [ '3.1.2' ],
3841 silly audit   '@babel/plugin-proposal-decorators': [ '7.29.0' ],
3841 silly audit   '@babel/plugin-proposal-export-default-from': [ '7.27.1' ],
3841 silly audit   '@babel/plugin-syntax-export-default-from': [ '7.28.6' ],
3841 silly audit   '@babel/plugin-transform-class-static-block': [ '7.28.6' ],
3841 silly audit   '@babel/plugin-transform-export-namespace-from': [ '7.27.1' ],
3841 silly audit   '@babel/plugin-transform-flow-strip-types': [ '7.27.1' ],
3841 silly audit   '@babel/plugin-transform-modules-commonjs': [ '7.28.6' ],
3841 silly audit   '@babel/plugin-transform-object-rest-spread': [ '7.28.6' ],
3841 silly audit   '@babel/plugin-transform-parameters': [ '7.27.7' ],
3841 silly audit   '@babel/plugin-transform-private-methods': [ '7.28.6' ],
3841 silly audit   '@babel/plugin-transform-private-property-in-object': [ '7.28.6' ],
3841 silly audit   '@babel/plugin-transform-runtime': [ '7.29.0' ],
3841 silly audit   '@babel/preset-react': [ '7.28.5' ],
3841 silly audit   '@babel/preset-typescript': [ '7.28.5' ],
3841 silly audit   '@react-native/babel-preset': [ '0.81.5' ],
3841 silly audit   'babel-plugin-react-compiler': [ '1.0.0' ],
3841 silly audit   'babel-plugin-react-native-web': [ '0.21.2' ],
3841 silly audit   'babel-plugin-syntax-hermes-parser': [ '0.29.1' ],
3841 silly audit   'babel-plugin-transform-flow-enums': [ '0.0.2' ],
3841 silly audit   '@babel/helper-create-class-features-plugin': [ '7.28.6' ],
3841 silly audit   '@babel/helper-plugin-utils': [ '7.28.6' ],
3841 silly audit   '@babel/plugin-syntax-decorators': [ '7.28.6' ],
3841 silly audit   '@babel/helper-annotate-as-pure': [ '7.27.3' ],
3841 silly audit   '@babel/helper-member-expression-to-functions': [ '7.28.5' ],
3841 silly audit   '@babel/helper-optimise-call-expression': [ '7.27.1' ],
3841 silly audit   '@babel/helper-replace-supers': [ '7.28.6' ],
3841 silly audit   '@babel/helper-skip-transparent-expression-wrappers': [ '7.27.1' ],
3841 silly audit   '@babel/plugin-syntax-flow': [ '7.28.6' ],
3841 silly audit   '@babel/plugin-transform-destructuring': [ '7.28.5' ],
3841 silly audit   'babel-plugin-polyfill-corejs2': [ '0.4.17' ],
3841 silly audit   'babel-plugin-polyfill-corejs3': [ '0.13.0' ],
3841 silly audit   'babel-plugin-polyfill-regenerator': [ '0.6.8' ],
3841 silly audit   '@babel/plugin-transform-react-display-name': [ '7.28.0' ],
3841 silly audit   '@babel/plugin-transform-react-jsx': [ '7.28.6' ],
3841 silly audit   '@babel/plugin-transform-react-jsx-development': [ '7.27.1' ],
3841 silly audit   '@babel/plugin-transform-react-pure-annotations': [ '7.27.1' ],
3841 silly audit   '@babel/plugin-syntax-jsx': [ '7.28.6' ],
3841 silly audit   '@babel/plugin-transform-typescript': [ '7.28.6' ],
3841 silly audit   '@babel/plugin-syntax-typescript': [ '7.28.6' ],
3841 silly audit   '@babel/plugin-syntax-dynamic-import': [ '7.8.3' ],
3841 silly audit   '@babel/plugin-syntax-nullish-coalescing-operator': [ '7.8.3' ],
3841 silly audit   '@babel/plugin-syntax-optional-chaining': [ '7.8.3' ],
3841 silly audit   '@babel/plugin-transform-arrow-functions': [ '7.27.1' ],
3841 silly audit   '@babel/plugin-transform-async-generator-functions': [ '7.29.0' ],
3841 silly audit   '@babel/plugin-transform-async-to-generator': [ '7.28.6' ],
3841 silly audit   '@babel/plugin-transform-block-scoping': [ '7.28.6' ],
3841 silly audit   '@babel/plugin-transform-class-properties': [ '7.28.6' ],
3841 silly audit   '@babel/plugin-transform-classes': [ '7.28.6' ],
3841 silly audit   '@babel/plugin-transform-computed-properties': [ '7.28.6' ],
3841 silly audit   '@babel/plugin-transform-for-of': [ '7.27.1' ],
3841 silly audit   '@babel/plugin-transform-function-name': [ '7.27.1' ],
3841 silly audit   '@babel/plugin-transform-literals': [ '7.27.1' ],
3841 silly audit   '@babel/plugin-transform-logical-assignment-operators': [ '7.28.6' ],
3841 silly audit   '@babel/plugin-transform-named-capturing-groups-regex': [ '7.29.0' ],
3841 silly audit   '@babel/plugin-transform-nullish-coalescing-operator': [ '7.28.6' ],
3841 silly audit   '@babel/plugin-transform-numeric-separator': [ '7.28.6' ],
3841 silly audit   '@babel/plugin-transform-optional-catch-binding': [ '7.28.6' ],
3841 silly audit   '@babel/plugin-transform-optional-chaining': [ '7.28.6' ],
3841 silly audit   '@babel/plugin-transform-react-jsx-self': [ '7.27.1' ],
3841 silly audit   '@babel/plugin-transform-react-jsx-source': [ '7.27.1' ],
3841 silly audit   '@babel/plugin-transform-regenerator': [ '7.29.0' ],
3841 silly audit   '@babel/plugin-transform-shorthand-properties': [ '7.27.1' ],
3841 silly audit   '@babel/plugin-transform-spread': [ '7.28.6' ],
3841 silly audit   '@babel/plugin-transform-sticky-regex': [ '7.27.1' ],
3841 silly audit   '@babel/plugin-transform-unicode-regex': [ '7.27.1' ],
3841 silly audit   '@react-native/babel-plugin-codegen': [ '0.81.5' ],
3841 silly audit   '@babel/helper-remap-async-to-generator': [ '7.27.1' ],
3841 silly audit   '@babel/helper-wrap-function': [ '7.28.6' ],
3841 silly audit   '@babel/helper-create-regexp-features-plugin': [ '7.28.5' ],
3841 silly audit   'regexpu-core': [ '6.4.0' ],
3841 silly audit   '@react-native/codegen': [ '0.81.5' ],
3841 silly audit   invariant: [ '2.2.4' ],
3841 silly audit   nullthrows: [ '1.1.1' ],
3841 silly audit   yargs: [ '17.7.2', '16.2.0' ],
3841 silly audit   '@babel/helper-define-polyfill-provider': [ '0.6.8' ],
3841 silly audit   'lodash.debounce': [ '4.0.8' ],
3841 silly audit   resolve: [ '1.22.12', '1.7.1' ],
3841 silly audit   'core-js-compat': [ '3.49.0' ],
3841 silly audit   'baseline-browser-mapping': [ '2.10.21' ],
3841 silly audit   'caniuse-lite': [ '1.0.30001790' ],
3841 silly audit   'electron-to-chromium': [ '1.5.344' ],
3841 silly audit   'node-releases': [ '2.0.38' ],
3841 silly audit   'update-browserslist-db': [ '1.2.3' ],
3841 silly audit   'ansi-styles': [ '3.2.1', '5.2.0', '4.3.0' ],
3841 silly audit   'supports-color': [ '5.5.0', '8.1.1', '7.2.0' ],
3841 silly audit   'path-key': [ '3.1.1' ],
3841 silly audit   'shebang-command': [ '2.0.0' ],
3841 silly audit   which: [ '2.0.2' ],
3841 silly audit   ms: [ '2.1.3', '2.0.0' ],
3841 silly audit   '@expo/image-utils': [ '0.8.13' ],
3841 silly audit   '@expo/require-utils': [ '55.0.4' ],
3841 silly audit   'jimp-compact': [ '0.16.1' ],
3841 silly audit   'parse-png': [ '2.1.0' ],
3841 silly audit   fontfaceobserver: [ '2.3.0' ],
3841 silly audit   'expo-image-loader': [ '6.0.0' ],
3841 silly audit   commander: [ '7.2.0', '12.1.0', '4.1.1', '2.20.3' ],
3841 silly audit   'react-native-is-edge-to-edge': [ '1.3.1' ],
3841 silly audit   asynckit: [ '0.4.0' ],
3841 silly audit   'combined-stream': [ '1.0.8' ],
3841 silly audit   'es-set-tostringtag': [ '2.1.0' ],
3841 silly audit   hasown: [ '2.0.3' ],
3841 silly audit   'mime-types': [ '2.1.35' ],
3841 silly audit   'delayed-stream': [ '1.0.0' ],
3841 silly audit   'es-errors': [ '1.3.0' ],
3841 silly audit   'get-intrinsic': [ '1.3.0' ],
3841 silly audit   'has-tostringtag': [ '1.0.2' ],
3841 silly audit   'call-bind-apply-helpers': [ '1.0.2' ],
3841 silly audit   'es-define-property': [ '1.0.1' ],
3841 silly audit   'es-object-atoms': [ '1.1.1' ],
3841 silly audit   'function-bind': [ '1.1.2' ],
3841 silly audit   'get-proto': [ '1.0.1' ],
3841 silly audit   gopd: [ '1.2.0' ],
3841 silly audit   'has-symbols': [ '1.1.0' ],
3841 silly audit   'math-intrinsics': [ '1.1.0' ],
3841 silly audit   'dunder-proto': [ '1.0.1' ],
3841 silly audit   minipass: [ '7.1.3' ],
3841 silly audit   'path-scurry': [ '2.0.2' ],
3841 silly audit   'hermes-estree': [ '0.29.1', '0.32.0' ],
3841 silly audit   'loose-envify': [ '1.4.0' ],
3841 silly audit   'detect-libc': [ '2.1.2' ],
3841 silly audit   'lightningcss-android-arm64': [ '1.32.0' ],
3841 silly audit   'lightningcss-darwin-arm64': [ '1.32.0' ],
3841 silly audit   'lightningcss-darwin-x64': [ '1.32.0' ],
3841 silly audit   'lightningcss-freebsd-x64': [ '1.32.0' ],
3841 silly audit   'lightningcss-linux-arm-gnueabihf': [ '1.32.0' ],
3841 silly audit   'lightningcss-linux-arm64-gnu': [ '1.32.0' ],
3841 silly audit   'lightningcss-linux-arm64-musl': [ '1.32.0' ],
3841 silly audit   'lightningcss-linux-x64-gnu': [ '1.32.0' ],
3841 silly audit   'lightningcss-linux-x64-musl': [ '1.32.0' ],
3841 silly audit   'lightningcss-win32-arm64-msvc': [ '1.32.0' ],
3841 silly audit   'lightningcss-win32-x64-msvc': [ '1.32.0' ],
3841 silly audit   yallist: [ '3.1.1', '5.0.0' ],
3841 silly audit   'is-plain-obj': [ '2.1.0' ],
3841 silly audit   accepts: [ '1.3.8' ],
3841 silly audit   'ci-info': [ '2.0.0', '3.9.0' ],
3841 silly audit   connect: [ '3.7.0' ],
3841 silly audit   'error-stack-parser': [ '2.1.4' ],
3841 silly audit   'flow-enums-runtime': [ '0.0.6' ],
3841 silly audit   'graceful-fs': [ '4.2.11' ],
3841 silly audit   'image-size': [ '1.2.1' ],
3841 silly audit   'jest-worker': [ '29.7.0' ],
3841 silly audit   'lodash.throttle': [ '4.1.1' ],
3841 silly audit   'serialize-error': [ '2.1.0' ],
3841 silly audit   'source-map': [ '0.5.7', '0.6.1' ],
3841 silly audit   throat: [ '5.0.0' ],
3841 silly audit   ws: [ '7.5.10', '6.2.3', '8.20.0' ],
3841 silly audit   negotiator: [ '0.6.3', '0.6.4' ],
3841 silly audit   finalhandler: [ '1.1.2' ],
3841 silly audit   parseurl: [ '1.3.3' ],
3841 silly audit   'utils-merge': [ '1.0.1' ],
3841 silly audit   stackframe: [ '1.3.4' ],
3841 silly audit   encodeurl: [ '1.0.2', '2.0.0' ],
3841 silly audit   'escape-html': [ '1.0.3' ],
3841 silly audit   'on-finished': [ '2.3.0', '2.4.1' ],
3841 silly audit   statuses: [ '1.5.0', '2.0.2' ],
3841 silly audit   unpipe: [ '1.0.0' ],
3841 silly audit   queue: [ '6.0.2' ],
3841 silly audit   '@types/node': [ '25.6.0' ],
3841 silly audit   'jest-util': [ '29.7.0' ],
3841 silly audit   'merge-stream': [ '2.0.0' ],
3841 silly audit   'undici-types': [ '7.19.2' ],
3841 silly audit   '@jest/types': [ '29.6.3' ],
3841 silly audit   picomatch: [ '2.3.2', '4.0.4', '3.0.2' ],
3841 silly audit   '@jest/schemas': [ '29.6.3' ],
3841 silly audit   '@types/istanbul-lib-coverage': [ '2.0.6' ],
3841 silly audit   '@types/istanbul-reports': [ '3.0.4' ],
3841 silly audit   '@types/yargs': [ '17.0.35' ],
3841 silly audit   '@sinclair/typebox': [ '0.27.10' ],
3841 silly audit   '@types/istanbul-lib-report': [ '3.0.3' ],
3841 silly audit   '@types/yargs-parser': [ '21.0.3' ],
3841 silly audit   'exponential-backoff': [ '3.1.3' ],
3841 silly audit   'https-proxy-agent': [ '7.0.6' ],
3841 silly audit   'agent-base': [ '7.1.4' ],
3841 silly audit   'jest-validate': [ '29.7.0' ],
3841 silly audit   yaml: [ '2.8.3' ],
3841 silly audit   camelcase: [ '6.3.0', '5.3.1' ],
3841 silly audit   'jest-get-type': [ '29.6.3' ],
3841 silly audit   leven: [ '3.1.0' ],
3841 silly audit   'fb-watchman': [ '2.0.2' ],
3841 silly audit   micromatch: [ '4.0.8' ],
3841 silly audit   walker: [ '1.0.8' ],
3841 silly audit   bser: [ '2.1.1' ],
3841 silly audit   'node-int64': [ '0.4.0' ],
3841 silly audit   terser: [ '5.46.2' ],
3841 silly audit   ob1: [ '0.83.3' ],
3841 silly audit   vlq: [ '1.0.1' ],
3841 silly audit   braces: [ '3.0.3' ],
3841 silly audit   'fill-range': [ '7.1.1' ],
3841 silly audit   'to-regex-range': [ '5.0.1' ],
3841 silly audit   'mime-db': [ '1.52.0' ],
3841 silly audit   'brace-expansion': [ '2.1.0', '1.1.14', '5.0.5' ],
3841 silly audit   'balanced-match': [ '1.0.2', '4.0.4' ],
3841 silly audit   'ee-first': [ '1.1.1' ],
3841 silly audit   'yocto-queue': [ '0.1.0' ],
3841 silly audit   pngjs: [ '3.4.0' ],
3841 silly audit   'source-map-js': [ '1.2.1' ],
3841 silly audit   'decode-uri-component': [ '0.2.2' ],
3841 silly audit   'filter-obj': [ '1.1.0' ],
3841 silly audit   'split-on-first': [ '1.1.0' ],
3841 silly audit   'strict-uri-encode': [ '2.0.0' ],
3841 silly audit   inherits: [ '2.0.4' ],
3841 silly audit   scheduler: [ '0.26.0' ],
3841 silly audit   '@jest/create-cache-key-function': [ '29.7.0' ],
3841 silly audit   '@react-native/assets-registry': [ '0.81.5' ],
3841 silly audit   '@react-native/community-cli-plugin': [ '0.81.5' ],
3841 silly audit   '@react-native/gradle-plugin': [ '0.81.5' ],
3841 silly audit   '@react-native/js-polyfills': [ '0.81.5' ],
3841 silly audit   '@react-native/normalize-colors': [ '0.81.5', '0.74.89' ],
3841 silly audit   '@react-native/virtualized-lists': [ '0.81.5' ],
3841 silly audit   'abort-controller': [ '3.0.0' ],
3841 silly audit   'ansi-regex': [ '5.0.1', '4.1.1' ],
3841 silly audit   'babel-jest': [ '29.7.0' ],
3841 silly audit   'jest-environment-node': [ '29.7.0' ],
3841 silly audit   'memoize-one': [ '5.2.1', '6.0.0' ],
3841 silly audit   promise: [ '8.3.0', '7.3.1' ],
3841 silly audit   'react-devtools-core': [ '6.1.5' ],
3841 silly audit   'regenerator-runtime': [ '0.13.11' ],
3841 silly audit   '@react-native/dev-middleware': [ '0.81.5' ],
3841 silly audit   '@isaacs/ttlcache': [ '1.4.1' ],
3841 silly audit   '@react-native/debugger-frontend': [ '0.81.5' ],
3841 silly audit   'chrome-launcher': [ '0.15.2' ],
3841 silly audit   'chromium-edge-launcher': [ '0.2.0' ],
3841 silly audit   open: [ '7.4.2', '8.4.2' ],
3841 silly audit   'serve-static': [ '1.16.3' ],
3841 silly audit   'event-target-shim': [ '5.0.1' ],
3841 silly audit   '@jest/transform': [ '29.7.0' ],
3841 silly audit   '@types/babel__core': [ '7.20.5' ],
3841 silly audit   'babel-plugin-istanbul': [ '6.1.1' ],
3841 silly audit   'babel-preset-jest': [ '29.6.3' ],
3841 silly audit   'fast-json-stable-stringify': [ '2.1.0' ],
3841 silly audit   'jest-haste-map': [ '29.7.0' ],
3841 silly audit   'jest-regex-util': [ '29.6.3' ],
3841 silly audit   pirates: [ '4.0.7' ],
3841 silly audit   'write-file-atomic': [ '4.0.2' ],
3841 silly audit   '@types/babel__generator': [ '7.27.0' ],
3841 silly audit   '@types/babel__template': [ '7.4.4' ],
3841 silly audit   '@types/babel__traverse': [ '7.28.0' ],
3841 silly audit   '@istanbuljs/load-nyc-config': [ '1.1.0' ],
3841 silly audit   '@istanbuljs/schema': [ '0.1.6' ],
3841 silly audit   'istanbul-lib-instrument': [ '5.2.1' ],
3841 silly audit   'test-exclude': [ '6.0.0' ],
3841 silly audit   'find-up': [ '4.1.0' ],
3841 silly audit   'get-package-type': [ '0.1.0' ],
3841 silly audit   'js-yaml': [ '3.14.2', '4.1.1' ],
3841 silly audit   'babel-plugin-jest-hoist': [ '29.6.3' ],
3841 silly audit   'babel-preset-current-node-syntax': [ '1.2.0' ],
3841 silly audit   '@babel/plugin-syntax-async-generators': [ '7.8.4' ],
3841 silly audit   '@babel/plugin-syntax-bigint': [ '7.8.3' ],
3841 silly audit   '@babel/plugin-syntax-class-properties': [ '7.12.13' ],
3841 silly audit   '@babel/plugin-syntax-class-static-block': [ '7.14.5' ],
3841 silly audit   '@babel/plugin-syntax-import-attributes': [ '7.28.6' ],
3841 silly audit   '@babel/plugin-syntax-import-meta': [ '7.10.4' ],
3841 silly audit   '@babel/plugin-syntax-json-strings': [ '7.8.3' ],
3841 silly audit   '@babel/plugin-syntax-logical-assignment-operators': [ '7.10.4' ],
3841 silly audit   '@babel/plugin-syntax-numeric-separator': [ '7.10.4' ],
3841 silly audit   '@babel/plugin-syntax-object-rest-spread': [ '7.8.3' ],
3841 silly audit   '@babel/plugin-syntax-optional-catch-binding': [ '7.8.3' ],
3841 silly audit   '@babel/plugin-syntax-private-property-in-object': [ '7.14.5' ],
3841 silly audit   '@babel/plugin-syntax-top-level-await': [ '7.14.5' ],
3841 silly audit   'is-wsl': [ '2.2.0' ],
3841 silly audit   'lighthouse-logger': [ '1.4.2' ],
3841 silly audit   mkdirp: [ '1.0.4' ],
3841 silly audit   rimraf: [ '3.0.2' ],
3841 silly audit   'locate-path': [ '5.0.0' ],
3841 silly audit   'path-exists': [ '4.0.0' ],
3841 silly audit   'is-docker': [ '2.2.1' ],
3841 silly audit   'istanbul-lib-coverage': [ '3.2.2' ],
3841 silly audit   '@jest/environment': [ '29.7.0' ],
3841 silly audit   '@jest/fake-timers': [ '29.7.0' ],
3841 silly audit   'jest-mock': [ '29.7.0' ],
3841 silly audit   '@sinonjs/fake-timers': [ '10.3.0' ],
3841 silly audit   'jest-message-util': [ '29.7.0' ],
3841 silly audit   '@sinonjs/commons': [ '3.0.1' ],
3841 silly audit   'type-detect': [ '4.0.8' ],
3841 silly audit   '@types/graceful-fs': [ '4.1.9' ],
3841 silly audit   anymatch: [ '3.1.3' ],
3841 silly audit   fsevents: [ '2.3.3' ],
3841 silly audit   'normalize-path': [ '3.0.0' ],
3841 silly audit   '@types/stack-utils': [ '2.0.3' ],
3841 silly audit   'stack-utils': [ '2.0.6' ],
3841 silly audit   argparse: [ '1.0.10', '2.0.1' ],
3841 silly audit   esprima: [ '4.0.1' ],
3841 silly audit   'sprintf-js': [ '1.0.3' ],
3841 silly audit   marky: [ '1.3.0' ],
3841 silly audit   'p-locate': [ '4.1.0' ],
3841 silly audit   asap: [ '2.0.6' ],
3841 silly audit   'shell-quote': [ '1.8.3' ],
3841 silly audit   '@egjs/hammerjs': [ '2.0.17' ],
3841 silly audit   '@types/react-test-renderer': [ '19.1.0' ],
3841 silly audit   'hoist-non-react-statics': [ '3.3.2' ],
3841 silly audit   '@types/hammerjs': [ '2.0.46' ],
3841 silly audit   '@types/react': [ '19.2.14' ],
3841 silly audit   csstype: [ '3.2.3' ],
3841 silly audit   '@types/geojson': [ '7946.0.16' ],
3841 silly audit   'react-freeze': [ '1.0.4' ],
3841 silly audit   'warn-once': [ '0.1.1' ],
3841 silly audit   'prop-types': [ '15.8.1' ],
3841 silly audit   'object-assign': [ '4.1.1' ],
3841 silly audit   fbjs: [ '3.0.5' ],
3841 silly audit   'inline-style-prefixer': [ '7.0.1' ],
3841 silly audit   'postcss-value-parser': [ '4.2.0' ],
3841 silly audit   styleq: [ '0.1.3' ],
3841 silly audit   'cross-fetch': [ '3.2.0' ],
3841 silly audit   'fbjs-css-vars': [ '1.0.2' ],
3841 silly audit   setimmediate: [ '1.0.5' ],
3841 silly audit   'ua-parser-js': [ '1.0.41' ],
3841 silly audit   'node-fetch': [ '2.7.0' ],
3841 silly audit   'css-in-js-utils': [ '3.1.0' ],
3841 silly audit   'hyphenate-style-name': [ '1.1.0' ],
3841 silly audit   'whatwg-url': [ '5.0.0' ],
3841 silly audit   regenerate: [ '1.4.2' ],
3841 silly audit   'regenerate-unicode-properties': [ '10.2.2' ],
3841 silly audit   regjsgen: [ '0.8.0' ],
3841 silly audit   regjsparser: [ '0.13.1' ],
3841 silly audit   'unicode-match-property-ecmascript': [ '2.0.0' ],
3841 silly audit   'unicode-match-property-value-ecmascript': [ '2.2.1' ],
3841 silly audit   'is-core-module': [ '2.16.1' ],
3841 silly audit   'path-parse': [ '1.0.7' ],
3841 silly audit   'supports-preserve-symlinks-flag': [ '1.0.0' ],
3841 silly audit   send: [ '0.19.2' ],
3841 silly audit   depd: [ '2.0.0' ],
3841 silly audit   destroy: [ '1.2.0' ],
3841 silly audit   etag: [ '1.8.1' ],
3841 silly audit   fresh: [ '0.5.2' ],
3841 silly audit   'http-errors': [ '2.0.1' ],
3841 silly audit   mime: [ '1.6.0' ],
3841 silly audit   'range-parser': [ '1.2.1' ],
3841 silly audit   setprototypeof: [ '1.2.0' ],
3841 silly audit   toidentifier: [ '1.0.1' ],
3841 silly audit   'shebang-regex': [ '3.0.0' ],
3841 silly audit   'is-arrayish': [ '0.3.4' ],
3841 silly audit   'type-fest': [ '0.7.1', '0.21.3' ],
3841 silly audit   'lines-and-columns': [ '1.2.4' ],
3841 silly audit   mz: [ '2.7.0' ],
3841 silly audit   tinyglobby: [ '0.2.16' ],
3841 silly audit   'ts-interface-checker': [ '0.1.13' ],
3841 silly audit   'any-promise': [ '1.3.0' ],
3841 silly audit   'thenify-all': [ '1.6.0' ],
3841 silly audit   'has-flag': [ '3.0.0', '4.0.0' ],
3841 silly audit   '@jridgewell/source-map': [ '0.3.11' ],
3841 silly audit   acorn: [ '8.16.0' ],
3841 silly audit   'source-map-support': [ '0.5.21' ],
3841 silly audit   'buffer-from': [ '1.1.2' ],
3841 silly audit   thenify: [ '3.3.1' ],
3841 silly audit   fdir: [ '6.5.0' ],
3841 silly audit   'is-number': [ '7.0.0' ],
3841 silly audit   'unicode-canonical-property-names-ecmascript': [ '2.0.1' ],
3841 silly audit   'unicode-property-aliases-ecmascript': [ '2.2.0' ],
3841 silly audit   escalade: [ '3.2.0' ],
3841 silly audit   makeerror: [ '1.0.12' ],
3841 silly audit   tmpl: [ '1.0.5' ],
3841 silly audit   tr46: [ '0.0.3' ],
3841 silly audit   'webidl-conversions': [ '3.0.1', '5.0.0' ],
3841 silly audit   buffer: [ '5.7.1' ],
3841 silly audit   punycode: [ '2.3.1' ],
3841 silly audit   ieee754: [ '1.2.1' ],
3841 silly audit   isexe: [ '2.0.0' ],
3841 silly audit   imurmurhash: [ '0.1.4' ],
3841 silly audit   'signal-exit': [ '3.0.7' ],
3841 silly audit   'simple-plist': [ '1.3.1' ],
3841 silly audit   uuid: [ '7.0.3' ],
3841 silly audit   'bplist-creator': [ '0.1.0' ],
3841 silly audit   'bplist-parser': [ '0.3.1' ],
3841 silly audit   plist: [ '3.1.0' ],
3841 silly audit   'stream-buffers': [ '2.2.0' ],
3841 silly audit   'big-integer': [ '1.6.52' ],
3841 silly audit   sax: [ '1.6.0' ],
3841 silly audit   cliui: [ '8.0.1', '7.0.4' ],
3841 silly audit   'get-caller-file': [ '2.0.5' ],
3841 silly audit   'require-directory': [ '2.1.1' ],
3841 silly audit   'string-width': [ '4.2.3' ],
3841 silly audit   y18n: [ '5.0.8' ],
3841 silly audit   'yargs-parser': [ '21.1.1', '20.2.9' ],
3841 silly audit   'strip-ansi': [ '6.0.1', '5.2.0' ],
3841 silly audit   'wrap-ansi': [ '7.0.0' ],
3841 silly audit   'emoji-regex': [ '8.0.0' ],
3841 silly audit   'is-fullwidth-code-point': [ '3.0.0' ],
3841 silly audit   'fs.realpath': [ '1.0.0' ],
3841 silly audit   inflight: [ '1.0.6' ],
3841 silly audit   once: [ '1.4.0' ],
3841 silly audit   'path-is-absolute': [ '1.0.1' ],
3841 silly audit   wrappy: [ '1.0.2' ],
3841 silly audit   'concat-map': [ '0.0.1' ],
3841 silly audit   'async-limiter': [ '1.0.1' ],
3841 silly audit   '@0no-co/graphql.web': [ '1.2.0' ],
3841 silly audit   '@expo/code-signing-certificates': [ '0.0.6' ],
3841 silly audit   '@expo/devcert': [ '1.2.1' ],
3841 silly audit   '@expo/osascript': [ '2.4.2' ],
3841 silly audit   '@expo/package-manager': [ '1.10.4' ],
3841 silly audit   '@expo/prebuild-config': [ '54.0.8' ],
3841 silly audit   '@expo/schema-utils': [ '0.1.8' ],
3841 silly audit   '@expo/ws-tunnel': [ '1.0.6' ],
3841 silly audit   '@expo/xcpretty': [ '4.4.3' ],
3841 silly audit   '@urql/core': [ '5.2.0' ],
3841 silly audit   '@urql/exchange-retry': [ '1.3.2' ],
3841 silly audit   'better-opn': [ '3.0.2' ],
3841 silly audit   compression: [ '1.8.1' ],
3841 silly audit   'env-editor': [ '0.4.2' ],
3841 silly audit   'expo-server': [ '1.0.5' ],
3841 silly audit   'freeport-async': [ '2.0.0' ],
3841 silly audit   'lan-network': [ '0.1.7' ],
3841 silly audit   'node-forge': [ '1.4.0' ],
3841 silly audit   'npm-package-arg': [ '11.0.3' ],
3841 silly audit   ora: [ '3.4.0' ],
3841 silly audit   'pretty-bytes': [ '5.6.0' ],
3841 silly audit   progress: [ '2.0.3' ],
3841 silly audit   prompts: [ '2.4.2' ],
3841 silly audit   'qrcode-terminal': [ '0.11.0' ],
3841 silly audit   requireg: [ '0.2.2' ],
3841 silly audit   'resolve.exports': [ '2.0.3' ],
3841 silly audit   'structured-headers': [ '0.4.1' ],
3841 silly audit   tar: [ '7.5.13' ],
3841 silly audit   'terminal-link': [ '2.1.1' ],
3841 silly audit   undici: [ '6.25.0' ],
3841 silly audit   '@expo/sudo-prompt': [ '9.3.2' ],
3841 silly audit   wonka: [ '6.3.6' ],
3841 silly audit   bytes: [ '3.1.2' ],
3841 silly audit   compressible: [ '2.0.18' ],
3841 silly audit   'on-headers': [ '1.1.0' ],
3841 silly audit   'safe-buffer': [ '5.2.1' ],
3841 silly audit   vary: [ '1.1.2' ],
3841 silly audit   'hosted-git-info': [ '7.0.2' ],
3841 silly audit   'proc-log': [ '4.2.0' ],
3841 silly audit   'validate-npm-package-name': [ '5.0.1' ],
3841 silly audit   'cli-cursor': [ '2.1.0' ],
3841 silly audit   'cli-spinners': [ '2.9.2' ],
3841 silly audit   'log-symbols': [ '2.2.0' ],
3841 silly audit   wcwidth: [ '1.0.1' ],
3841 silly audit   'restore-cursor': [ '2.0.0' ],
3841 silly audit   kleur: [ '3.0.3' ],
3841 silly audit   sisteransi: [ '1.0.5' ],
3841 silly audit   'nested-error-stacks': [ '2.0.1' ],
3841 silly audit   rc: [ '1.2.8' ],
3841 silly audit   'deep-extend': [ '0.6.0' ],
3841 silly audit   ini: [ '1.3.8' ],
3841 silly audit   minimist: [ '1.2.8' ],
3841 silly audit   'strip-json-comments': [ '2.0.1' ],
3841 silly audit   onetime: [ '2.0.1' ],
3841 silly audit   'mimic-fn': [ '1.2.0' ],
3841 silly audit   '@isaacs/fs-minipass': [ '4.0.1' ],
3841 silly audit   chownr: [ '3.0.0' ],
3841 silly audit   minizlib: [ '3.1.0' ],
3841 silly audit   'ansi-escapes': [ '4.3.2' ],
3841 silly audit   'supports-hyperlinks': [ '2.3.0' ],
3841 silly audit   defaults: [ '1.0.4' ],
3841 silly audit   clone: [ '1.0.4' ],
3841 silly audit   'define-lazy-prop': [ '2.0.0' ],
3841 silly audit   'p-try': [ '2.2.0' ]
3841 silly audit }
3842 http cache p-try@https://registry.npmjs.org/p-try/-/p-try-2.2.0.tgz 0ms (cache hit)
3843 http cache clone@https://registry.npmjs.org/clone/-/clone-1.0.4.tgz 0ms (cache hit)
3844 http cache define-lazy-prop@https://registry.npmjs.org/define-lazy-prop/-/define-lazy-prop-2.0.0.tgz 0ms (cache hit)
3845 http cache supports-hyperlinks@https://registry.npmjs.org/supports-hyperlinks/-/supports-hyperlinks-2.3.0.tgz 0ms (cache hit)
3846 http cache ansi-escapes@https://registry.npmjs.org/ansi-escapes/-/ansi-escapes-4.3.2.tgz 0ms (cache hit)
3847 http cache defaults@https://registry.npmjs.org/defaults/-/defaults-1.0.4.tgz 0ms (cache hit)
3848 http cache chownr@https://registry.npmjs.org/chownr/-/chownr-3.0.0.tgz 0ms (cache hit)
3849 http cache onetime@https://registry.npmjs.org/onetime/-/onetime-2.0.1.tgz 0ms (cache hit)
3850 http cache mimic-fn@https://registry.npmjs.org/mimic-fn/-/mimic-fn-1.2.0.tgz 0ms (cache hit)
3851 http cache ini@https://registry.npmjs.org/ini/-/ini-1.3.8.tgz 0ms (cache hit)
3852 http cache @isaacs/fs-minipass@https://registry.npmjs.org/@isaacs/fs-minipass/-/fs-minipass-4.0.1.tgz 0ms (cache hit)
3853 http cache minizlib@https://registry.npmjs.org/minizlib/-/minizlib-3.1.0.tgz 0ms (cache hit)
3854 http cache strip-json-comments@https://registry.npmjs.org/strip-json-comments/-/strip-json-comments-2.0.1.tgz 0ms (cache hit)
3855 http cache rc@https://registry.npmjs.org/rc/-/rc-1.2.8.tgz 0ms (cache hit)
3856 http cache deep-extend@https://registry.npmjs.org/deep-extend/-/deep-extend-0.6.0.tgz 0ms (cache hit)
3857 http cache kleur@https://registry.npmjs.org/kleur/-/kleur-3.0.3.tgz 0ms (cache hit)
3858 http cache minimist@https://registry.npmjs.org/minimist/-/minimist-1.2.8.tgz 0ms (cache hit)
3859 http cache sisteransi@https://registry.npmjs.org/sisteransi/-/sisteransi-1.0.5.tgz 0ms (cache hit)
3860 http cache cli-spinners@https://registry.npmjs.org/cli-spinners/-/cli-spinners-2.9.2.tgz 0ms (cache hit)
3861 http cache log-symbols@https://registry.npmjs.org/log-symbols/-/log-symbols-2.2.0.tgz 0ms (cache hit)
3862 http cache cli-cursor@https://registry.npmjs.org/cli-cursor/-/cli-cursor-2.1.0.tgz 0ms (cache hit)
3863 http cache wcwidth@https://registry.npmjs.org/wcwidth/-/wcwidth-1.0.1.tgz 0ms (cache hit)
3864 http cache nested-error-stacks@https://registry.npmjs.org/nested-error-stacks/-/nested-error-stacks-2.0.1.tgz 0ms (cache hit)
3865 http cache proc-log@https://registry.npmjs.org/proc-log/-/proc-log-4.2.0.tgz 0ms (cache hit)
3866 http cache vary@https://registry.npmjs.org/vary/-/vary-1.1.2.tgz 0ms (cache hit)
3867 http cache restore-cursor@https://registry.npmjs.org/restore-cursor/-/restore-cursor-2.0.0.tgz 0ms (cache hit)
3868 http cache hosted-git-info@https://registry.npmjs.org/hosted-git-info/-/hosted-git-info-7.0.2.tgz 0ms (cache hit)
3869 http cache compressible@https://registry.npmjs.org/compressible/-/compressible-2.0.18.tgz 0ms (cache hit)
3870 http cache safe-buffer@https://registry.npmjs.org/safe-buffer/-/safe-buffer-5.2.1.tgz 0ms (cache hit)
3871 http cache on-headers@https://registry.npmjs.org/on-headers/-/on-headers-1.1.0.tgz 0ms (cache hit)
3872 http cache undici@https://registry.npmjs.org/undici/-/undici-6.25.0.tgz 0ms (cache hit)
3873 http cache @expo/sudo-prompt@https://registry.npmjs.org/@expo/sudo-prompt/-/sudo-prompt-9.3.2.tgz 0ms (cache hit)
3874 http cache wonka@https://registry.npmjs.org/wonka/-/wonka-6.3.6.tgz 0ms (cache hit)
3875 http cache terminal-link@https://registry.npmjs.org/terminal-link/-/terminal-link-2.1.1.tgz 0ms (cache hit)
3876 http cache bytes@https://registry.npmjs.org/bytes/-/bytes-3.1.2.tgz 0ms (cache hit)
3877 http cache validate-npm-package-name@https://registry.npmjs.org/validate-npm-package-name/-/validate-npm-package-name-5.0.1.tgz 0ms (cache hit)
3878 http cache tar@https://registry.npmjs.org/tar/-/tar-7.5.13.tgz 0ms (cache hit)
3879 http cache qrcode-terminal@https://registry.npmjs.org/qrcode-terminal/-/qrcode-terminal-0.11.0.tgz 0ms (cache hit)
3880 http cache resolve.exports@https://registry.npmjs.org/resolve.exports/-/resolve.exports-2.0.3.tgz 0ms (cache hit)
3881 http cache requireg@https://registry.npmjs.org/requireg/-/requireg-0.2.2.tgz 0ms (cache hit)
3882 http cache structured-headers@https://registry.npmjs.org/structured-headers/-/structured-headers-0.4.1.tgz 0ms (cache hit)
3883 http cache progress@https://registry.npmjs.org/progress/-/progress-2.0.3.tgz 0ms (cache hit)
3884 http cache npm-package-arg@https://registry.npmjs.org/npm-package-arg/-/npm-package-arg-11.0.3.tgz 0ms (cache hit)
3885 http cache pretty-bytes@https://registry.npmjs.org/pretty-bytes/-/pretty-bytes-5.6.0.tgz 0ms (cache hit)
3886 http cache expo-server@https://registry.npmjs.org/expo-server/-/expo-server-1.0.5.tgz 0ms (cache hit)
3887 http cache ora@https://registry.npmjs.org/ora/-/ora-3.4.0.tgz 0ms (cache hit)
3888 http cache compression@https://registry.npmjs.org/compression/-/compression-1.8.1.tgz 0ms (cache hit)
3889 http cache better-opn@https://registry.npmjs.org/better-opn/-/better-opn-3.0.2.tgz 0ms (cache hit)
3890 http cache env-editor@https://registry.npmjs.org/env-editor/-/env-editor-0.4.2.tgz 0ms (cache hit)
3891 http cache node-forge@https://registry.npmjs.org/node-forge/-/node-forge-1.4.0.tgz 0ms (cache hit)
3892 http cache freeport-async@https://registry.npmjs.org/freeport-async/-/freeport-async-2.0.0.tgz 0ms (cache hit)
3893 http cache @urql/exchange-retry@https://registry.npmjs.org/@urql/exchange-retry/-/exchange-retry-1.3.2.tgz 0ms (cache hit)
3894 http cache @urql/core@https://registry.npmjs.org/@urql/core/-/core-5.2.0.tgz 0ms (cache hit)
3895 http cache lan-network@https://registry.npmjs.org/lan-network/-/lan-network-0.1.7.tgz 0ms (cache hit)
3896 http cache @expo/schema-utils@https://registry.npmjs.org/@expo/schema-utils/-/schema-utils-0.1.8.tgz 0ms (cache hit)
3897 http cache @expo/ws-tunnel@https://registry.npmjs.org/@expo/ws-tunnel/-/ws-tunnel-1.0.6.tgz 0ms (cache hit)
3898 http cache prompts@https://registry.npmjs.org/prompts/-/prompts-2.4.2.tgz 0ms (cache hit)
3899 http cache @expo/prebuild-config@https://registry.npmjs.org/@expo/prebuild-config/-/prebuild-config-54.0.8.tgz 0ms (cache hit)
3900 http cache @expo/devcert@https://registry.npmjs.org/@expo/devcert/-/devcert-1.2.1.tgz 0ms (cache hit)
3901 http cache @expo/package-manager@https://registry.npmjs.org/@expo/package-manager/-/package-manager-1.10.4.tgz 0ms (cache hit)
3902 http cache @expo/code-signing-certificates@https://registry.npmjs.org/@expo/code-signing-certificates/-/code-signing-certificates-0.0.6.tgz 0ms (cache hit)
3903 http cache @expo/osascript@https://registry.npmjs.org/@expo/osascript/-/osascript-2.4.2.tgz 0ms (cache hit)
3904 http cache @0no-co/graphql.web@https://registry.npmjs.org/@0no-co/graphql.web/-/graphql.web-1.2.0.tgz 0ms (cache hit)
3905 http cache async-limiter@https://registry.npmjs.org/async-limiter/-/async-limiter-1.0.1.tgz 0ms (cache hit)
3906 http cache path-is-absolute@https://registry.npmjs.org/path-is-absolute/-/path-is-absolute-1.0.1.tgz 0ms (cache hit)
3907 http cache wrappy@https://registry.npmjs.org/wrappy/-/wrappy-1.0.2.tgz 0ms (cache hit)
3908 http cache fs.realpath@https://registry.npmjs.org/fs.realpath/-/fs.realpath-1.0.0.tgz 0ms (cache hit)
3909 http cache once@https://registry.npmjs.org/once/-/once-1.4.0.tgz 0ms (cache hit)
3910 http cache is-fullwidth-code-point@https://registry.npmjs.org/is-fullwidth-code-point/-/is-fullwidth-code-point-3.0.0.tgz 0ms (cache hit)
3911 http cache concat-map@https://registry.npmjs.org/concat-map/-/concat-map-0.0.1.tgz 0ms (cache hit)
3912 http cache wrap-ansi@https://registry.npmjs.org/wrap-ansi/-/wrap-ansi-7.0.0.tgz 0ms (cache hit)
3913 http cache emoji-regex@https://registry.npmjs.org/emoji-regex/-/emoji-regex-8.0.0.tgz 0ms (cache hit)
3914 http cache @expo/xcpretty@https://registry.npmjs.org/@expo/xcpretty/-/xcpretty-4.4.3.tgz 0ms (cache hit)
3915 http cache y18n@https://registry.npmjs.org/y18n/-/y18n-5.0.8.tgz 0ms (cache hit)
3916 http cache yargs-parser@https://registry.npmjs.org/yargs-parser/-/yargs-parser-21.1.1.tgz 0ms (cache hit)
3917 http cache strip-ansi@https://registry.npmjs.org/strip-ansi/-/strip-ansi-6.0.1.tgz 0ms (cache hit)
3918 http cache inflight@https://registry.npmjs.org/inflight/-/inflight-1.0.6.tgz 0ms (cache hit)
3919 http cache cliui@https://registry.npmjs.org/cliui/-/cliui-8.0.1.tgz 0ms (cache hit)
3920 http cache string-width@https://registry.npmjs.org/string-width/-/string-width-4.2.3.tgz 0ms (cache hit)
3921 http cache get-caller-file@https://registry.npmjs.org/get-caller-file/-/get-caller-file-2.0.5.tgz 0ms (cache hit)
3922 http cache stream-buffers@https://registry.npmjs.org/stream-buffers/-/stream-buffers-2.2.0.tgz 0ms (cache hit)
3923 http cache plist@https://registry.npmjs.org/plist/-/plist-3.1.0.tgz 0ms (cache hit)
3924 http cache big-integer@https://registry.npmjs.org/big-integer/-/big-integer-1.6.52.tgz 0ms (cache hit)
3925 http cache simple-plist@https://registry.npmjs.org/simple-plist/-/simple-plist-1.3.1.tgz 0ms (cache hit)
3926 http cache bplist-creator@https://registry.npmjs.org/bplist-creator/-/bplist-creator-0.1.0.tgz 0ms (cache hit)
3927 http cache sax@https://registry.npmjs.org/sax/-/sax-1.6.0.tgz 0ms (cache hit)
3928 http cache imurmurhash@https://registry.npmjs.org/imurmurhash/-/imurmurhash-0.1.4.tgz 0ms (cache hit)
3929 http cache require-directory@https://registry.npmjs.org/require-directory/-/require-directory-2.1.1.tgz 0ms (cache hit)
3930 http cache uuid@https://registry.npmjs.org/uuid/-/uuid-7.0.3.tgz 0ms (cache hit)
3931 http cache isexe@https://registry.npmjs.org/isexe/-/isexe-2.0.0.tgz 0ms (cache hit)
3932 http cache signal-exit@https://registry.npmjs.org/signal-exit/-/signal-exit-3.0.7.tgz 0ms (cache hit)
3933 http cache ieee754@https://registry.npmjs.org/ieee754/-/ieee754-1.2.1.tgz 0ms (cache hit)
3934 http cache buffer@https://registry.npmjs.org/buffer/-/buffer-5.7.1.tgz 0ms (cache hit)
3935 http cache makeerror@https://registry.npmjs.org/makeerror/-/makeerror-1.0.12.tgz 0ms (cache hit)
3936 http cache punycode@https://registry.npmjs.org/punycode/-/punycode-2.3.1.tgz 0ms (cache hit)
3937 http cache bplist-parser@https://registry.npmjs.org/bplist-parser/-/bplist-parser-0.3.1.tgz 1ms (cache hit)
3938 http cache tr46@https://registry.npmjs.org/tr46/-/tr46-0.0.3.tgz 0ms (cache hit)
3939 http cache webidl-conversions@https://registry.npmjs.org/webidl-conversions/-/webidl-conversions-3.0.1.tgz 0ms (cache hit)
3940 http cache tmpl@https://registry.npmjs.org/tmpl/-/tmpl-1.0.5.tgz 0ms (cache hit)
3941 http cache unicode-canonical-property-names-ecmascript@https://registry.npmjs.org/unicode-canonical-property-names-ecmascript/-/unicode-canonical-property-names-ecmascript-2.0.1.tgz 0ms (cache hit)
3942 http cache acorn@https://registry.npmjs.org/acorn/-/acorn-8.16.0.tgz 0ms (cache hit)
3943 http cache buffer-from@https://registry.npmjs.org/buffer-from/-/buffer-from-1.1.2.tgz 0ms (cache hit)
3944 http cache thenify@https://registry.npmjs.org/thenify/-/thenify-3.3.1.tgz 0ms (cache hit)
3945 http cache source-map-support@https://registry.npmjs.org/source-map-support/-/source-map-support-0.5.21.tgz 0ms (cache hit)
3946 http cache unicode-property-aliases-ecmascript@https://registry.npmjs.org/unicode-property-aliases-ecmascript/-/unicode-property-aliases-ecmascript-2.2.0.tgz 0ms (cache hit)
3947 http cache escalade@https://registry.npmjs.org/escalade/-/escalade-3.2.0.tgz 0ms (cache hit)
3948 http cache has-flag@https://registry.npmjs.org/has-flag/-/has-flag-3.0.0.tgz 0ms (cache hit)
3949 http cache thenify-all@https://registry.npmjs.org/thenify-all/-/thenify-all-1.6.0.tgz 0ms (cache hit)
3950 http cache is-number@https://registry.npmjs.org/is-number/-/is-number-7.0.0.tgz 0ms (cache hit)
3951 http cache @jridgewell/source-map@https://registry.npmjs.org/@jridgewell/source-map/-/source-map-0.3.11.tgz 0ms (cache hit)
3952 http cache any-promise@https://registry.npmjs.org/any-promise/-/any-promise-1.3.0.tgz 0ms (cache hit)
3953 http cache ts-interface-checker@https://registry.npmjs.org/ts-interface-checker/-/ts-interface-checker-0.1.13.tgz 0ms (cache hit)
3954 http cache mz@https://registry.npmjs.org/mz/-/mz-2.7.0.tgz 0ms (cache hit)
3955 http cache shebang-regex@https://registry.npmjs.org/shebang-regex/-/shebang-regex-3.0.0.tgz 0ms (cache hit)
3956 http cache tinyglobby@https://registry.npmjs.org/tinyglobby/-/tinyglobby-0.2.16.tgz 0ms (cache hit)
3957 http cache lines-and-columns@https://registry.npmjs.org/lines-and-columns/-/lines-and-columns-1.2.4.tgz 0ms (cache hit)
3958 http cache range-parser@https://registry.npmjs.org/range-parser/-/range-parser-1.2.1.tgz 0ms (cache hit)
3959 http cache setprototypeof@https://registry.npmjs.org/setprototypeof/-/setprototypeof-1.2.0.tgz 0ms (cache hit)
3960 http cache type-fest@https://registry.npmjs.org/type-fest/-/type-fest-0.7.1.tgz 0ms (cache hit)
3961 http cache is-arrayish@https://registry.npmjs.org/is-arrayish/-/is-arrayish-0.3.4.tgz 0ms (cache hit)
3962 http cache http-errors@https://registry.npmjs.org/http-errors/-/http-errors-2.0.1.tgz 0ms (cache hit)
3963 http cache mime@https://registry.npmjs.org/mime/-/mime-1.6.0.tgz 0ms (cache hit)
3964 http cache destroy@https://registry.npmjs.org/destroy/-/destroy-1.2.0.tgz 0ms (cache hit)
3965 http cache toidentifier@https://registry.npmjs.org/toidentifier/-/toidentifier-1.0.1.tgz 0ms (cache hit)
3966 http cache send@https://registry.npmjs.org/send/-/send-0.19.2.tgz 0ms (cache hit)
3967 http cache etag@https://registry.npmjs.org/etag/-/etag-1.8.1.tgz 0ms (cache hit)
3968 http cache supports-preserve-symlinks-flag@https://registry.npmjs.org/supports-preserve-symlinks-flag/-/supports-preserve-symlinks-flag-1.0.0.tgz 0ms (cache hit)
3969 http cache depd@https://registry.npmjs.org/depd/-/depd-2.0.0.tgz 0ms (cache hit)
3970 http cache path-parse@https://registry.npmjs.org/path-parse/-/path-parse-1.0.7.tgz 0ms (cache hit)
3971 http cache fresh@https://registry.npmjs.org/fresh/-/fresh-0.5.2.tgz 0ms (cache hit)
3972 http cache is-core-module@https://registry.npmjs.org/is-core-module/-/is-core-module-2.16.1.tgz 0ms (cache hit)
3973 http cache unicode-match-property-value-ecmascript@https://registry.npmjs.org/unicode-match-property-value-ecmascript/-/unicode-match-property-value-ecmascript-2.2.1.tgz 0ms (cache hit)
3974 http cache unicode-match-property-ecmascript@https://registry.npmjs.org/unicode-match-property-ecmascript/-/unicode-match-property-ecmascript-2.0.0.tgz 0ms (cache hit)
3975 http cache regenerate-unicode-properties@https://registry.npmjs.org/regenerate-unicode-properties/-/regenerate-unicode-properties-10.2.2.tgz 0ms (cache hit)
3976 http cache regjsgen@https://registry.npmjs.org/regjsgen/-/regjsgen-0.8.0.tgz 0ms (cache hit)
3977 http cache regjsparser@https://registry.npmjs.org/regjsparser/-/regjsparser-0.13.1.tgz 0ms (cache hit)
3978 http cache whatwg-url@https://registry.npmjs.org/whatwg-url/-/whatwg-url-5.0.0.tgz 0ms (cache hit)
3979 http cache regenerate@https://registry.npmjs.org/regenerate/-/regenerate-1.4.2.tgz 0ms (cache hit)
3980 http cache node-fetch@https://registry.npmjs.org/node-fetch/-/node-fetch-2.7.0.tgz 0ms (cache hit)
3981 http cache ua-parser-js@https://registry.npmjs.org/ua-parser-js/-/ua-parser-js-1.0.41.tgz 0ms (cache hit)
3982 http cache setimmediate@https://registry.npmjs.org/setimmediate/-/setimmediate-1.0.5.tgz 0ms (cache hit)
3983 http cache fbjs-css-vars@https://registry.npmjs.org/fbjs-css-vars/-/fbjs-css-vars-1.0.2.tgz 0ms (cache hit)
3984 http cache css-in-js-utils@https://registry.npmjs.org/css-in-js-utils/-/css-in-js-utils-3.1.0.tgz 0ms (cache hit)
3985 http cache hyphenate-style-name@https://registry.npmjs.org/hyphenate-style-name/-/hyphenate-style-name-1.1.0.tgz 0ms (cache hit)
3986 http cache cross-fetch@https://registry.npmjs.org/cross-fetch/-/cross-fetch-3.2.0.tgz 0ms (cache hit)
3987 http cache postcss-value-parser@https://registry.npmjs.org/postcss-value-parser/-/postcss-value-parser-4.2.0.tgz 0ms (cache hit)
3988 http cache styleq@https://registry.npmjs.org/styleq/-/styleq-0.1.3.tgz 0ms (cache hit)
3989 http cache inline-style-prefixer@https://registry.npmjs.org/inline-style-prefixer/-/inline-style-prefixer-7.0.1.tgz 0ms (cache hit)
3990 http cache fbjs@https://registry.npmjs.org/fbjs/-/fbjs-3.0.5.tgz 0ms (cache hit)
3991 http cache object-assign@https://registry.npmjs.org/object-assign/-/object-assign-4.1.1.tgz 0ms (cache hit)
3992 http cache warn-once@https://registry.npmjs.org/warn-once/-/warn-once-0.1.1.tgz 0ms (cache hit)
3993 http cache prop-types@https://registry.npmjs.org/prop-types/-/prop-types-15.8.1.tgz 0ms (cache hit)
3994 http cache @types/geojson@https://registry.npmjs.org/@types/geojson/-/geojson-7946.0.16.tgz 0ms (cache hit)
3995 http cache react-freeze@https://registry.npmjs.org/react-freeze/-/react-freeze-1.0.4.tgz 0ms (cache hit)
3996 http cache csstype@https://registry.npmjs.org/csstype/-/csstype-3.2.3.tgz 0ms (cache hit)
3997 http cache @types/react@https://registry.npmjs.org/@types/react/-/react-19.2.14.tgz 0ms (cache hit)
3998 http cache hoist-non-react-statics@https://registry.npmjs.org/hoist-non-react-statics/-/hoist-non-react-statics-3.3.2.tgz 0ms (cache hit)
3999 http cache @types/hammerjs@https://registry.npmjs.org/@types/hammerjs/-/hammerjs-2.0.46.tgz 0ms (cache hit)
4000 http cache @types/react-test-renderer@https://registry.npmjs.org/@types/react-test-renderer/-/react-test-renderer-19.1.0.tgz 0ms (cache hit)
4001 http cache @egjs/hammerjs@https://registry.npmjs.org/@egjs/hammerjs/-/hammerjs-2.0.17.tgz 0ms (cache hit)
4002 http cache p-locate@https://registry.npmjs.org/p-locate/-/p-locate-4.1.0.tgz 0ms (cache hit)
4003 http cache asap@https://registry.npmjs.org/asap/-/asap-2.0.6.tgz 0ms (cache hit)
4004 http cache sprintf-js@https://registry.npmjs.org/sprintf-js/-/sprintf-js-1.0.3.tgz 0ms (cache hit)
4005 http cache argparse@https://registry.npmjs.org/argparse/-/argparse-1.0.10.tgz 0ms (cache hit)
4006 http cache marky@https://registry.npmjs.org/marky/-/marky-1.3.0.tgz 0ms (cache hit)
4007 http cache esprima@https://registry.npmjs.org/esprima/-/esprima-4.0.1.tgz 0ms (cache hit)
4008 http cache fsevents@https://registry.npmjs.org/fsevents/-/fsevents-2.3.3.tgz 0ms (cache hit)
4009 http cache shell-quote@https://registry.npmjs.org/shell-quote/-/shell-quote-1.8.3.tgz 0ms (cache hit)
4010 http cache stack-utils@https://registry.npmjs.org/stack-utils/-/stack-utils-2.0.6.tgz 0ms (cache hit)
4011 http cache normalize-path@https://registry.npmjs.org/normalize-path/-/normalize-path-3.0.0.tgz 0ms (cache hit)
4012 http cache @types/graceful-fs@https://registry.npmjs.org/@types/graceful-fs/-/graceful-fs-4.1.9.tgz 0ms (cache hit)
4013 http cache anymatch@https://registry.npmjs.org/anymatch/-/anymatch-3.1.3.tgz 0ms (cache hit)
4014 http cache @sinonjs/commons@https://registry.npmjs.org/@sinonjs/commons/-/commons-3.0.1.tgz 0ms (cache hit)
4015 http cache type-detect@https://registry.npmjs.org/type-detect/-/type-detect-4.0.8.tgz 0ms (cache hit)
4016 http cache @types/stack-utils@https://registry.npmjs.org/@types/stack-utils/-/stack-utils-2.0.3.tgz 0ms (cache hit)
4017 http cache @sinonjs/fake-timers@https://registry.npmjs.org/@sinonjs/fake-timers/-/fake-timers-10.3.0.tgz 0ms (cache hit)
4018 http cache jest-message-util@https://registry.npmjs.org/jest-message-util/-/jest-message-util-29.7.0.tgz 0ms (cache hit)
4019 http cache jest-mock@https://registry.npmjs.org/jest-mock/-/jest-mock-29.7.0.tgz 0ms (cache hit)
4020 http cache is-docker@https://registry.npmjs.org/is-docker/-/is-docker-2.2.1.tgz 0ms (cache hit)
4021 http cache @jest/fake-timers@https://registry.npmjs.org/@jest/fake-timers/-/fake-timers-29.7.0.tgz 0ms (cache hit)
4022 http cache @jest/environment@https://registry.npmjs.org/@jest/environment/-/environment-29.7.0.tgz 0ms (cache hit)
4023 http cache path-exists@https://registry.npmjs.org/path-exists/-/path-exists-4.0.0.tgz 0ms (cache hit)
4024 http cache mkdirp@https://registry.npmjs.org/mkdirp/-/mkdirp-1.0.4.tgz 0ms (cache hit)
4025 http cache lighthouse-logger@https://registry.npmjs.org/lighthouse-logger/-/lighthouse-logger-1.4.2.tgz 0ms (cache hit)
4026 http cache locate-path@https://registry.npmjs.org/locate-path/-/locate-path-5.0.0.tgz 0ms (cache hit)
4027 http cache is-wsl@https://registry.npmjs.org/is-wsl/-/is-wsl-2.2.0.tgz 0ms (cache hit)
4028 http cache @babel/plugin-syntax-top-level-await@https://registry.npmjs.org/@babel/plugin-syntax-top-level-await/-/plugin-syntax-top-level-await-7.14.5.tgz 0ms (cache hit)
4029 http cache rimraf@https://registry.npmjs.org/rimraf/-/rimraf-3.0.2.tgz 0ms (cache hit)
4030 http cache @babel/plugin-syntax-object-rest-spread@https://registry.npmjs.org/@babel/plugin-syntax-object-rest-spread/-/plugin-syntax-object-rest-spread-7.8.3.tgz 0ms (cache hit)
4031 http cache istanbul-lib-coverage@https://registry.npmjs.org/istanbul-lib-coverage/-/istanbul-lib-coverage-3.2.2.tgz 0ms (cache hit)
4032 http cache @babel/plugin-syntax-json-strings@https://registry.npmjs.org/@babel/plugin-syntax-json-strings/-/plugin-syntax-json-strings-7.8.3.tgz 0ms (cache hit)
4033 http cache @babel/plugin-syntax-optional-catch-binding@https://registry.npmjs.org/@babel/plugin-syntax-optional-catch-binding/-/plugin-syntax-optional-catch-binding-7.8.3.tgz 0ms (cache hit)
4034 http cache @babel/plugin-syntax-private-property-in-object@https://registry.npmjs.org/@babel/plugin-syntax-private-property-in-object/-/plugin-syntax-private-property-in-object-7.14.5.tgz 0ms (cache hit)
4035 http cache @babel/plugin-syntax-import-attributes@https://registry.npmjs.org/@babel/plugin-syntax-import-attributes/-/plugin-syntax-import-attributes-7.28.6.tgz 0ms (cache hit)
4036 http cache @babel/plugin-syntax-numeric-separator@https://registry.npmjs.org/@babel/plugin-syntax-numeric-separator/-/plugin-syntax-numeric-separator-7.10.4.tgz 0ms (cache hit)
4037 http cache @babel/plugin-syntax-import-meta@https://registry.npmjs.org/@babel/plugin-syntax-import-meta/-/plugin-syntax-import-meta-7.10.4.tgz 0ms (cache hit)
4038 http cache @babel/plugin-syntax-class-static-block@https://registry.npmjs.org/@babel/plugin-syntax-class-static-block/-/plugin-syntax-class-static-block-7.14.5.tgz 0ms (cache hit)
4039 http cache @babel/plugin-syntax-logical-assignment-operators@https://registry.npmjs.org/@babel/plugin-syntax-logical-assignment-operators/-/plugin-syntax-logical-assignment-operators-7.10.4.tgz 0ms (cache hit)
4040 http cache @babel/plugin-syntax-async-generators@https://registry.npmjs.org/@babel/plugin-syntax-async-generators/-/plugin-syntax-async-generators-7.8.4.tgz 0ms (cache hit)
4041 http cache babel-plugin-jest-hoist@https://registry.npmjs.org/babel-plugin-jest-hoist/-/babel-plugin-jest-hoist-29.6.3.tgz 0ms (cache hit)
4042 http cache @babel/plugin-syntax-class-properties@https://registry.npmjs.org/@babel/plugin-syntax-class-properties/-/plugin-syntax-class-properties-7.12.13.tgz 0ms (cache hit)
4043 http cache js-yaml@https://registry.npmjs.org/js-yaml/-/js-yaml-3.14.2.tgz 0ms (cache hit)
4044 http cache test-exclude@https://registry.npmjs.org/test-exclude/-/test-exclude-6.0.0.tgz 0ms (cache hit)
4045 http cache get-package-type@https://registry.npmjs.org/get-package-type/-/get-package-type-0.1.0.tgz 0ms (cache hit)
4046 http cache @babel/plugin-syntax-bigint@https://registry.npmjs.org/@babel/plugin-syntax-bigint/-/plugin-syntax-bigint-7.8.3.tgz 0ms (cache hit)
4047 http cache istanbul-lib-instrument@https://registry.npmjs.org/istanbul-lib-instrument/-/istanbul-lib-instrument-5.2.1.tgz 0ms (cache hit)
4048 http cache babel-preset-current-node-syntax@https://registry.npmjs.org/babel-preset-current-node-syntax/-/babel-preset-current-node-syntax-1.2.0.tgz 0ms (cache hit)
4049 http cache @types/babel__traverse@https://registry.npmjs.org/@types/babel__traverse/-/babel__traverse-7.28.0.tgz 0ms (cache hit)
4050 http cache @istanbuljs/schema@https://registry.npmjs.org/@istanbuljs/schema/-/schema-0.1.6.tgz 0ms (cache hit)
4051 http cache find-up@https://registry.npmjs.org/find-up/-/find-up-4.1.0.tgz 0ms (cache hit)
4052 http cache @istanbuljs/load-nyc-config@https://registry.npmjs.org/@istanbuljs/load-nyc-config/-/load-nyc-config-1.1.0.tgz 0ms (cache hit)
4053 http cache @types/babel__template@https://registry.npmjs.org/@types/babel__template/-/babel__template-7.4.4.tgz 0ms (cache hit)
4054 http cache pirates@https://registry.npmjs.org/pirates/-/pirates-4.0.7.tgz 0ms (cache hit)
4055 http cache jest-regex-util@https://registry.npmjs.org/jest-regex-util/-/jest-regex-util-29.6.3.tgz 0ms (cache hit)
4056 http cache write-file-atomic@https://registry.npmjs.org/write-file-atomic/-/write-file-atomic-4.0.2.tgz 0ms (cache hit)
4057 http cache babel-preset-jest@https://registry.npmjs.org/babel-preset-jest/-/babel-preset-jest-29.6.3.tgz 0ms (cache hit)
4058 http cache jest-haste-map@https://registry.npmjs.org/jest-haste-map/-/jest-haste-map-29.7.0.tgz 0ms (cache hit)
4059 http cache babel-plugin-istanbul@https://registry.npmjs.org/babel-plugin-istanbul/-/babel-plugin-istanbul-6.1.1.tgz 0ms (cache hit)
4060 http cache @types/babel__generator@https://registry.npmjs.org/@types/babel__generator/-/babel__generator-7.27.0.tgz 0ms (cache hit)
4061 http cache @types/babel__core@https://registry.npmjs.org/@types/babel__core/-/babel__core-7.20.5.tgz 0ms (cache hit)
4062 http cache fast-json-stable-stringify@https://registry.npmjs.org/fast-json-stable-stringify/-/fast-json-stable-stringify-2.1.0.tgz 0ms (cache hit)
4063 http cache chromium-edge-launcher@https://registry.npmjs.org/chromium-edge-launcher/-/chromium-edge-launcher-0.2.0.tgz 0ms (cache hit)
4064 http cache open@https://registry.npmjs.org/open/-/open-7.4.2.tgz 0ms (cache hit)
4065 http cache @isaacs/ttlcache@https://registry.npmjs.org/@isaacs/ttlcache/-/ttlcache-1.4.1.tgz 0ms (cache hit)
4066 http cache chrome-launcher@https://registry.npmjs.org/chrome-launcher/-/chrome-launcher-0.15.2.tgz 0ms (cache hit)
4067 http cache event-target-shim@https://registry.npmjs.org/event-target-shim/-/event-target-shim-5.0.1.tgz 0ms (cache hit)
4068 http cache regenerator-runtime@https://registry.npmjs.org/regenerator-runtime/-/regenerator-runtime-0.13.11.tgz 0ms (cache hit)
4069 http cache @jest/transform@https://registry.npmjs.org/@jest/transform/-/transform-29.7.0.tgz 0ms (cache hit)
4070 http cache promise@https://registry.npmjs.org/promise/-/promise-8.3.0.tgz 0ms (cache hit)
4071 http cache @react-native/debugger-frontend@https://registry.npmjs.org/@react-native/debugger-frontend/-/debugger-frontend-0.81.5.tgz 0ms (cache hit)
4072 http cache react-devtools-core@https://registry.npmjs.org/react-devtools-core/-/react-devtools-core-6.1.5.tgz 0ms (cache hit)
4073 http cache ansi-regex@https://registry.npmjs.org/ansi-regex/-/ansi-regex-5.0.1.tgz 0ms (cache hit)
4074 http cache memoize-one@https://registry.npmjs.org/memoize-one/-/memoize-one-5.2.1.tgz 0ms (cache hit)
4075 http cache serve-static@https://registry.npmjs.org/serve-static/-/serve-static-1.16.3.tgz 0ms (cache hit)
4076 http cache babel-jest@https://registry.npmjs.org/babel-jest/-/babel-jest-29.7.0.tgz 0ms (cache hit)
4077 http cache jest-environment-node@https://registry.npmjs.org/jest-environment-node/-/jest-environment-node-29.7.0.tgz 0ms (cache hit)
4078 http cache abort-controller@https://registry.npmjs.org/abort-controller/-/abort-controller-3.0.0.tgz 0ms (cache hit)
4079 http cache @react-native/normalize-colors@https://registry.npmjs.org/@react-native/normalize-colors/-/normalize-colors-0.81.5.tgz 0ms (cache hit)
4080 http cache @react-native/js-polyfills@https://registry.npmjs.org/@react-native/js-polyfills/-/js-polyfills-0.81.5.tgz 0ms (cache hit)
4081 http cache @react-native/community-cli-plugin@https://registry.npmjs.org/@react-native/community-cli-plugin/-/community-cli-plugin-0.81.5.tgz 0ms (cache hit)
4082 http cache @react-native/assets-registry@https://registry.npmjs.org/@react-native/assets-registry/-/assets-registry-0.81.5.tgz 0ms (cache hit)
4083 http cache @react-native/dev-middleware@https://registry.npmjs.org/@react-native/dev-middleware/-/dev-middleware-0.81.5.tgz 0ms (cache hit)
4084 http cache @react-native/gradle-plugin@https://registry.npmjs.org/@react-native/gradle-plugin/-/gradle-plugin-0.81.5.tgz 0ms (cache hit)
4085 http cache inherits@https://registry.npmjs.org/inherits/-/inherits-2.0.4.tgz 0ms (cache hit)
4086 http cache split-on-first@https://registry.npmjs.org/split-on-first/-/split-on-first-1.1.0.tgz 0ms (cache hit)
4087 http cache filter-obj@https://registry.npmjs.org/filter-obj/-/filter-obj-1.1.0.tgz 0ms (cache hit)
4088 http cache strict-uri-encode@https://registry.npmjs.org/strict-uri-encode/-/strict-uri-encode-2.0.0.tgz 0ms (cache hit)
4089 http cache scheduler@https://registry.npmjs.org/scheduler/-/scheduler-0.26.0.tgz 0ms (cache hit)
4090 http cache decode-uri-component@https://registry.npmjs.org/decode-uri-component/-/decode-uri-component-0.2.2.tgz 0ms (cache hit)
4091 http cache pngjs@https://registry.npmjs.org/pngjs/-/pngjs-3.4.0.tgz 0ms (cache hit)
4092 http cache source-map-js@https://registry.npmjs.org/source-map-js/-/source-map-js-1.2.1.tgz 0ms (cache hit)
4093 http cache mime-db@https://registry.npmjs.org/mime-db/-/mime-db-1.52.0.tgz 0ms (cache hit)
4094 http cache yocto-queue@https://registry.npmjs.org/yocto-queue/-/yocto-queue-0.1.0.tgz 0ms (cache hit)
4095 http cache to-regex-range@https://registry.npmjs.org/to-regex-range/-/to-regex-range-5.0.1.tgz 0ms (cache hit)
4096 http cache ee-first@https://registry.npmjs.org/ee-first/-/ee-first-1.1.1.tgz 0ms (cache hit)
4097 http cache balanced-match@https://registry.npmjs.org/balanced-match/-/balanced-match-1.0.2.tgz 0ms (cache hit)
4098 http cache @jest/create-cache-key-function@https://registry.npmjs.org/@jest/create-cache-key-function/-/create-cache-key-function-29.7.0.tgz 0ms (cache hit)
4099 http cache brace-expansion@https://registry.npmjs.org/brace-expansion/-/brace-expansion-2.1.0.tgz 0ms (cache hit)
4100 http cache fill-range@https://registry.npmjs.org/fill-range/-/fill-range-7.1.1.tgz 0ms (cache hit)
4101 http cache ob1@https://registry.npmjs.org/ob1/-/ob1-0.83.3.tgz 0ms (cache hit)
4102 http cache braces@https://registry.npmjs.org/braces/-/braces-3.0.3.tgz 0ms (cache hit)
4103 http cache @babel/traverse--for-generate-function-map@https://registry.npmjs.org/@babel/traverse/-/traverse-7.29.0.tgz 0ms (cache hit)
4104 http cache terser@https://registry.npmjs.org/terser/-/terser-5.46.2.tgz 0ms (cache hit)
4105 http cache node-int64@https://registry.npmjs.org/node-int64/-/node-int64-0.4.0.tgz 0ms (cache hit)
4106 http cache vlq@https://registry.npmjs.org/vlq/-/vlq-1.0.1.tgz 0ms (cache hit)
4107 http cache walker@https://registry.npmjs.org/walker/-/walker-1.0.8.tgz 0ms (cache hit)
4108 http cache fb-watchman@https://registry.npmjs.org/fb-watchman/-/fb-watchman-2.0.2.tgz 0ms (cache hit)
4109 http cache bser@https://registry.npmjs.org/bser/-/bser-2.1.1.tgz 0ms (cache hit)
4110 http cache micromatch@https://registry.npmjs.org/micromatch/-/micromatch-4.0.8.tgz 0ms (cache hit)
4111 http cache jest-get-type@https://registry.npmjs.org/jest-get-type/-/jest-get-type-29.6.3.tgz 0ms (cache hit)
4112 http cache leven@https://registry.npmjs.org/leven/-/leven-3.1.0.tgz 0ms (cache hit)
4113 http cache agent-base@https://registry.npmjs.org/agent-base/-/agent-base-7.1.4.tgz 0ms (cache hit)
4114 http cache yaml@https://registry.npmjs.org/yaml/-/yaml-2.8.3.tgz 0ms (cache hit)
4115 http cache https-proxy-agent@https://registry.npmjs.org/https-proxy-agent/-/https-proxy-agent-7.0.6.tgz 0ms (cache hit)
4116 http cache jest-validate@https://registry.npmjs.org/jest-validate/-/jest-validate-29.7.0.tgz 0ms (cache hit)
4117 http cache camelcase@https://registry.npmjs.org/camelcase/-/camelcase-6.3.0.tgz 0ms (cache hit)
4118 http cache @types/yargs@https://registry.npmjs.org/@types/yargs/-/yargs-17.0.35.tgz 0ms (cache hit)
4119 http cache @sinclair/typebox@https://registry.npmjs.org/@sinclair/typebox/-/typebox-0.27.10.tgz 0ms (cache hit)
4120 http cache @types/yargs-parser@https://registry.npmjs.org/@types/yargs-parser/-/yargs-parser-21.0.3.tgz 0ms (cache hit)
4121 http cache @types/istanbul-lib-report@https://registry.npmjs.org/@types/istanbul-lib-report/-/istanbul-lib-report-3.0.3.tgz 0ms (cache hit)
4122 http cache picomatch@https://registry.npmjs.org/picomatch/-/picomatch-2.3.2.tgz 0ms (cache hit)
4123 http cache @jest/schemas@https://registry.npmjs.org/@jest/schemas/-/schemas-29.6.3.tgz 0ms (cache hit)
4124 http cache merge-stream@https://registry.npmjs.org/merge-stream/-/merge-stream-2.0.0.tgz 0ms (cache hit)
4125 http cache @jest/types@https://registry.npmjs.org/@jest/types/-/types-29.6.3.tgz 0ms (cache hit)
4126 http cache jest-util@https://registry.npmjs.org/jest-util/-/jest-util-29.7.0.tgz 0ms (cache hit)
4127 http cache exponential-backoff@https://registry.npmjs.org/exponential-backoff/-/exponential-backoff-3.1.3.tgz 0ms (cache hit)
4128 http cache undici-types@https://registry.npmjs.org/undici-types/-/undici-types-7.19.2.tgz 0ms (cache hit)
4129 http cache @types/istanbul-reports@https://registry.npmjs.org/@types/istanbul-reports/-/istanbul-reports-3.0.4.tgz 0ms (cache hit)
4130 http cache queue@https://registry.npmjs.org/queue/-/queue-6.0.2.tgz 0ms (cache hit)
4131 http cache statuses@https://registry.npmjs.org/statuses/-/statuses-1.5.0.tgz 0ms (cache hit)
4132 http cache @types/node@https://registry.npmjs.org/@types/node/-/node-25.6.0.tgz 0ms (cache hit)
4133 http cache unpipe@https://registry.npmjs.org/unpipe/-/unpipe-1.0.0.tgz 0ms (cache hit)
4134 http cache on-finished@https://registry.npmjs.org/on-finished/-/on-finished-2.3.0.tgz 0ms (cache hit)
4135 http cache stackframe@https://registry.npmjs.org/stackframe/-/stackframe-1.3.4.tgz 0ms (cache hit)
4136 http cache escape-html@https://registry.npmjs.org/escape-html/-/escape-html-1.0.3.tgz 0ms (cache hit)
4137 http cache encodeurl@https://registry.npmjs.org/encodeurl/-/encodeurl-1.0.2.tgz 0ms (cache hit)
4138 http cache finalhandler@https://registry.npmjs.org/finalhandler/-/finalhandler-1.1.2.tgz 0ms (cache hit)
4139 http cache utils-merge@https://registry.npmjs.org/utils-merge/-/utils-merge-1.0.1.tgz 0ms (cache hit)
4140 http cache @types/istanbul-lib-coverage@https://registry.npmjs.org/@types/istanbul-lib-coverage/-/istanbul-lib-coverage-2.0.6.tgz 0ms (cache hit)
4141 http cache negotiator@https://registry.npmjs.org/negotiator/-/negotiator-0.6.3.tgz 0ms (cache hit)
4142 http cache throat@https://registry.npmjs.org/throat/-/throat-5.0.0.tgz 0ms (cache hit)
4143 http cache source-map@https://registry.npmjs.org/source-map/-/source-map-0.5.7.tgz 0ms (cache hit)
4144 http cache parseurl@https://registry.npmjs.org/parseurl/-/parseurl-1.3.3.tgz 0ms (cache hit)
4145 http cache serialize-error@https://registry.npmjs.org/serialize-error/-/serialize-error-2.1.0.tgz 0ms (cache hit)
4146 http cache jest-worker@https://registry.npmjs.org/jest-worker/-/jest-worker-29.7.0.tgz 0ms (cache hit)
4147 http cache lodash.throttle@https://registry.npmjs.org/lodash.throttle/-/lodash.throttle-4.1.1.tgz 0ms (cache hit)
4148 http cache flow-enums-runtime@https://registry.npmjs.org/flow-enums-runtime/-/flow-enums-runtime-0.0.6.tgz 0ms (cache hit)
4149 http cache image-size@https://registry.npmjs.org/image-size/-/image-size-1.2.1.tgz 0ms (cache hit)
4150 http cache ws@https://registry.npmjs.org/ws/-/ws-7.5.10.tgz 0ms (cache hit)
4151 http cache connect@https://registry.npmjs.org/connect/-/connect-3.7.0.tgz 0ms (cache hit)
4152 http cache error-stack-parser@https://registry.npmjs.org/error-stack-parser/-/error-stack-parser-2.1.4.tgz 0ms (cache hit)
4153 http cache accepts@https://registry.npmjs.org/accepts/-/accepts-1.3.8.tgz 0ms (cache hit)
4154 http cache ci-info@https://registry.npmjs.org/ci-info/-/ci-info-2.0.0.tgz 0ms (cache hit)
4155 http cache yallist@https://registry.npmjs.org/yallist/-/yallist-3.1.1.tgz 0ms (cache hit)
4156 http cache is-plain-obj@https://registry.npmjs.org/is-plain-obj/-/is-plain-obj-2.1.0.tgz 0ms (cache hit)
4157 http cache detect-libc@https://registry.npmjs.org/detect-libc/-/detect-libc-2.1.2.tgz 0ms (cache hit)
4158 http cache graceful-fs@https://registry.npmjs.org/graceful-fs/-/graceful-fs-4.2.11.tgz 0ms (cache hit)
4159 http cache lightningcss-darwin-arm64@https://registry.npmjs.org/lightningcss-darwin-arm64/-/lightningcss-darwin-arm64-1.32.0.tgz 0ms (cache hit)
4160 http cache minipass@https://registry.npmjs.org/minipass/-/minipass-7.1.3.tgz 0ms (cache hit)
4161 http cache math-intrinsics@https://registry.npmjs.org/math-intrinsics/-/math-intrinsics-1.1.0.tgz 0ms (cache hit)
4162 http cache has-symbols@https://registry.npmjs.org/has-symbols/-/has-symbols-1.1.0.tgz 0ms (cache hit)
4163 http cache path-scurry@https://registry.npmjs.org/path-scurry/-/path-scurry-2.0.2.tgz 0ms (cache hit)
4164 http cache hermes-estree@https://registry.npmjs.org/hermes-estree/-/hermes-estree-0.29.1.tgz 0ms (cache hit)
4165 http cache loose-envify@https://registry.npmjs.org/loose-envify/-/loose-envify-1.4.0.tgz 0ms (cache hit)
4166 http cache dunder-proto@https://registry.npmjs.org/dunder-proto/-/dunder-proto-1.0.1.tgz 0ms (cache hit)
4167 http cache es-object-atoms@https://registry.npmjs.org/es-object-atoms/-/es-object-atoms-1.1.1.tgz 0ms (cache hit)
4168 http cache get-proto@https://registry.npmjs.org/get-proto/-/get-proto-1.0.1.tgz 0ms (cache hit)
4169 http cache call-bind-apply-helpers@https://registry.npmjs.org/call-bind-apply-helpers/-/call-bind-apply-helpers-1.0.2.tgz 0ms (cache hit)
4170 http cache gopd@https://registry.npmjs.org/gopd/-/gopd-1.2.0.tgz 0ms (cache hit)
4171 http cache function-bind@https://registry.npmjs.org/function-bind/-/function-bind-1.1.2.tgz 0ms (cache hit)
4172 http cache has-tostringtag@https://registry.npmjs.org/has-tostringtag/-/has-tostringtag-1.0.2.tgz 0ms (cache hit)
4173 http cache delayed-stream@https://registry.npmjs.org/delayed-stream/-/delayed-stream-1.0.0.tgz 0ms (cache hit)
4174 http cache es-errors@https://registry.npmjs.org/es-errors/-/es-errors-1.3.0.tgz 0ms (cache hit)
4175 http cache mime-types@https://registry.npmjs.org/mime-types/-/mime-types-2.1.35.tgz 0ms (cache hit)
4176 http cache get-intrinsic@https://registry.npmjs.org/get-intrinsic/-/get-intrinsic-1.3.0.tgz 0ms (cache hit)
4177 http cache combined-stream@https://registry.npmjs.org/combined-stream/-/combined-stream-1.0.8.tgz 0ms (cache hit)
4178 http cache hasown@https://registry.npmjs.org/hasown/-/hasown-2.0.3.tgz 0ms (cache hit)
4179 http cache es-define-property@https://registry.npmjs.org/es-define-property/-/es-define-property-1.0.1.tgz 0ms (cache hit)
4180 http cache asynckit@https://registry.npmjs.org/asynckit/-/asynckit-0.4.0.tgz 0ms (cache hit)
4181 http cache es-set-tostringtag@https://registry.npmjs.org/es-set-tostringtag/-/es-set-tostringtag-2.1.0.tgz 0ms (cache hit)
4182 http cache commander@https://registry.npmjs.org/commander/-/commander-7.2.0.tgz 0ms (cache hit)
4183 http cache react-native-is-edge-to-edge@https://registry.npmjs.org/react-native-is-edge-to-edge/-/react-native-is-edge-to-edge-1.3.1.tgz 0ms (cache hit)
4184 http cache expo-image-loader@https://registry.npmjs.org/expo-image-loader/-/expo-image-loader-6.0.0.tgz 0ms (cache hit)
4185 http cache fontfaceobserver@https://registry.npmjs.org/fontfaceobserver/-/fontfaceobserver-2.3.0.tgz 0ms (cache hit)
4186 http cache jimp-compact@https://registry.npmjs.org/jimp-compact/-/jimp-compact-0.16.1.tgz 0ms (cache hit)
4187 http cache parse-png@https://registry.npmjs.org/parse-png/-/parse-png-2.1.0.tgz 0ms (cache hit)
4188 http cache @expo/require-utils@https://registry.npmjs.org/@expo/require-utils/-/require-utils-55.0.4.tgz 0ms (cache hit)
4189 http cache which@https://registry.npmjs.org/which/-/which-2.0.2.tgz 0ms (cache hit)
4190 http cache @expo/image-utils@https://registry.npmjs.org/@expo/image-utils/-/image-utils-0.8.13.tgz 0ms (cache hit)
4191 http cache supports-color@https://registry.npmjs.org/supports-color/-/supports-color-5.5.0.tgz 0ms (cache hit)
4192 http cache ansi-styles@https://registry.npmjs.org/ansi-styles/-/ansi-styles-3.2.1.tgz 0ms (cache hit)
4193 http cache electron-to-chromium@https://registry.npmjs.org/electron-to-chromium/-/electron-to-chromium-1.5.344.tgz 0ms (cache hit)
4194 http cache path-key@https://registry.npmjs.org/path-key/-/path-key-3.1.1.tgz 0ms (cache hit)
4195 http cache shebang-command@https://registry.npmjs.org/shebang-command/-/shebang-command-2.0.0.tgz 0ms (cache hit)
4196 http cache caniuse-lite@https://registry.npmjs.org/caniuse-lite/-/caniuse-lite-1.0.30001790.tgz 0ms (cache hit)
4197 http cache core-js-compat@https://registry.npmjs.org/core-js-compat/-/core-js-compat-3.49.0.tgz 0ms (cache hit)
4198 http cache node-releases@https://registry.npmjs.org/node-releases/-/node-releases-2.0.38.tgz 0ms (cache hit)
4199 http cache resolve@https://registry.npmjs.org/resolve/-/resolve-1.22.12.tgz 0ms (cache hit)
4200 http cache baseline-browser-mapping@https://registry.npmjs.org/baseline-browser-mapping/-/baseline-browser-mapping-2.10.21.tgz 0ms (cache hit)
4201 http cache yargs@https://registry.npmjs.org/yargs/-/yargs-17.7.2.tgz 0ms (cache hit)
4202 http cache ms@https://registry.npmjs.org/ms/-/ms-2.1.3.tgz 0ms (cache hit)
4203 http cache lodash.debounce@https://registry.npmjs.org/lodash.debounce/-/lodash.debounce-4.0.8.tgz 0ms (cache hit)
4204 http cache nullthrows@https://registry.npmjs.org/nullthrows/-/nullthrows-1.1.1.tgz 0ms (cache hit)
4205 http cache update-browserslist-db@https://registry.npmjs.org/update-browserslist-db/-/update-browserslist-db-1.2.3.tgz 0ms (cache hit)
4206 http cache @react-native/codegen@https://registry.npmjs.org/@react-native/codegen/-/codegen-0.81.5.tgz 0ms (cache hit)
4207 http cache invariant@https://registry.npmjs.org/invariant/-/invariant-2.2.4.tgz 0ms (cache hit)
4208 http cache regexpu-core@https://registry.npmjs.org/regexpu-core/-/regexpu-core-6.4.0.tgz 0ms (cache hit)
4209 http cache @babel/helper-wrap-function@https://registry.npmjs.org/@babel/helper-wrap-function/-/helper-wrap-function-7.28.6.tgz 0ms (cache hit)
4210 http cache @babel/plugin-transform-sticky-regex@https://registry.npmjs.org/@babel/plugin-transform-sticky-regex/-/plugin-transform-sticky-regex-7.27.1.tgz 0ms (cache hit)
4211 http cache @babel/helper-remap-async-to-generator@https://registry.npmjs.org/@babel/helper-remap-async-to-generator/-/helper-remap-async-to-generator-7.27.1.tgz 0ms (cache hit)
4212 http cache @babel/helper-define-polyfill-provider@https://registry.npmjs.org/@babel/helper-define-polyfill-provider/-/helper-define-polyfill-provider-0.6.8.tgz 0ms (cache hit)
4213 http cache @babel/helper-create-regexp-features-plugin@https://registry.npmjs.org/@babel/helper-create-regexp-features-plugin/-/helper-create-regexp-features-plugin-7.28.5.tgz 0ms (cache hit)
4214 http cache @react-native/babel-plugin-codegen@https://registry.npmjs.org/@react-native/babel-plugin-codegen/-/babel-plugin-codegen-0.81.5.tgz 0ms (cache hit)
4215 http cache @babel/plugin-transform-unicode-regex@https://registry.npmjs.org/@babel/plugin-transform-unicode-regex/-/plugin-transform-unicode-regex-7.27.1.tgz 0ms (cache hit)
4216 http cache @babel/plugin-transform-shorthand-properties@https://registry.npmjs.org/@babel/plugin-transform-shorthand-properties/-/plugin-transform-shorthand-properties-7.27.1.tgz 0ms (cache hit)
4217 http cache @babel/plugin-transform-react-jsx-self@https://registry.npmjs.org/@babel/plugin-transform-react-jsx-self/-/plugin-transform-react-jsx-self-7.27.1.tgz 0ms (cache hit)
4218 http cache @babel/plugin-transform-optional-catch-binding@https://registry.npmjs.org/@babel/plugin-transform-optional-catch-binding/-/plugin-transform-optional-catch-binding-7.28.6.tgz 0ms (cache hit)
4219 http cache @babel/plugin-transform-optional-chaining@https://registry.npmjs.org/@babel/plugin-transform-optional-chaining/-/plugin-transform-optional-chaining-7.28.6.tgz 0ms (cache hit)
4220 http cache @babel/plugin-transform-numeric-separator@https://registry.npmjs.org/@babel/plugin-transform-numeric-separator/-/plugin-transform-numeric-separator-7.28.6.tgz 0ms (cache hit)
4221 http cache @babel/plugin-transform-regenerator@https://registry.npmjs.org/@babel/plugin-transform-regenerator/-/plugin-transform-regenerator-7.29.0.tgz 0ms (cache hit)
4222 http cache @babel/plugin-transform-spread@https://registry.npmjs.org/@babel/plugin-transform-spread/-/plugin-transform-spread-7.28.6.tgz 0ms (cache hit)
4223 http cache @babel/plugin-transform-named-capturing-groups-regex@https://registry.npmjs.org/@babel/plugin-transform-named-capturing-groups-regex/-/plugin-transform-named-capturing-groups-regex-7.29.0.tgz 0ms (cache hit)
4224 http cache @babel/plugin-transform-logical-assignment-operators@https://registry.npmjs.org/@babel/plugin-transform-logical-assignment-operators/-/plugin-transform-logical-assignment-operators-7.28.6.tgz 0ms (cache hit)
4225 http cache @babel/plugin-transform-function-name@https://registry.npmjs.org/@babel/plugin-transform-function-name/-/plugin-transform-function-name-7.27.1.tgz 0ms (cache hit)
4226 http cache @babel/plugin-transform-react-jsx-source@https://registry.npmjs.org/@babel/plugin-transform-react-jsx-source/-/plugin-transform-react-jsx-source-7.27.1.tgz 0ms (cache hit)
4227 http cache @babel/plugin-transform-block-scoping@https://registry.npmjs.org/@babel/plugin-transform-block-scoping/-/plugin-transform-block-scoping-7.28.6.tgz 0ms (cache hit)
4228 http cache @babel/plugin-transform-literals@https://registry.npmjs.org/@babel/plugin-transform-literals/-/plugin-transform-literals-7.27.1.tgz 0ms (cache hit)
4229 http cache @babel/plugin-transform-nullish-coalescing-operator@https://registry.npmjs.org/@babel/plugin-transform-nullish-coalescing-operator/-/plugin-transform-nullish-coalescing-operator-7.28.6.tgz 0ms (cache hit)
4230 http cache @babel/plugin-transform-for-of@https://registry.npmjs.org/@babel/plugin-transform-for-of/-/plugin-transform-for-of-7.27.1.tgz 0ms (cache hit)
4231 http cache @babel/plugin-transform-computed-properties@https://registry.npmjs.org/@babel/plugin-transform-computed-properties/-/plugin-transform-computed-properties-7.28.6.tgz 0ms (cache hit)
4232 http cache @babel/plugin-syntax-optional-chaining@https://registry.npmjs.org/@babel/plugin-syntax-optional-chaining/-/plugin-syntax-optional-chaining-7.8.3.tgz 0ms (cache hit)
4233 http cache @babel/plugin-transform-classes@https://registry.npmjs.org/@babel/plugin-transform-classes/-/plugin-transform-classes-7.28.6.tgz 0ms (cache hit)
4234 http cache @babel/plugin-transform-class-properties@https://registry.npmjs.org/@babel/plugin-transform-class-properties/-/plugin-transform-class-properties-7.28.6.tgz 0ms (cache hit)
4235 http cache @babel/plugin-syntax-typescript@https://registry.npmjs.org/@babel/plugin-syntax-typescript/-/plugin-syntax-typescript-7.28.6.tgz 0ms (cache hit)
4236 http cache @babel/plugin-transform-async-generator-functions@https://registry.npmjs.org/@babel/plugin-transform-async-generator-functions/-/plugin-transform-async-generator-functions-7.29.0.tgz 0ms (cache hit)
4237 http cache @babel/plugin-transform-typescript@https://registry.npmjs.org/@babel/plugin-transform-typescript/-/plugin-transform-typescript-7.28.6.tgz 0ms (cache hit)
4238 http cache @babel/plugin-syntax-dynamic-import@https://registry.npmjs.org/@babel/plugin-syntax-dynamic-import/-/plugin-syntax-dynamic-import-7.8.3.tgz 0ms (cache hit)
4239 http cache @babel/plugin-syntax-nullish-coalescing-operator@https://registry.npmjs.org/@babel/plugin-syntax-nullish-coalescing-operator/-/plugin-syntax-nullish-coalescing-operator-7.8.3.tgz 0ms (cache hit)
4240 http cache @babel/plugin-syntax-jsx@https://registry.npmjs.org/@babel/plugin-syntax-jsx/-/plugin-syntax-jsx-7.28.6.tgz 0ms (cache hit)
4241 http cache @babel/plugin-transform-react-jsx@https://registry.npmjs.org/@babel/plugin-transform-react-jsx/-/plugin-transform-react-jsx-7.28.6.tgz 0ms (cache hit)
4242 http cache @babel/plugin-transform-react-jsx-development@https://registry.npmjs.org/@babel/plugin-transform-react-jsx-development/-/plugin-transform-react-jsx-development-7.27.1.tgz 0ms (cache hit)
4243 http cache @babel/plugin-transform-arrow-functions@https://registry.npmjs.org/@babel/plugin-transform-arrow-functions/-/plugin-transform-arrow-functions-7.27.1.tgz 0ms (cache hit)
4244 http cache @babel/plugin-transform-async-to-generator@https://registry.npmjs.org/@babel/plugin-transform-async-to-generator/-/plugin-transform-async-to-generator-7.28.6.tgz 0ms (cache hit)
4245 http cache @babel/plugin-transform-react-display-name@https://registry.npmjs.org/@babel/plugin-transform-react-display-name/-/plugin-transform-react-display-name-7.28.0.tgz 0ms (cache hit)
4246 http cache @babel/plugin-transform-react-pure-annotations@https://registry.npmjs.org/@babel/plugin-transform-react-pure-annotations/-/plugin-transform-react-pure-annotations-7.27.1.tgz 0ms (cache hit)
4247 http cache babel-plugin-polyfill-corejs3@https://registry.npmjs.org/babel-plugin-polyfill-corejs3/-/babel-plugin-polyfill-corejs3-0.13.0.tgz 0ms (cache hit)
4248 http cache @babel/plugin-syntax-flow@https://registry.npmjs.org/@babel/plugin-syntax-flow/-/plugin-syntax-flow-7.28.6.tgz 0ms (cache hit)
4249 http cache babel-plugin-polyfill-corejs2@https://registry.npmjs.org/babel-plugin-polyfill-corejs2/-/babel-plugin-polyfill-corejs2-0.4.17.tgz 0ms (cache hit)
4250 http cache babel-plugin-polyfill-regenerator@https://registry.npmjs.org/babel-plugin-polyfill-regenerator/-/babel-plugin-polyfill-regenerator-0.6.8.tgz 0ms (cache hit)
4251 http cache @babel/helper-optimise-call-expression@https://registry.npmjs.org/@babel/helper-optimise-call-expression/-/helper-optimise-call-expression-7.27.1.tgz 0ms (cache hit)
4252 http cache @babel/helper-skip-transparent-expression-wrappers@https://registry.npmjs.org/@babel/helper-skip-transparent-expression-wrappers/-/helper-skip-transparent-expression-wrappers-7.27.1.tgz 0ms (cache hit)
4253 http cache @babel/plugin-transform-destructuring@https://registry.npmjs.org/@babel/plugin-transform-destructuring/-/plugin-transform-destructuring-7.28.5.tgz 0ms (cache hit)
4254 http cache @babel/helper-replace-supers@https://registry.npmjs.org/@babel/helper-replace-supers/-/helper-replace-supers-7.28.6.tgz 0ms (cache hit)
4255 http cache @babel/helper-annotate-as-pure@https://registry.npmjs.org/@babel/helper-annotate-as-pure/-/helper-annotate-as-pure-7.27.3.tgz 0ms (cache hit)
4256 http cache @babel/helper-member-expression-to-functions@https://registry.npmjs.org/@babel/helper-member-expression-to-functions/-/helper-member-expression-to-functions-7.28.5.tgz 0ms (cache hit)
4257 http cache babel-plugin-transform-flow-enums@https://registry.npmjs.org/babel-plugin-transform-flow-enums/-/babel-plugin-transform-flow-enums-0.0.2.tgz 0ms (cache hit)
4258 http cache @babel/helper-create-class-features-plugin@https://registry.npmjs.org/@babel/helper-create-class-features-plugin/-/helper-create-class-features-plugin-7.28.6.tgz 0ms (cache hit)
4259 http cache babel-plugin-syntax-hermes-parser@https://registry.npmjs.org/babel-plugin-syntax-hermes-parser/-/babel-plugin-syntax-hermes-parser-0.29.1.tgz 0ms (cache hit)
4260 http cache @babel/plugin-syntax-decorators@https://registry.npmjs.org/@babel/plugin-syntax-decorators/-/plugin-syntax-decorators-7.28.6.tgz 0ms (cache hit)
4261 http cache @babel/helper-plugin-utils@https://registry.npmjs.org/@babel/helper-plugin-utils/-/helper-plugin-utils-7.28.6.tgz 0ms (cache hit)
4262 http cache babel-plugin-react-native-web@https://registry.npmjs.org/babel-plugin-react-native-web/-/babel-plugin-react-native-web-0.21.2.tgz 0ms (cache hit)
4263 http cache @babel/preset-typescript@https://registry.npmjs.org/@babel/preset-typescript/-/preset-typescript-7.28.5.tgz 0ms (cache hit)
4264 http cache @babel/preset-react@https://registry.npmjs.org/@babel/preset-react/-/preset-react-7.28.5.tgz 0ms (cache hit)
4265 http cache babel-plugin-react-compiler@https://registry.npmjs.org/babel-plugin-react-compiler/-/babel-plugin-react-compiler-1.0.0.tgz 0ms (cache hit)
4266 http cache @react-native/babel-preset@https://registry.npmjs.org/@react-native/babel-preset/-/babel-preset-0.81.5.tgz 0ms (cache hit)
4267 http cache @babel/plugin-transform-runtime@https://registry.npmjs.org/@babel/plugin-transform-runtime/-/plugin-transform-runtime-7.29.0.tgz 0ms (cache hit)
4268 http cache @babel/plugin-transform-class-static-block@https://registry.npmjs.org/@babel/plugin-transform-class-static-block/-/plugin-transform-class-static-block-7.28.6.tgz 0ms (cache hit)
4269 http cache @babel/plugin-transform-private-methods@https://registry.npmjs.org/@babel/plugin-transform-private-methods/-/plugin-transform-private-methods-7.28.6.tgz 0ms (cache hit)
4270 http cache @babel/plugin-transform-private-property-in-object@https://registry.npmjs.org/@babel/plugin-transform-private-property-in-object/-/plugin-transform-private-property-in-object-7.28.6.tgz 0ms (cache hit)
4271 http cache @babel/plugin-transform-flow-strip-types@https://registry.npmjs.org/@babel/plugin-transform-flow-strip-types/-/plugin-transform-flow-strip-types-7.27.1.tgz 0ms (cache hit)
4272 http cache @babel/plugin-transform-object-rest-spread@https://registry.npmjs.org/@babel/plugin-transform-object-rest-spread/-/plugin-transform-object-rest-spread-7.28.6.tgz 0ms (cache hit)
4273 http cache @babel/plugin-transform-parameters@https://registry.npmjs.org/@babel/plugin-transform-parameters/-/plugin-transform-parameters-7.27.7.tgz 0ms (cache hit)
4274 http cache @babel/plugin-proposal-export-default-from@https://registry.npmjs.org/@babel/plugin-proposal-export-default-from/-/plugin-proposal-export-default-from-7.27.1.tgz 0ms (cache hit)
4275 http cache @babel/plugin-syntax-export-default-from@https://registry.npmjs.org/@babel/plugin-syntax-export-default-from/-/plugin-syntax-export-default-from-7.28.6.tgz 0ms (cache hit)
4276 http cache @babel/plugin-transform-export-namespace-from@https://registry.npmjs.org/@babel/plugin-transform-export-namespace-from/-/plugin-transform-export-namespace-from-7.27.1.tgz 0ms (cache hit)
4277 http cache @babel/plugin-transform-modules-commonjs@https://registry.npmjs.org/@babel/plugin-transform-modules-commonjs/-/plugin-transform-modules-commonjs-7.28.6.tgz 0ms (cache hit)
4278 http cache @jridgewell/resolve-uri@https://registry.npmjs.org/@jridgewell/resolve-uri/-/resolve-uri-3.1.2.tgz 0ms (cache hit)
4279 http cache xmlbuilder@https://registry.npmjs.org/xmlbuilder/-/xmlbuilder-15.1.1.tgz 0ms (cache hit)
4280 http cache @jridgewell/sourcemap-codec@https://registry.npmjs.org/@jridgewell/sourcemap-codec/-/sourcemap-codec-1.5.5.tgz 0ms (cache hit)
4281 http cache base64-js@https://registry.npmjs.org/base64-js/-/base64-js-1.5.1.tgz 0ms (cache hit)
4282 http cache cross-spawn@https://registry.npmjs.org/cross-spawn/-/cross-spawn-7.0.6.tgz 0ms (cache hit)
4283 http cache @babel/helper-string-parser@https://registry.npmjs.org/@babel/helper-string-parser/-/helper-string-parser-7.27.1.tgz 0ms (cache hit)
4284 http cache @babel/plugin-proposal-decorators@https://registry.npmjs.org/@babel/plugin-proposal-decorators/-/plugin-proposal-decorators-7.29.0.tgz 0ms (cache hit)
4285 http cache @babel/helper-globals@https://registry.npmjs.org/@babel/helper-globals/-/helper-globals-7.28.0.tgz 0ms (cache hit)
4286 http cache @babel/helper-validator-option@https://registry.npmjs.org/@babel/helper-validator-option/-/helper-validator-option-7.27.1.tgz 0ms (cache hit)
4287 http cache @babel/helper-module-imports@https://registry.npmjs.org/@babel/helper-module-imports/-/helper-module-imports-7.28.6.tgz 0ms (cache hit)
4288 http cache @xmldom/xmldom@https://registry.npmjs.org/@xmldom/xmldom/-/xmldom-0.8.13.tgz 0ms (cache hit)
4289 http cache @jridgewell/trace-mapping@https://registry.npmjs.org/@jridgewell/trace-mapping/-/trace-mapping-0.3.31.tgz 0ms (cache hit)
4290 http cache @babel/compat-data@https://registry.npmjs.org/@babel/compat-data/-/compat-data-7.29.0.tgz 0ms (cache hit)
4291 http cache jsesc@https://registry.npmjs.org/jsesc/-/jsesc-3.1.0.tgz 0ms (cache hit)
4292 http cache gensync@https://registry.npmjs.org/gensync/-/gensync-1.0.0-beta.2.tgz 0ms (cache hit)
4293 http cache convert-source-map@https://registry.npmjs.org/convert-source-map/-/convert-source-map-2.0.0.tgz 0ms (cache hit)
4294 http cache lru-cache@https://registry.npmjs.org/lru-cache/-/lru-cache-5.1.1.tgz 0ms (cache hit)
4295 http cache @jridgewell/remapping@https://registry.npmjs.org/@jridgewell/remapping/-/remapping-2.3.5.tgz 0ms (cache hit)
4296 http cache @jridgewell/gen-mapping@https://registry.npmjs.org/@jridgewell/gen-mapping/-/gen-mapping-0.3.13.tgz 0ms (cache hit)
4297 http cache @babel/types@https://registry.npmjs.org/@babel/types/-/types-7.29.0.tgz 0ms (cache hit)
4298 http cache @babel/traverse@https://registry.npmjs.org/@babel/traverse/-/traverse-7.29.0.tgz 0ms (cache hit)
4299 http cache @babel/parser@https://registry.npmjs.org/@babel/parser/-/parser-7.29.2.tgz 0ms (cache hit)
4300 http cache @babel/helper-module-transforms@https://registry.npmjs.org/@babel/helper-module-transforms/-/helper-module-transforms-7.28.6.tgz 0ms (cache hit)
4301 http cache @babel/template@https://registry.npmjs.org/@babel/template/-/template-7.28.6.tgz 0ms (cache hit)
4302 http cache @babel/helpers@https://registry.npmjs.org/@babel/helpers/-/helpers-7.29.2.tgz 0ms (cache hit)
4303 http cache hermes-parser@https://registry.npmjs.org/hermes-parser/-/hermes-parser-0.29.1.tgz 0ms (cache hit)
4304 http cache postcss@https://registry.npmjs.org/postcss/-/postcss-8.4.49.tgz 0ms (cache hit)
4305 http cache @babel/helper-compilation-targets@https://registry.npmjs.org/@babel/helper-compilation-targets/-/helper-compilation-targets-7.28.6.tgz 0ms (cache hit)
4306 http cache lightningcss@https://registry.npmjs.org/lightningcss/-/lightningcss-1.32.0.tgz 0ms (cache hit)
4307 http cache dotenv@https://registry.npmjs.org/dotenv/-/dotenv-16.4.7.tgz 0ms (cache hit)
4308 http cache dotenv-expand@https://registry.npmjs.org/dotenv-expand/-/dotenv-expand-11.0.7.tgz 0ms (cache hit)
4309 http cache @expo/env@https://registry.npmjs.org/@expo/env/-/env-2.0.11.tgz 0ms (cache hit)
4310 http cache metro-transform-plugins@https://registry.npmjs.org/metro-transform-plugins/-/metro-transform-plugins-0.83.3.tgz 0ms (cache hit)
4311 http cache browserslist@https://registry.npmjs.org/browserslist/-/browserslist-4.28.2.tgz 0ms (cache hit)
4312 http cache jsc-safe-url@https://registry.npmjs.org/jsc-safe-url/-/jsc-safe-url-0.2.4.tgz 0ms (cache hit)
4313 http cache @babel/generator@https://registry.npmjs.org/@babel/generator/-/generator-7.29.1.tgz 0ms (cache hit)
4314 http cache metro-transform-worker@https://registry.npmjs.org/metro-transform-worker/-/metro-transform-worker-0.83.3.tgz 0ms (cache hit)
4315 http cache metro-symbolicate@https://registry.npmjs.org/metro-symbolicate/-/metro-symbolicate-0.83.3.tgz 0ms (cache hit)
4316 http cache metro-file-map@https://registry.npmjs.org/metro-file-map/-/metro-file-map-0.83.3.tgz 0ms (cache hit)
4317 http cache @babel/core@https://registry.npmjs.org/@babel/core/-/core-7.29.0.tgz 0ms (cache hit)
4318 http cache metro-source-map@https://registry.npmjs.org/metro-source-map/-/metro-source-map-0.83.3.tgz 0ms (cache hit)
4319 http cache metro-core@https://registry.npmjs.org/metro-core/-/metro-core-0.83.3.tgz 0ms (cache hit)
4320 http cache metro-minify-terser@https://registry.npmjs.org/metro-minify-terser/-/metro-minify-terser-0.83.3.tgz 0ms (cache hit)
4321 http cache metro-cache-key@https://registry.npmjs.org/metro-cache-key/-/metro-cache-key-0.83.3.tgz 0ms (cache hit)
4322 http cache metro-resolver@https://registry.npmjs.org/metro-resolver/-/metro-resolver-0.83.3.tgz 0ms (cache hit)
4323 http cache metro@https://registry.npmjs.org/metro/-/metro-0.83.3.tgz 0ms (cache hit)
4324 http cache metro-runtime@https://registry.npmjs.org/metro-runtime/-/metro-runtime-0.83.3.tgz 0ms (cache hit)
4325 http cache metro-cache@https://registry.npmjs.org/metro-cache/-/metro-cache-0.83.3.tgz 0ms (cache hit)
4326 http cache json5@https://registry.npmjs.org/json5/-/json5-2.2.3.tgz 0ms (cache hit)
4327 http cache minimatch@https://registry.npmjs.org/minimatch/-/minimatch-9.0.9.tgz 0ms (cache hit)
4328 http cache metro-babel-transformer@https://registry.npmjs.org/metro-babel-transformer/-/metro-babel-transformer-0.83.3.tgz 0ms (cache hit)
4329 http cache ignore@https://registry.npmjs.org/ignore/-/ignore-5.3.2.tgz 0ms (cache hit)
4330 http cache arg@https://registry.npmjs.org/arg/-/arg-5.0.2.tgz 0ms (cache hit)
4331 http cache xcode@https://registry.npmjs.org/xcode/-/xcode-3.0.1.tgz 0ms (cache hit)
4332 http cache metro-config@https://registry.npmjs.org/metro-config/-/metro-config-0.83.3.tgz 0ms (cache hit)
4333 http cache p-limit@https://registry.npmjs.org/p-limit/-/p-limit-3.1.0.tgz 0ms (cache hit)
4334 http cache @expo/sdk-runtime-versions@https://registry.npmjs.org/@expo/sdk-runtime-versions/-/sdk-runtime-versions-1.0.0.tgz 0ms (cache hit)
4335 http cache @expo/spawn-async@https://registry.npmjs.org/@expo/spawn-async/-/spawn-async-1.7.2.tgz 0ms (cache hit)
4336 http cache chalk@https://registry.npmjs.org/chalk/-/chalk-2.4.2.tgz 0ms (cache hit)
4337 http cache slash@https://registry.npmjs.org/slash/-/slash-3.0.0.tgz 0ms (cache hit)
4338 http cache @expo/plist@https://registry.npmjs.org/@expo/plist/-/plist-0.4.8.tgz 0ms (cache hit)
4339 http cache picocolors@https://registry.npmjs.org/picocolors/-/picocolors-1.1.1.tgz 0ms (cache hit)
4340 http cache xml2js@https://registry.npmjs.org/xml2js/-/xml2js-0.6.0.tgz 0ms (cache hit)
4341 http cache @babel/highlight@https://registry.npmjs.org/@babel/highlight/-/highlight-7.25.9.tgz 0ms (cache hit)
4342 http cache debug@https://registry.npmjs.org/debug/-/debug-4.4.3.tgz 0ms (cache hit)
4343 http cache @babel/helper-validator-identifier@https://registry.npmjs.org/@babel/helper-validator-identifier/-/helper-validator-identifier-7.28.5.tgz 0ms (cache hit)
4344 http cache sucrase@https://registry.npmjs.org/sucrase/-/sucrase-3.35.1.tgz 0ms (cache hit)
4345 http cache slugify@https://registry.npmjs.org/slugify/-/slugify-1.6.9.tgz 0ms (cache hit)
4346 http cache js-tokens@https://registry.npmjs.org/js-tokens/-/js-tokens-4.0.0.tgz 0ms (cache hit)
4347 http cache glob@https://registry.npmjs.org/glob/-/glob-13.0.6.tgz 0ms (cache hit)
4348 http cache semver@https://registry.npmjs.org/semver/-/semver-7.7.4.tgz 0ms (cache hit)
4349 http cache resolve-from@https://registry.npmjs.org/resolve-from/-/resolve-from-5.0.0.tgz 0ms (cache hit)
4350 http cache resolve-workspace-root@https://registry.npmjs.org/resolve-workspace-root/-/resolve-workspace-root-2.0.1.tgz 0ms (cache hit)
4351 http cache require-from-string@https://registry.npmjs.org/require-from-string/-/require-from-string-2.0.2.tgz 0ms (cache hit)
4352 http cache @expo/config-types@https://registry.npmjs.org/@expo/config-types/-/config-types-54.0.10.tgz 0ms (cache hit)
4353 http cache expo-modules-core@https://registry.npmjs.org/expo-modules-core/-/expo-modules-core-3.0.29.tgz 0ms (cache hit)
4354 http cache deepmerge@https://registry.npmjs.org/deepmerge/-/deepmerge-4.3.1.tgz 0ms (cache hit)
4355 http cache getenv@https://registry.npmjs.org/getenv/-/getenv-2.0.0.tgz 0ms (cache hit)
4356 http cache expo-keep-awake@https://registry.npmjs.org/expo-keep-awake/-/expo-keep-awake-15.0.8.tgz 0ms (cache hit)
4357 http cache @expo/json-file@https://registry.npmjs.org/@expo/json-file/-/json-file-10.0.13.tgz 0ms (cache hit)
4358 http cache expo-modules-autolinking@https://registry.npmjs.org/expo-modules-autolinking/-/expo-modules-autolinking-3.0.24.tgz 0ms (cache hit)
4359 http cache react-refresh@https://registry.npmjs.org/react-refresh/-/react-refresh-0.14.2.tgz 0ms (cache hit)
4360 http cache expo-constants@https://registry.npmjs.org/expo-constants/-/expo-constants-18.0.13.tgz 0ms (cache hit)
4361 http cache @babel/code-frame@https://registry.npmjs.org/@babel/code-frame/-/code-frame-7.10.4.tgz 0ms (cache hit)
4362 http cache babel-preset-expo@https://registry.npmjs.org/babel-preset-expo/-/babel-preset-expo-54.0.10.tgz 0ms (cache hit)
4363 http cache @expo/metro-config@https://registry.npmjs.org/@expo/metro-config/-/metro-config-54.0.14.tgz 0ms (cache hit)
4364 http cache expo-file-system@https://registry.npmjs.org/expo-file-system/-/expo-file-system-19.0.21.tgz 0ms (cache hit)
4365 http cache @expo/fingerprint@https://registry.npmjs.org/@expo/fingerprint/-/fingerprint-0.15.4.tgz 0ms (cache hit)
4366 http cache @expo/metro@https://registry.npmjs.org/@expo/metro/-/metro-54.2.0.tgz 0ms (cache hit)
4367 http cache expo-asset@https://registry.npmjs.org/expo-asset/-/expo-asset-12.0.12.tgz 0ms (cache hit)
4368 http cache @expo/config@https://registry.npmjs.org/@expo/config/-/config-12.0.13.tgz 0ms (cache hit)
4369 http cache @ungap/structured-clone@https://registry.npmjs.org/@ungap/structured-clone/-/structured-clone-1.3.0.tgz 0ms (cache hit)
4370 http cache @expo/config-plugins@https://registry.npmjs.org/@expo/config-plugins/-/config-plugins-54.0.4.tgz 0ms (cache hit)
4371 http cache simple-swizzle@https://registry.npmjs.org/simple-swizzle/-/simple-swizzle-0.2.4.tgz 0ms (cache hit)
4372 http cache color-convert@https://registry.npmjs.org/color-convert/-/color-convert-2.0.1.tgz 0ms (cache hit)
4373 http cache whatwg-url-without-unicode@https://registry.npmjs.org/whatwg-url-without-unicode/-/whatwg-url-without-unicode-8.0.0-3.tgz 0ms (cache hit)
4374 http cache @babel/runtime@https://registry.npmjs.org/@babel/runtime/-/runtime-7.29.2.tgz 0ms (cache hit)
4375 http cache color-name@https://registry.npmjs.org/color-name/-/color-name-1.1.4.tgz 0ms (cache hit)
4376 http cache form-data@https://registry.npmjs.org/form-data/-/form-data-4.0.5.tgz 0ms (cache hit)
4377 http cache proxy-from-env@https://registry.npmjs.org/proxy-from-env/-/proxy-from-env-2.1.0.tgz 0ms (cache hit)
4378 http cache color-string@https://registry.npmjs.org/color-string/-/color-string-1.9.1.tgz 0ms (cache hit)
4379 http cache react-is@https://registry.npmjs.org/react-is/-/react-is-19.2.5.tgz 0ms (cache hit)
4380 http cache follow-redirects@https://registry.npmjs.org/follow-redirects/-/follow-redirects-1.16.0.tgz 0ms (cache hit)
4381 http cache @expo/devtools@https://registry.npmjs.org/@expo/devtools/-/devtools-0.1.8.tgz 0ms (cache hit)
4382 http cache nanoid@https://registry.npmjs.org/nanoid/-/nanoid-3.3.11.tgz 0ms (cache hit)
4383 http cache fast-deep-equal@https://registry.npmjs.org/fast-deep-equal/-/fast-deep-equal-3.1.3.tgz 0ms (cache hit)
4384 http cache @react-navigation/core@https://registry.npmjs.org/@react-navigation/core/-/core-7.17.2.tgz 0ms (cache hit)
4385 http cache escape-string-regexp@https://registry.npmjs.org/escape-string-regexp/-/escape-string-regexp-4.0.0.tgz 0ms (cache hit)
4386 http cache @react-navigation/routers@https://registry.npmjs.org/@react-navigation/routers/-/routers-7.5.3.tgz 0ms (cache hit)
4387 http cache use-sync-external-store@https://registry.npmjs.org/use-sync-external-store/-/use-sync-external-store-1.6.0.tgz 0ms (cache hit)
4388 http cache use-latest-callback@https://registry.npmjs.org/use-latest-callback/-/use-latest-callback-0.2.6.tgz 0ms (cache hit)
4389 http cache query-string@https://registry.npmjs.org/query-string/-/query-string-7.1.3.tgz 0ms (cache hit)
4390 http cache @react-navigation/elements@https://registry.npmjs.org/@react-navigation/elements/-/elements-2.9.15.tgz 0ms (cache hit)
4391 http cache stacktrace-parser@https://registry.npmjs.org/stacktrace-parser/-/stacktrace-parser-0.1.11.tgz 0ms (cache hit)
4392 http cache sf-symbols-typescript@https://registry.npmjs.org/sf-symbols-typescript/-/sf-symbols-typescript-2.2.0.tgz 0ms (cache hit)
4393 http cache whatwg-fetch@https://registry.npmjs.org/whatwg-fetch/-/whatwg-fetch-3.6.20.tgz 0ms (cache hit)
4394 http cache merge-options@https://registry.npmjs.org/merge-options/-/merge-options-3.0.4.tgz 0ms (cache hit)
4395 http cache color@https://registry.npmjs.org/color/-/color-4.2.3.tgz 0ms (cache hit)
4396 http cache pretty-format@https://registry.npmjs.org/pretty-format/-/pretty-format-29.7.0.tgz 0ms (cache hit)
4397 http cache anser@https://registry.npmjs.org/anser/-/anser-1.4.10.tgz 0ms (cache hit)
4398 http cache react-native-vector-icons@https://registry.npmjs.org/react-native-vector-icons/-/react-native-vector-icons-10.3.0.tgz 0ms (cache hit)
4399 http cache libphonenumber-js@https://registry.npmjs.org/libphonenumber-js/-/libphonenumber-js-1.12.42.tgz 0ms (cache hit)
4400 http cache react-dom@https://registry.npmjs.org/react-dom/-/react-dom-19.1.0.tgz 0ms (cache hit)
4401 http cache expo-status-bar@https://registry.npmjs.org/expo-status-bar/-/expo-status-bar-3.0.9.tgz 0ms (cache hit)
4402 http cache expo-maps@https://registry.npmjs.org/expo-maps/-/expo-maps-0.12.10.tgz 0ms (cache hit)
4403 http cache expo-image-picker@https://registry.npmjs.org/expo-image-picker/-/expo-image-picker-17.0.10.tgz 0ms (cache hit)
4404 http cache country-state-city@https://registry.npmjs.org/country-state-city/-/country-state-city-3.2.1.tgz 0ms (cache hit)
4405 http cache react-native-maps@https://registry.npmjs.org/react-native-maps/-/react-native-maps-1.20.1.tgz 0ms (cache hit)
4406 http cache expo-location@https://registry.npmjs.org/expo-location/-/expo-location-19.0.8.tgz 0ms (cache hit)
4407 http cache axios@https://registry.npmjs.org/axios/-/axios-1.15.2.tgz 0ms (cache hit)
4408 http cache react-native-safe-area-context@https://registry.npmjs.org/react-native-safe-area-context/-/react-native-safe-area-context-5.7.0.tgz 0ms (cache hit)
4409 http cache react-native-web@https://registry.npmjs.org/react-native-web/-/react-native-web-0.21.2.tgz 0ms (cache hit)
4410 http cache react-native-gesture-handler@https://registry.npmjs.org/react-native-gesture-handler/-/react-native-gesture-handler-2.31.1.tgz 0ms (cache hit)
4411 http cache @react-navigation/stack@https://registry.npmjs.org/@react-navigation/stack/-/stack-7.8.11.tgz 0ms (cache hit)
4412 http cache @stripe/stripe-react-native@https://registry.npmjs.org/@stripe/stripe-react-native/-/stripe-react-native-0.63.0.tgz 0ms (cache hit)
4413 http cache @react-navigation/bottom-tabs@https://registry.npmjs.org/@react-navigation/bottom-tabs/-/bottom-tabs-7.15.10.tgz 0ms (cache hit)
4414 http cache react-native-screens@https://registry.npmjs.org/react-native-screens/-/react-native-screens-4.16.0.tgz 0ms (cache hit)
4415 http cache @react-navigation/native@https://registry.npmjs.org/@react-navigation/native/-/native-7.2.2.tgz 0ms (cache hit)
4416 http cache @react-native-google-signin/google-signin@https://registry.npmjs.org/@react-native-google-signin/google-signin/-/google-signin-16.1.2.tgz 0ms (cache hit)
4417 http cache @react-native-async-storage/async-storage@https://registry.npmjs.org/@react-native-async-storage/async-storage/-/async-storage-2.2.0.tgz 0ms (cache hit)
4418 http cache react@https://registry.npmjs.org/react/-/react-19.1.0.tgz 0ms (cache hit)
4419 http cache expo-font@https://registry.npmjs.org/expo-font/-/expo-font-55.0.6.tgz 0ms (cache hit)
4420 http cache @expo/vector-icons@https://registry.npmjs.org/@expo/vector-icons/-/vector-icons-15.1.1.tgz 0ms (cache hit)
4421 http cache react-native@https://registry.npmjs.org/react-native/-/react-native-0.81.5.tgz 0ms (cache hit)
4422 http cache supports-color@https://registry.npmjs.org/supports-color/-/supports-color-7.2.0.tgz 0ms (cache hit)
4423 http cache @expo/metro-runtime@https://registry.npmjs.org/@expo/metro-runtime/-/metro-runtime-6.1.2.tgz 0ms (cache hit)
4424 http cache type-fest@https://registry.npmjs.org/type-fest/-/type-fest-0.21.3.tgz 0ms (cache hit)
4425 http cache lru-cache@https://registry.npmjs.org/lru-cache/-/lru-cache-10.4.3.tgz 0ms (cache hit)
4426 http cache expo@https://registry.npmjs.org/expo/-/expo-54.0.33.tgz 0ms (cache hit)
4427 http cache has-flag@https://registry.npmjs.org/has-flag/-/has-flag-4.0.0.tgz 0ms (cache hit)
4428 http cache resolve@https://registry.npmjs.org/resolve/-/resolve-1.7.1.tgz 0ms (cache hit)
4429 http cache ms@https://registry.npmjs.org/ms/-/ms-2.0.0.tgz 0ms (cache hit)
4430 http cache open@https://registry.npmjs.org/open/-/open-8.4.2.tgz 0ms (cache hit)
4431 http cache yallist@https://registry.npmjs.org/yallist/-/yallist-5.0.0.tgz 0ms (cache hit)
4432 http cache ansi-regex@https://registry.npmjs.org/ansi-regex/-/ansi-regex-4.1.1.tgz 0ms (cache hit)
4433 http cache supports-color@https://registry.npmjs.org/supports-color/-/supports-color-7.2.0.tgz 0ms (cache hit)
4434 http cache debug@https://registry.npmjs.org/debug/-/debug-2.6.9.tgz 0ms (cache hit)
4435 http cache has-flag@https://registry.npmjs.org/has-flag/-/has-flag-4.0.0.tgz 0ms (cache hit)
4436 http cache negotiator@https://registry.npmjs.org/negotiator/-/negotiator-0.6.4.tgz 0ms (cache hit)
4437 http cache argparse@https://registry.npmjs.org/argparse/-/argparse-2.0.1.tgz 0ms (cache hit)
4438 http cache ansi-styles@https://registry.npmjs.org/ansi-styles/-/ansi-styles-4.3.0.tgz 0ms (cache hit)
4439 http cache strip-ansi@https://registry.npmjs.org/strip-ansi/-/strip-ansi-5.2.0.tgz 0ms (cache hit)
4440 http cache has-flag@https://registry.npmjs.org/has-flag/-/has-flag-4.0.0.tgz 0ms (cache hit)
4441 http cache @babel/code-frame@https://registry.npmjs.org/@babel/code-frame/-/code-frame-7.29.0.tgz 0ms (cache hit)
4442 http cache ansi-styles@https://registry.npmjs.org/ansi-styles/-/ansi-styles-4.3.0.tgz 0ms (cache hit)
4443 http cache supports-color@https://registry.npmjs.org/supports-color/-/supports-color-7.2.0.tgz 0ms (cache hit)
4444 http cache chalk@https://registry.npmjs.org/chalk/-/chalk-4.1.2.tgz 0ms (cache hit)
4445 http cache js-yaml@https://registry.npmjs.org/js-yaml/-/js-yaml-4.1.1.tgz 0ms (cache hit)
4446 http cache debug@https://registry.npmjs.org/debug/-/debug-3.2.7.tgz 0ms (cache hit)
4447 http cache ansi-styles@https://registry.npmjs.org/ansi-styles/-/ansi-styles-4.3.0.tgz 0ms (cache hit)
4448 http cache picomatch@https://registry.npmjs.org/picomatch/-/picomatch-4.0.4.tgz 0ms (cache hit)
4449 http cache chalk@https://registry.npmjs.org/chalk/-/chalk-4.1.2.tgz 0ms (cache hit)
4450 http cache fdir@https://registry.npmjs.org/fdir/-/fdir-6.5.0.tgz 0ms (cache hit)
4451 http cache source-map@https://registry.npmjs.org/source-map/-/source-map-0.6.1.tgz 0ms (cache hit)
4452 http cache encodeurl@https://registry.npmjs.org/encodeurl/-/encodeurl-2.0.0.tgz 0ms (cache hit)
4453 http cache statuses@https://registry.npmjs.org/statuses/-/statuses-2.0.2.tgz 0ms (cache hit)
4454 http cache statuses@https://registry.npmjs.org/statuses/-/statuses-2.0.2.tgz 0ms (cache hit)
4455 http cache react-is@https://registry.npmjs.org/react-is/-/react-is-16.13.1.tgz 0ms (cache hit)
4456 http cache debug@https://registry.npmjs.org/debug/-/debug-2.6.9.tgz 0ms (cache hit)
4457 http cache react-is@https://registry.npmjs.org/react-is/-/react-is-16.13.1.tgz 0ms (cache hit)
4458 http cache on-finished@https://registry.npmjs.org/on-finished/-/on-finished-2.4.1.tgz 0ms (cache hit)
4459 http cache promise@https://registry.npmjs.org/promise/-/promise-7.3.1.tgz 0ms (cache hit)
4460 http cache escape-string-regexp@https://registry.npmjs.org/escape-string-regexp/-/escape-string-regexp-2.0.0.tgz 0ms (cache hit)
4461 http cache ms@https://registry.npmjs.org/ms/-/ms-2.0.0.tgz 0ms (cache hit)
4462 http cache ms@https://registry.npmjs.org/ms/-/ms-2.0.0.tgz 0ms (cache hit)
4463 http cache has-flag@https://registry.npmjs.org/has-flag/-/has-flag-4.0.0.tgz 0ms (cache hit)
4464 http cache supports-color@https://registry.npmjs.org/supports-color/-/supports-color-7.2.0.tgz 0ms (cache hit)
4465 http cache brace-expansion@https://registry.npmjs.org/brace-expansion/-/brace-expansion-1.1.14.tgz 0ms (cache hit)
4466 http cache p-limit@https://registry.npmjs.org/p-limit/-/p-limit-2.3.0.tgz 0ms (cache hit)
4467 http cache @babel/code-frame@https://registry.npmjs.org/@babel/code-frame/-/code-frame-7.29.0.tgz 0ms (cache hit)
4468 http cache ansi-styles@https://registry.npmjs.org/ansi-styles/-/ansi-styles-4.3.0.tgz 0ms (cache hit)
4469 http cache minimatch@https://registry.npmjs.org/minimatch/-/minimatch-3.1.5.tgz 0ms (cache hit)
4470 http cache chalk@https://registry.npmjs.org/chalk/-/chalk-4.1.2.tgz 0ms (cache hit)
4471 http cache glob@https://registry.npmjs.org/glob/-/glob-7.2.3.tgz 0ms (cache hit)
4472 http cache minimatch@https://registry.npmjs.org/minimatch/-/minimatch-3.1.5.tgz 0ms (cache hit)
4473 http cache glob@https://registry.npmjs.org/glob/-/glob-7.2.3.tgz 0ms (cache hit)
4474 http cache brace-expansion@https://registry.npmjs.org/brace-expansion/-/brace-expansion-1.1.14.tgz 0ms (cache hit)
4475 http cache ansi-styles@https://registry.npmjs.org/ansi-styles/-/ansi-styles-4.3.0.tgz 0ms (cache hit)
4476 http cache semver@https://registry.npmjs.org/semver/-/semver-6.3.1.tgz 0ms (cache hit)
4477 http cache supports-color@https://registry.npmjs.org/supports-color/-/supports-color-7.2.0.tgz 0ms (cache hit)
4478 http cache has-flag@https://registry.npmjs.org/has-flag/-/has-flag-4.0.0.tgz 0ms (cache hit)
4479 http cache encodeurl@https://registry.npmjs.org/encodeurl/-/encodeurl-2.0.0.tgz 0ms (cache hit)
4480 http cache chalk@https://registry.npmjs.org/chalk/-/chalk-4.1.2.tgz 0ms (cache hit)
4481 http cache ws@https://registry.npmjs.org/ws/-/ws-6.2.3.tgz 0ms (cache hit)
4482 http cache supports-color@https://registry.npmjs.org/supports-color/-/supports-color-7.2.0.tgz 0ms (cache hit)
4483 http cache chalk@https://registry.npmjs.org/chalk/-/chalk-4.1.2.tgz 0ms (cache hit)
4484 http cache has-flag@https://registry.npmjs.org/has-flag/-/has-flag-4.0.0.tgz 0ms (cache hit)
4485 http cache debug@https://registry.npmjs.org/debug/-/debug-2.6.9.tgz 0ms (cache hit)
4486 http cache ansi-styles@https://registry.npmjs.org/ansi-styles/-/ansi-styles-4.3.0.tgz 0ms (cache hit)
4487 http cache @babel/code-frame@https://registry.npmjs.org/@babel/code-frame/-/code-frame-7.29.0.tgz 0ms (cache hit)
4488 http cache has-flag@https://registry.npmjs.org/has-flag/-/has-flag-4.0.0.tgz 0ms (cache hit)
4489 http cache supports-color@https://registry.npmjs.org/supports-color/-/supports-color-7.2.0.tgz 0ms (cache hit)
4490 http cache camelcase@https://registry.npmjs.org/camelcase/-/camelcase-5.3.1.tgz 0ms (cache hit)
4491 http cache ansi-styles@https://registry.npmjs.org/ansi-styles/-/ansi-styles-4.3.0.tgz 0ms (cache hit)
4492 http cache supports-color@https://registry.npmjs.org/supports-color/-/supports-color-7.2.0.tgz 0ms (cache hit)
4493 http cache chalk@https://registry.npmjs.org/chalk/-/chalk-4.1.2.tgz 1ms (cache hit)
4494 http cache has-flag@https://registry.npmjs.org/has-flag/-/has-flag-4.0.0.tgz 0ms (cache hit)
4495 http cache has-flag@https://registry.npmjs.org/has-flag/-/has-flag-4.0.0.tgz 0ms (cache hit)
4496 http cache ansi-styles@https://registry.npmjs.org/ansi-styles/-/ansi-styles-4.3.0.tgz 0ms (cache hit)
4497 http cache commander@https://registry.npmjs.org/commander/-/commander-2.20.3.tgz 0ms (cache hit)
4498 http cache has-flag@https://registry.npmjs.org/has-flag/-/has-flag-4.0.0.tgz 0ms (cache hit)
4499 http cache chalk@https://registry.npmjs.org/chalk/-/chalk-4.1.2.tgz 0ms (cache hit)
4500 http cache ci-info@https://registry.npmjs.org/ci-info/-/ci-info-3.9.0.tgz 0ms (cache hit)
4501 http cache chalk@https://registry.npmjs.org/chalk/-/chalk-4.1.2.tgz 0ms (cache hit)
4502 http cache supports-color@https://registry.npmjs.org/supports-color/-/supports-color-7.2.0.tgz 0ms (cache hit)
4503 http cache debug@https://registry.npmjs.org/debug/-/debug-2.6.9.tgz 0ms (cache hit)
4504 http cache ansi-styles@https://registry.npmjs.org/ansi-styles/-/ansi-styles-4.3.0.tgz 0ms (cache hit)
4505 http cache ms@https://registry.npmjs.org/ms/-/ms-2.0.0.tgz 0ms (cache hit)
4506 http cache ms@https://registry.npmjs.org/ms/-/ms-2.0.0.tgz 0ms (cache hit)
4507 http cache ansi-styles@https://registry.npmjs.org/ansi-styles/-/ansi-styles-4.3.0.tgz 0ms (cache hit)
4508 http cache chalk@https://registry.npmjs.org/chalk/-/chalk-4.1.2.tgz 0ms (cache hit)
4509 http cache lru-cache@https://registry.npmjs.org/lru-cache/-/lru-cache-11.3.5.tgz 0ms (cache hit)
4510 http cache @babel/code-frame@https://registry.npmjs.org/@babel/code-frame/-/code-frame-7.29.0.tgz 0ms (cache hit)
4511 http cache supports-color@https://registry.npmjs.org/supports-color/-/supports-color-8.1.1.tgz 0ms (cache hit)
4512 http cache has-flag@https://registry.npmjs.org/has-flag/-/has-flag-4.0.0.tgz 0ms (cache hit)
4513 http cache debug@https://registry.npmjs.org/debug/-/debug-2.6.9.tgz 0ms (cache hit)
4514 http cache supports-color@https://registry.npmjs.org/supports-color/-/supports-color-7.2.0.tgz 0ms (cache hit)
4515 http cache glob@https://registry.npmjs.org/glob/-/glob-7.2.3.tgz 0ms (cache hit)
4516 http cache semver@https://registry.npmjs.org/semver/-/semver-6.3.1.tgz 0ms (cache hit)
4517 http cache minimatch@https://registry.npmjs.org/minimatch/-/minimatch-3.1.5.tgz 0ms (cache hit)
4518 http cache semver@https://registry.npmjs.org/semver/-/semver-6.3.1.tgz 0ms (cache hit)
4519 http cache color-name@https://registry.npmjs.org/color-name/-/color-name-1.1.3.tgz 0ms (cache hit)
4520 http cache semver@https://registry.npmjs.org/semver/-/semver-6.3.1.tgz 0ms (cache hit)
4521 http cache semver@https://registry.npmjs.org/semver/-/semver-6.3.1.tgz 0ms (cache hit)
4522 http cache brace-expansion@https://registry.npmjs.org/brace-expansion/-/brace-expansion-1.1.14.tgz 0ms (cache hit)
4523 http cache color-convert@https://registry.npmjs.org/color-convert/-/color-convert-1.9.3.tgz 0ms (cache hit)
4524 http cache @babel/code-frame@https://registry.npmjs.org/@babel/code-frame/-/code-frame-7.29.0.tgz 0ms (cache hit)
4525 http cache @babel/code-frame@https://registry.npmjs.org/@babel/code-frame/-/code-frame-7.29.0.tgz 0ms (cache hit)
4526 http cache has-flag@https://registry.npmjs.org/has-flag/-/has-flag-4.0.0.tgz 0ms (cache hit)
4527 http cache @babel/code-frame@https://registry.npmjs.org/@babel/code-frame/-/code-frame-7.29.0.tgz 0ms (cache hit)
4528 http cache supports-color@https://registry.npmjs.org/supports-color/-/supports-color-7.2.0.tgz 0ms (cache hit)
4529 http cache semver@https://registry.npmjs.org/semver/-/semver-6.3.1.tgz 0ms (cache hit)
4530 http cache ansi-styles@https://registry.npmjs.org/ansi-styles/-/ansi-styles-4.3.0.tgz 0ms (cache hit)
4531 http cache has-flag@https://registry.npmjs.org/has-flag/-/has-flag-4.0.0.tgz 0ms (cache hit)
4532 http cache hermes-estree@https://registry.npmjs.org/hermes-estree/-/hermes-estree-0.32.0.tgz 0ms (cache hit)
4533 http cache supports-color@https://registry.npmjs.org/supports-color/-/supports-color-7.2.0.tgz 0ms (cache hit)
4534 http cache chalk@https://registry.npmjs.org/chalk/-/chalk-4.1.2.tgz 0ms (cache hit)
4535 http cache hermes-parser@https://registry.npmjs.org/hermes-parser/-/hermes-parser-0.32.0.tgz 0ms (cache hit)
4536 http cache commander@https://registry.npmjs.org/commander/-/commander-4.1.1.tgz 0ms (cache hit)
4537 http cache hermes-parser@https://registry.npmjs.org/hermes-parser/-/hermes-parser-0.32.0.tgz 0ms (cache hit)
4538 http cache semver@https://registry.npmjs.org/semver/-/semver-6.3.1.tgz 0ms (cache hit)
4539 http cache hermes-estree@https://registry.npmjs.org/hermes-estree/-/hermes-estree-0.32.0.tgz 0ms (cache hit)
4540 http cache chalk@https://registry.npmjs.org/chalk/-/chalk-4.1.2.tgz 0ms (cache hit)
4541 http cache ansi-styles@https://registry.npmjs.org/ansi-styles/-/ansi-styles-4.3.0.tgz 0ms (cache hit)
4542 http cache balanced-match@https://registry.npmjs.org/balanced-match/-/balanced-match-4.0.4.tgz 0ms (cache hit)
4543 http cache brace-expansion@https://registry.npmjs.org/brace-expansion/-/brace-expansion-5.0.5.tgz 0ms (cache hit)
4544 http cache escape-string-regexp@https://registry.npmjs.org/escape-string-regexp/-/escape-string-regexp-1.0.5.tgz 0ms (cache hit)
4545 http cache @babel/code-frame@https://registry.npmjs.org/@babel/code-frame/-/code-frame-7.29.0.tgz 0ms (cache hit)
4546 http cache @babel/code-frame@https://registry.npmjs.org/@babel/code-frame/-/code-frame-7.29.0.tgz 0ms (cache hit)
4547 http cache xmlbuilder@https://registry.npmjs.org/xmlbuilder/-/xmlbuilder-11.0.1.tgz 0ms (cache hit)
4548 http cache ansi-styles@https://registry.npmjs.org/ansi-styles/-/ansi-styles-4.3.0.tgz 0ms (cache hit)
4549 http cache chalk@https://registry.npmjs.org/chalk/-/chalk-4.1.2.tgz 0ms (cache hit)
4550 http cache has-flag@https://registry.npmjs.org/has-flag/-/has-flag-4.0.0.tgz 0ms (cache hit)
4551 http cache minimatch@https://registry.npmjs.org/minimatch/-/minimatch-10.2.5.tgz 0ms (cache hit)
4552 http cache supports-color@https://registry.npmjs.org/supports-color/-/supports-color-7.2.0.tgz 0ms (cache hit)
4553 http cache has-flag@https://registry.npmjs.org/has-flag/-/has-flag-4.0.0.tgz 0ms (cache hit)
4554 http cache supports-color@https://registry.npmjs.org/supports-color/-/supports-color-7.2.0.tgz 0ms (cache hit)
4555 http cache chalk@https://registry.npmjs.org/chalk/-/chalk-4.1.2.tgz 0ms (cache hit)
4556 http cache webidl-conversions@https://registry.npmjs.org/webidl-conversions/-/webidl-conversions-5.0.0.tgz 0ms (cache hit)
4557 http cache ansi-styles@https://registry.npmjs.org/ansi-styles/-/ansi-styles-4.3.0.tgz 0ms (cache hit)
4558 http cache @babel/code-frame@https://registry.npmjs.org/@babel/code-frame/-/code-frame-7.29.0.tgz 0ms (cache hit)
4559 http cache supports-color@https://registry.npmjs.org/supports-color/-/supports-color-7.2.0.tgz 0ms (cache hit)
4560 http cache has-flag@https://registry.npmjs.org/has-flag/-/has-flag-4.0.0.tgz 0ms (cache hit)
4561 http cache supports-color@https://registry.npmjs.org/supports-color/-/supports-color-7.2.0.tgz 0ms (cache hit)
4562 http cache ansi-styles@https://registry.npmjs.org/ansi-styles/-/ansi-styles-4.3.0.tgz 0ms (cache hit)
4563 http cache ansi-styles@https://registry.npmjs.org/ansi-styles/-/ansi-styles-4.3.0.tgz 0ms (cache hit)
4564 http cache chalk@https://registry.npmjs.org/chalk/-/chalk-4.1.2.tgz 0ms (cache hit)
4565 http cache has-flag@https://registry.npmjs.org/has-flag/-/has-flag-4.0.0.tgz 0ms (cache hit)
4566 http cache supports-color@https://registry.npmjs.org/supports-color/-/supports-color-7.2.0.tgz 0ms (cache hit)
4567 http cache chalk@https://registry.npmjs.org/chalk/-/chalk-4.1.2.tgz 0ms (cache hit)
4568 http cache has-flag@https://registry.npmjs.org/has-flag/-/has-flag-4.0.0.tgz 0ms (cache hit)
4569 http cache ansi-styles@https://registry.npmjs.org/ansi-styles/-/ansi-styles-4.3.0.tgz 0ms (cache hit)
4570 http cache @react-native/normalize-colors@https://registry.npmjs.org/@react-native/normalize-colors/-/normalize-colors-0.74.89.tgz 0ms (cache hit)
4571 http cache brace-expansion@https://registry.npmjs.org/brace-expansion/-/brace-expansion-1.1.14.tgz 0ms (cache hit)
4572 http cache cliui@https://registry.npmjs.org/cliui/-/cliui-7.0.4.tgz 0ms (cache hit)
4573 http cache react-is@https://registry.npmjs.org/react-is/-/react-is-18.3.1.tgz 0ms (cache hit)
4574 http cache memoize-one@https://registry.npmjs.org/memoize-one/-/memoize-one-6.0.0.tgz 0ms (cache hit)
4575 http cache yargs@https://registry.npmjs.org/yargs/-/yargs-16.2.0.tgz 0ms (cache hit)
4576 http cache minimatch@https://registry.npmjs.org/minimatch/-/minimatch-3.1.5.tgz 0ms (cache hit)
4577 http cache yargs-parser@https://registry.npmjs.org/yargs-parser/-/yargs-parser-20.2.9.tgz 0ms (cache hit)
4578 http cache ws@https://registry.npmjs.org/ws/-/ws-6.2.3.tgz 0ms (cache hit)
4579 http cache ansi-styles@https://registry.npmjs.org/ansi-styles/-/ansi-styles-5.2.0.tgz 0ms (cache hit)
4580 http cache commander@https://registry.npmjs.org/commander/-/commander-12.1.0.tgz 0ms (cache hit)
4581 http cache chalk@https://registry.npmjs.org/chalk/-/chalk-4.1.2.tgz 0ms (cache hit)
4582 http cache glob@https://registry.npmjs.org/glob/-/glob-7.2.3.tgz 0ms (cache hit)
4583 http cache supports-color@https://registry.npmjs.org/supports-color/-/supports-color-7.2.0.tgz 0ms (cache hit)
4584 http cache has-flag@https://registry.npmjs.org/has-flag/-/has-flag-4.0.0.tgz 0ms (cache hit)
4585 http cache ws@https://registry.npmjs.org/ws/-/ws-8.20.0.tgz 0ms (cache hit)
4586 http cache picomatch@https://registry.npmjs.org/picomatch/-/picomatch-3.0.2.tgz 0ms (cache hit)
4587 http cache ansi-styles@https://registry.npmjs.org/ansi-styles/-/ansi-styles-4.3.0.tgz 0ms (cache hit)
4588 http cache chalk@https://registry.npmjs.org/chalk/-/chalk-4.1.2.tgz 0ms (cache hit)
4589 http cache @react-native/virtualized-lists@https://registry.npmjs.org/@react-native/virtualized-lists/-/virtualized-lists-0.81.5.tgz 0ms (cache hit)
4590 http cache ci-info@https://registry.npmjs.org/ci-info/-/ci-info-3.9.0.tgz 0ms (cache hit)
4591 silly tarball no local data for p-try@https://registry.npmjs.org/p-try/-/p-try-2.2.0.tgz. Extracting by manifest.
4592 silly tarball no local data for clone@https://registry.npmjs.org/clone/-/clone-1.0.4.tgz. Extracting by manifest.
4593 silly tarball no local data for define-lazy-prop@https://registry.npmjs.org/define-lazy-prop/-/define-lazy-prop-2.0.0.tgz. Extracting by manifest.
4594 silly tarball no local data for supports-hyperlinks@https://registry.npmjs.org/supports-hyperlinks/-/supports-hyperlinks-2.3.0.tgz. Extracting by manifest.
4595 silly tarball no local data for ansi-escapes@https://registry.npmjs.org/ansi-escapes/-/ansi-escapes-4.3.2.tgz. Extracting by manifest.
4596 silly tarball no local data for defaults@https://registry.npmjs.org/defaults/-/defaults-1.0.4.tgz. Extracting by manifest.
4597 http cache @expo/cli@https://registry.npmjs.org/@expo/cli/-/cli-54.0.23.tgz 0ms (cache hit)
4598 silly tarball no local data for onetime@https://registry.npmjs.org/onetime/-/onetime-2.0.1.tgz. Extracting by manifest.
4599 silly tarball no local data for chownr@https://registry.npmjs.org/chownr/-/chownr-3.0.0.tgz. Extracting by manifest.
4600 silly tarball no local data for mimic-fn@https://registry.npmjs.org/mimic-fn/-/mimic-fn-1.2.0.tgz. Extracting by manifest.
4601 silly tarball no local data for ini@https://registry.npmjs.org/ini/-/ini-1.3.8.tgz. Extracting by manifest.
4602 silly tarball no local data for @isaacs/fs-minipass@https://registry.npmjs.org/@isaacs/fs-minipass/-/fs-minipass-4.0.1.tgz. Extracting by manifest.
4603 silly tarball no local data for minizlib@https://registry.npmjs.org/minizlib/-/minizlib-3.1.0.tgz. Extracting by manifest.
4604 silly tarball no local data for rc@https://registry.npmjs.org/rc/-/rc-1.2.8.tgz. Extracting by manifest.
4605 silly tarball no local data for strip-json-comments@https://registry.npmjs.org/strip-json-comments/-/strip-json-comments-2.0.1.tgz. Extracting by manifest.
4606 silly tarball no local data for deep-extend@https://registry.npmjs.org/deep-extend/-/deep-extend-0.6.0.tgz. Extracting by manifest.
4607 silly tarball no local data for kleur@https://registry.npmjs.org/kleur/-/kleur-3.0.3.tgz. Extracting by manifest.
4608 silly tarball no local data for sisteransi@https://registry.npmjs.org/sisteransi/-/sisteransi-1.0.5.tgz. Extracting by manifest.
4609 silly tarball no local data for cli-spinners@https://registry.npmjs.org/cli-spinners/-/cli-spinners-2.9.2.tgz. Extracting by manifest.
4610 silly tarball no local data for log-symbols@https://registry.npmjs.org/log-symbols/-/log-symbols-2.2.0.tgz. Extracting by manifest.
4611 silly tarball no local data for cli-cursor@https://registry.npmjs.org/cli-cursor/-/cli-cursor-2.1.0.tgz. Extracting by manifest.
4612 silly tarball no local data for wcwidth@https://registry.npmjs.org/wcwidth/-/wcwidth-1.0.1.tgz. Extracting by manifest.
4613 silly tarball no local data for nested-error-stacks@https://registry.npmjs.org/nested-error-stacks/-/nested-error-stacks-2.0.1.tgz. Extracting by manifest.
4614 silly tarball no local data for proc-log@https://registry.npmjs.org/proc-log/-/proc-log-4.2.0.tgz. Extracting by manifest.
4615 silly tarball no local data for restore-cursor@https://registry.npmjs.org/restore-cursor/-/restore-cursor-2.0.0.tgz. Extracting by manifest.
4616 silly tarball no local data for hosted-git-info@https://registry.npmjs.org/hosted-git-info/-/hosted-git-info-7.0.2.tgz. Extracting by manifest.
4617 silly tarball no local data for compressible@https://registry.npmjs.org/compressible/-/compressible-2.0.18.tgz. Extracting by manifest.
4618 silly tarball no local data for on-headers@https://registry.npmjs.org/on-headers/-/on-headers-1.1.0.tgz. Extracting by manifest.
4619 silly tarball no local data for undici@https://registry.npmjs.org/undici/-/undici-6.25.0.tgz. Extracting by manifest.
4620 silly tarball no local data for @expo/sudo-prompt@https://registry.npmjs.org/@expo/sudo-prompt/-/sudo-prompt-9.3.2.tgz. Extracting by manifest.
4621 silly tarball no local data for wonka@https://registry.npmjs.org/wonka/-/wonka-6.3.6.tgz. Extracting by manifest.
4622 silly tarball no local data for terminal-link@https://registry.npmjs.org/terminal-link/-/terminal-link-2.1.1.tgz. Extracting by manifest.
4623 silly tarball no local data for validate-npm-package-name@https://registry.npmjs.org/validate-npm-package-name/-/validate-npm-package-name-5.0.1.tgz. Extracting by manifest.
4624 http cache expo-font@https://registry.npmjs.org/expo-font/-/expo-font-14.0.11.tgz 0ms (cache hit)
4625 silly tarball no local data for tar@https://registry.npmjs.org/tar/-/tar-7.5.13.tgz. Extracting by manifest.
4626 silly tarball no local data for qrcode-terminal@https://registry.npmjs.org/qrcode-terminal/-/qrcode-terminal-0.11.0.tgz. Extracting by manifest.
4627 silly tarball no local data for resolve.exports@https://registry.npmjs.org/resolve.exports/-/resolve.exports-2.0.3.tgz. Extracting by manifest.
4628 silly tarball no local data for requireg@https://registry.npmjs.org/requireg/-/requireg-0.2.2.tgz. Extracting by manifest.
4629 silly tarball no local data for structured-headers@https://registry.npmjs.org/structured-headers/-/structured-headers-0.4.1.tgz. Extracting by manifest.
4630 silly tarball no local data for progress@https://registry.npmjs.org/progress/-/progress-2.0.3.tgz. Extracting by manifest.
4631 silly tarball no local data for npm-package-arg@https://registry.npmjs.org/npm-package-arg/-/npm-package-arg-11.0.3.tgz. Extracting by manifest.
4632 silly tarball no local data for pretty-bytes@https://registry.npmjs.org/pretty-bytes/-/pretty-bytes-5.6.0.tgz. Extracting by manifest.
4633 silly tarball no local data for expo-server@https://registry.npmjs.org/expo-server/-/expo-server-1.0.5.tgz. Extracting by manifest.
4634 silly tarball no local data for ora@https://registry.npmjs.org/ora/-/ora-3.4.0.tgz. Extracting by manifest.
4635 silly tarball no local data for compression@https://registry.npmjs.org/compression/-/compression-1.8.1.tgz. Extracting by manifest.
4636 silly tarball no local data for better-opn@https://registry.npmjs.org/better-opn/-/better-opn-3.0.2.tgz. Extracting by manifest.
4637 silly tarball no local data for env-editor@https://registry.npmjs.org/env-editor/-/env-editor-0.4.2.tgz. Extracting by manifest.
4638 silly tarball no local data for node-forge@https://registry.npmjs.org/node-forge/-/node-forge-1.4.0.tgz. Extracting by manifest.
4639 silly tarball no local data for freeport-async@https://registry.npmjs.org/freeport-async/-/freeport-async-2.0.0.tgz. Extracting by manifest.
4640 silly tarball no local data for @urql/exchange-retry@https://registry.npmjs.org/@urql/exchange-retry/-/exchange-retry-1.3.2.tgz. Extracting by manifest.
4641 silly tarball no local data for @urql/core@https://registry.npmjs.org/@urql/core/-/core-5.2.0.tgz. Extracting by manifest.
4642 silly tarball no local data for lan-network@https://registry.npmjs.org/lan-network/-/lan-network-0.1.7.tgz. Extracting by manifest.
4643 silly tarball no local data for @expo/schema-utils@https://registry.npmjs.org/@expo/schema-utils/-/schema-utils-0.1.8.tgz. Extracting by manifest.
4644 silly tarball no local data for @expo/ws-tunnel@https://registry.npmjs.org/@expo/ws-tunnel/-/ws-tunnel-1.0.6.tgz. Extracting by manifest.
4645 silly tarball no local data for prompts@https://registry.npmjs.org/prompts/-/prompts-2.4.2.tgz. Extracting by manifest.
4646 silly tarball no local data for @expo/prebuild-config@https://registry.npmjs.org/@expo/prebuild-config/-/prebuild-config-54.0.8.tgz. Extracting by manifest.
4647 silly tarball no local data for @expo/devcert@https://registry.npmjs.org/@expo/devcert/-/devcert-1.2.1.tgz. Extracting by manifest.
4648 silly tarball no local data for @expo/package-manager@https://registry.npmjs.org/@expo/package-manager/-/package-manager-1.10.4.tgz. Extracting by manifest.
4649 silly tarball no local data for @expo/code-signing-certificates@https://registry.npmjs.org/@expo/code-signing-certificates/-/code-signing-certificates-0.0.6.tgz. Extracting by manifest.
4650 silly tarball no local data for @expo/osascript@https://registry.npmjs.org/@expo/osascript/-/osascript-2.4.2.tgz. Extracting by manifest.
4651 silly tarball no local data for @0no-co/graphql.web@https://registry.npmjs.org/@0no-co/graphql.web/-/graphql.web-1.2.0.tgz. Extracting by manifest.
4652 silly tarball no local data for async-limiter@https://registry.npmjs.org/async-limiter/-/async-limiter-1.0.1.tgz. Extracting by manifest.
4653 silly tarball no local data for is-fullwidth-code-point@https://registry.npmjs.org/is-fullwidth-code-point/-/is-fullwidth-code-point-3.0.0.tgz. Extracting by manifest.
4654 silly tarball no local data for wrap-ansi@https://registry.npmjs.org/wrap-ansi/-/wrap-ansi-7.0.0.tgz. Extracting by manifest.
4655 silly tarball no local data for emoji-regex@https://registry.npmjs.org/emoji-regex/-/emoji-regex-8.0.0.tgz. Extracting by manifest.
4656 silly tarball no local data for @expo/xcpretty@https://registry.npmjs.org/@expo/xcpretty/-/xcpretty-4.4.3.tgz. Extracting by manifest.
4657 silly tarball no local data for y18n@https://registry.npmjs.org/y18n/-/y18n-5.0.8.tgz. Extracting by manifest.
4658 silly tarball no local data for yargs-parser@https://registry.npmjs.org/yargs-parser/-/yargs-parser-21.1.1.tgz. Extracting by manifest.
4659 silly tarball no local data for cliui@https://registry.npmjs.org/cliui/-/cliui-8.0.1.tgz. Extracting by manifest.
4660 silly tarball no local data for string-width@https://registry.npmjs.org/string-width/-/string-width-4.2.3.tgz. Extracting by manifest.
4661 silly tarball no local data for get-caller-file@https://registry.npmjs.org/get-caller-file/-/get-caller-file-2.0.5.tgz. Extracting by manifest.
4662 silly tarball no local data for stream-buffers@https://registry.npmjs.org/stream-buffers/-/stream-buffers-2.2.0.tgz. Extracting by manifest.
4663 silly tarball no local data for plist@https://registry.npmjs.org/plist/-/plist-3.1.0.tgz. Extracting by manifest.
4664 silly tarball no local data for big-integer@https://registry.npmjs.org/big-integer/-/big-integer-1.6.52.tgz. Extracting by manifest.
4665 silly tarball no local data for simple-plist@https://registry.npmjs.org/simple-plist/-/simple-plist-1.3.1.tgz. Extracting by manifest.
4666 silly tarball no local data for bplist-creator@https://registry.npmjs.org/bplist-creator/-/bplist-creator-0.1.0.tgz. Extracting by manifest.
4667 silly tarball no local data for sax@https://registry.npmjs.org/sax/-/sax-1.6.0.tgz. Extracting by manifest.
4668 silly tarball no local data for require-directory@https://registry.npmjs.org/require-directory/-/require-directory-2.1.1.tgz. Extracting by manifest.
4669 silly tarball no local data for uuid@https://registry.npmjs.org/uuid/-/uuid-7.0.3.tgz. Extracting by manifest.
4670 silly tarball no local data for signal-exit@https://registry.npmjs.org/signal-exit/-/signal-exit-3.0.7.tgz. Extracting by manifest.
4671 silly tarball no local data for ieee754@https://registry.npmjs.org/ieee754/-/ieee754-1.2.1.tgz. Extracting by manifest.
4672 silly tarball no local data for buffer@https://registry.npmjs.org/buffer/-/buffer-5.7.1.tgz. Extracting by manifest.
4673 silly tarball no local data for makeerror@https://registry.npmjs.org/makeerror/-/makeerror-1.0.12.tgz. Extracting by manifest.
4674 silly tarball no local data for bplist-parser@https://registry.npmjs.org/bplist-parser/-/bplist-parser-0.3.1.tgz. Extracting by manifest.
4675 silly tarball no local data for tmpl@https://registry.npmjs.org/tmpl/-/tmpl-1.0.5.tgz. Extracting by manifest.
4676 silly tarball no local data for unicode-canonical-property-names-ecmascript@https://registry.npmjs.org/unicode-canonical-property-names-ecmascript/-/unicode-canonical-property-names-ecmascript-2.0.1.tgz. Extracting by manifest.
4677 silly tarball no local data for thenify@https://registry.npmjs.org/thenify/-/thenify-3.3.1.tgz. Extracting by manifest.
4678 silly tarball no local data for source-map-support@https://registry.npmjs.org/source-map-support/-/source-map-support-0.5.21.tgz. Extracting by manifest.
4679 silly tarball no local data for unicode-property-aliases-ecmascript@https://registry.npmjs.org/unicode-property-aliases-ecmascript/-/unicode-property-aliases-ecmascript-2.2.0.tgz. Extracting by manifest.
4680 silly tarball no local data for escalade@https://registry.npmjs.org/escalade/-/escalade-3.2.0.tgz. Extracting by manifest.
4681 silly tarball no local data for has-flag@https://registry.npmjs.org/has-flag/-/has-flag-3.0.0.tgz. Extracting by manifest.
4682 silly tarball no local data for thenify-all@https://registry.npmjs.org/thenify-all/-/thenify-all-1.6.0.tgz. Extracting by manifest.
4683 silly tarball no local data for is-number@https://registry.npmjs.org/is-number/-/is-number-7.0.0.tgz. Extracting by manifest.
4684 silly tarball no local data for @jridgewell/source-map@https://registry.npmjs.org/@jridgewell/source-map/-/source-map-0.3.11.tgz. Extracting by manifest.
4685 silly tarball no local data for any-promise@https://registry.npmjs.org/any-promise/-/any-promise-1.3.0.tgz. Extracting by manifest.
4686 silly tarball no local data for ts-interface-checker@https://registry.npmjs.org/ts-interface-checker/-/ts-interface-checker-0.1.13.tgz. Extracting by manifest.
4687 silly tarball no local data for mz@https://registry.npmjs.org/mz/-/mz-2.7.0.tgz. Extracting by manifest.
4688 silly tarball no local data for tinyglobby@https://registry.npmjs.org/tinyglobby/-/tinyglobby-0.2.16.tgz. Extracting by manifest.
4689 silly tarball no local data for lines-and-columns@https://registry.npmjs.org/lines-and-columns/-/lines-and-columns-1.2.4.tgz. Extracting by manifest.
4690 silly tarball no local data for type-fest@https://registry.npmjs.org/type-fest/-/type-fest-0.7.1.tgz. Extracting by manifest.
4691 silly tarball no local data for is-arrayish@https://registry.npmjs.org/is-arrayish/-/is-arrayish-0.3.4.tgz. Extracting by manifest.
4692 silly tarball no local data for supports-preserve-symlinks-flag@https://registry.npmjs.org/supports-preserve-symlinks-flag/-/supports-preserve-symlinks-flag-1.0.0.tgz. Extracting by manifest.
4693 silly tarball no local data for path-parse@https://registry.npmjs.org/path-parse/-/path-parse-1.0.7.tgz. Extracting by manifest.
4694 silly tarball no local data for is-core-module@https://registry.npmjs.org/is-core-module/-/is-core-module-2.16.1.tgz. Extracting by manifest.
4695 silly tarball no local data for unicode-match-property-value-ecmascript@https://registry.npmjs.org/unicode-match-property-value-ecmascript/-/unicode-match-property-value-ecmascript-2.2.1.tgz. Extracting by manifest.
4696 silly tarball no local data for unicode-match-property-ecmascript@https://registry.npmjs.org/unicode-match-property-ecmascript/-/unicode-match-property-ecmascript-2.0.0.tgz. Extracting by manifest.
4697 silly tarball no local data for regenerate-unicode-properties@https://registry.npmjs.org/regenerate-unicode-properties/-/regenerate-unicode-properties-10.2.2.tgz. Extracting by manifest.
4698 silly tarball no local data for regjsgen@https://registry.npmjs.org/regjsgen/-/regjsgen-0.8.0.tgz. Extracting by manifest.
4699 silly tarball no local data for regjsparser@https://registry.npmjs.org/regjsparser/-/regjsparser-0.13.1.tgz. Extracting by manifest.
4700 silly tarball no local data for regenerate@https://registry.npmjs.org/regenerate/-/regenerate-1.4.2.tgz. Extracting by manifest.
4701 silly tarball no local data for ua-parser-js@https://registry.npmjs.org/ua-parser-js/-/ua-parser-js-1.0.41.tgz. Extracting by manifest.
4702 silly tarball no local data for setimmediate@https://registry.npmjs.org/setimmediate/-/setimmediate-1.0.5.tgz. Extracting by manifest.
4703 silly tarball no local data for fbjs-css-vars@https://registry.npmjs.org/fbjs-css-vars/-/fbjs-css-vars-1.0.2.tgz. Extracting by manifest.
4704 silly tarball no local data for css-in-js-utils@https://registry.npmjs.org/css-in-js-utils/-/css-in-js-utils-3.1.0.tgz. Extracting by manifest.
4705 silly tarball no local data for hyphenate-style-name@https://registry.npmjs.org/hyphenate-style-name/-/hyphenate-style-name-1.1.0.tgz. Extracting by manifest.
4706 silly tarball no local data for cross-fetch@https://registry.npmjs.org/cross-fetch/-/cross-fetch-3.2.0.tgz. Extracting by manifest.
4707 silly tarball no local data for postcss-value-parser@https://registry.npmjs.org/postcss-value-parser/-/postcss-value-parser-4.2.0.tgz. Extracting by manifest.
4708 silly tarball no local data for styleq@https://registry.npmjs.org/styleq/-/styleq-0.1.3.tgz. Extracting by manifest.
4709 silly tarball no local data for inline-style-prefixer@https://registry.npmjs.org/inline-style-prefixer/-/inline-style-prefixer-7.0.1.tgz. Extracting by manifest.
4710 silly tarball no local data for fbjs@https://registry.npmjs.org/fbjs/-/fbjs-3.0.5.tgz. Extracting by manifest.
4711 silly tarball no local data for warn-once@https://registry.npmjs.org/warn-once/-/warn-once-0.1.1.tgz. Extracting by manifest.
4712 silly tarball no local data for prop-types@https://registry.npmjs.org/prop-types/-/prop-types-15.8.1.tgz. Extracting by manifest.
4713 silly tarball no local data for @types/geojson@https://registry.npmjs.org/@types/geojson/-/geojson-7946.0.16.tgz. Extracting by manifest.
4714 silly tarball no local data for react-freeze@https://registry.npmjs.org/react-freeze/-/react-freeze-1.0.4.tgz. Extracting by manifest.
4715 silly tarball no local data for csstype@https://registry.npmjs.org/csstype/-/csstype-3.2.3.tgz. Extracting by manifest.
4716 silly tarball no local data for @types/react@https://registry.npmjs.org/@types/react/-/react-19.2.14.tgz. Extracting by manifest.
4717 silly tarball no local data for hoist-non-react-statics@https://registry.npmjs.org/hoist-non-react-statics/-/hoist-non-react-statics-3.3.2.tgz. Extracting by manifest.
4718 silly tarball no local data for @types/hammerjs@https://registry.npmjs.org/@types/hammerjs/-/hammerjs-2.0.46.tgz. Extracting by manifest.
4719 silly tarball no local data for @types/react-test-renderer@https://registry.npmjs.org/@types/react-test-renderer/-/react-test-renderer-19.1.0.tgz. Extracting by manifest.
4720 silly tarball no local data for @egjs/hammerjs@https://registry.npmjs.org/@egjs/hammerjs/-/hammerjs-2.0.17.tgz. Extracting by manifest.
4721 silly tarball no local data for p-locate@https://registry.npmjs.org/p-locate/-/p-locate-4.1.0.tgz. Extracting by manifest.
4722 silly tarball no local data for asap@https://registry.npmjs.org/asap/-/asap-2.0.6.tgz. Extracting by manifest.
4723 silly tarball no local data for sprintf-js@https://registry.npmjs.org/sprintf-js/-/sprintf-js-1.0.3.tgz. Extracting by manifest.
4724 silly tarball no local data for argparse@https://registry.npmjs.org/argparse/-/argparse-1.0.10.tgz. Extracting by manifest.
4725 silly tarball no local data for marky@https://registry.npmjs.org/marky/-/marky-1.3.0.tgz. Extracting by manifest.
4726 silly tarball no local data for esprima@https://registry.npmjs.org/esprima/-/esprima-4.0.1.tgz. Extracting by manifest.
4727 silly tarball no local data for fsevents@https://registry.npmjs.org/fsevents/-/fsevents-2.3.3.tgz. Extracting by manifest.
4728 silly tarball no local data for shell-quote@https://registry.npmjs.org/shell-quote/-/shell-quote-1.8.3.tgz. Extracting by manifest.
4729 silly tarball no local data for stack-utils@https://registry.npmjs.org/stack-utils/-/stack-utils-2.0.6.tgz. Extracting by manifest.
4730 silly tarball no local data for normalize-path@https://registry.npmjs.org/normalize-path/-/normalize-path-3.0.0.tgz. Extracting by manifest.
4731 silly tarball no local data for @types/graceful-fs@https://registry.npmjs.org/@types/graceful-fs/-/graceful-fs-4.1.9.tgz. Extracting by manifest.
4732 silly tarball no local data for anymatch@https://registry.npmjs.org/anymatch/-/anymatch-3.1.3.tgz. Extracting by manifest.
4733 silly tarball no local data for @sinonjs/commons@https://registry.npmjs.org/@sinonjs/commons/-/commons-3.0.1.tgz. Extracting by manifest.
4734 silly tarball no local data for type-detect@https://registry.npmjs.org/type-detect/-/type-detect-4.0.8.tgz. Extracting by manifest.
4735 silly tarball no local data for @types/stack-utils@https://registry.npmjs.org/@types/stack-utils/-/stack-utils-2.0.3.tgz. Extracting by manifest.
4736 silly tarball no local data for @sinonjs/fake-timers@https://registry.npmjs.org/@sinonjs/fake-timers/-/fake-timers-10.3.0.tgz. Extracting by manifest.
4737 silly tarball no local data for jest-message-util@https://registry.npmjs.org/jest-message-util/-/jest-message-util-29.7.0.tgz. Extracting by manifest.
4738 silly tarball no local data for jest-mock@https://registry.npmjs.org/jest-mock/-/jest-mock-29.7.0.tgz. Extracting by manifest.
4739 silly tarball no local data for is-docker@https://registry.npmjs.org/is-docker/-/is-docker-2.2.1.tgz. Extracting by manifest.
4740 silly tarball no local data for @jest/fake-timers@https://registry.npmjs.org/@jest/fake-timers/-/fake-timers-29.7.0.tgz. Extracting by manifest.
4741 silly tarball no local data for @jest/environment@https://registry.npmjs.org/@jest/environment/-/environment-29.7.0.tgz. Extracting by manifest.
4742 silly tarball no local data for mkdirp@https://registry.npmjs.org/mkdirp/-/mkdirp-1.0.4.tgz. Extracting by manifest.
4743 silly tarball no local data for lighthouse-logger@https://registry.npmjs.org/lighthouse-logger/-/lighthouse-logger-1.4.2.tgz. Extracting by manifest.
4744 silly tarball no local data for locate-path@https://registry.npmjs.org/locate-path/-/locate-path-5.0.0.tgz. Extracting by manifest.
4745 silly tarball no local data for is-wsl@https://registry.npmjs.org/is-wsl/-/is-wsl-2.2.0.tgz. Extracting by manifest.
4746 silly tarball no local data for @babel/plugin-syntax-top-level-await@https://registry.npmjs.org/@babel/plugin-syntax-top-level-await/-/plugin-syntax-top-level-await-7.14.5.tgz. Extracting by manifest.
4747 silly tarball no local data for @babel/plugin-syntax-object-rest-spread@https://registry.npmjs.org/@babel/plugin-syntax-object-rest-spread/-/plugin-syntax-object-rest-spread-7.8.3.tgz. Extracting by manifest.
4748 silly tarball no local data for istanbul-lib-coverage@https://registry.npmjs.org/istanbul-lib-coverage/-/istanbul-lib-coverage-3.2.2.tgz. Extracting by manifest.
4749 silly tarball no local data for @babel/plugin-syntax-json-strings@https://registry.npmjs.org/@babel/plugin-syntax-json-strings/-/plugin-syntax-json-strings-7.8.3.tgz. Extracting by manifest.
4750 silly tarball no local data for @babel/plugin-syntax-optional-catch-binding@https://registry.npmjs.org/@babel/plugin-syntax-optional-catch-binding/-/plugin-syntax-optional-catch-binding-7.8.3.tgz. Extracting by manifest.
4751 silly tarball no local data for @babel/plugin-syntax-private-property-in-object@https://registry.npmjs.org/@babel/plugin-syntax-private-property-in-object/-/plugin-syntax-private-property-in-object-7.14.5.tgz. Extracting by manifest.
4752 silly tarball no local data for @babel/plugin-syntax-import-attributes@https://registry.npmjs.org/@babel/plugin-syntax-import-attributes/-/plugin-syntax-import-attributes-7.28.6.tgz. Extracting by manifest.
4753 silly tarball no local data for @babel/plugin-syntax-numeric-separator@https://registry.npmjs.org/@babel/plugin-syntax-numeric-separator/-/plugin-syntax-numeric-separator-7.10.4.tgz. Extracting by manifest.
4754 silly tarball no local data for @babel/plugin-syntax-import-meta@https://registry.npmjs.org/@babel/plugin-syntax-import-meta/-/plugin-syntax-import-meta-7.10.4.tgz. Extracting by manifest.
4755 silly tarball no local data for @babel/plugin-syntax-class-static-block@https://registry.npmjs.org/@babel/plugin-syntax-class-static-block/-/plugin-syntax-class-static-block-7.14.5.tgz. Extracting by manifest.
4756 silly tarball no local data for @babel/plugin-syntax-logical-assignment-operators@https://registry.npmjs.org/@babel/plugin-syntax-logical-assignment-operators/-/plugin-syntax-logical-assignment-operators-7.10.4.tgz. Extracting by manifest.
4757 silly tarball no local data for @babel/plugin-syntax-async-generators@https://registry.npmjs.org/@babel/plugin-syntax-async-generators/-/plugin-syntax-async-generators-7.8.4.tgz. Extracting by manifest.
4758 silly tarball no local data for babel-plugin-jest-hoist@https://registry.npmjs.org/babel-plugin-jest-hoist/-/babel-plugin-jest-hoist-29.6.3.tgz. Extracting by manifest.
4759 silly tarball no local data for @babel/plugin-syntax-class-properties@https://registry.npmjs.org/@babel/plugin-syntax-class-properties/-/plugin-syntax-class-properties-7.12.13.tgz. Extracting by manifest.
4760 silly tarball no local data for js-yaml@https://registry.npmjs.org/js-yaml/-/js-yaml-3.14.2.tgz. Extracting by manifest.
4761 silly tarball no local data for test-exclude@https://registry.npmjs.org/test-exclude/-/test-exclude-6.0.0.tgz. Extracting by manifest.
4762 silly tarball no local data for get-package-type@https://registry.npmjs.org/get-package-type/-/get-package-type-0.1.0.tgz. Extracting by manifest.
4763 silly tarball no local data for @babel/plugin-syntax-bigint@https://registry.npmjs.org/@babel/plugin-syntax-bigint/-/plugin-syntax-bigint-7.8.3.tgz. Extracting by manifest.
4764 silly tarball no local data for istanbul-lib-instrument@https://registry.npmjs.org/istanbul-lib-instrument/-/istanbul-lib-instrument-5.2.1.tgz. Extracting by manifest.
4765 silly tarball no local data for babel-preset-current-node-syntax@https://registry.npmjs.org/babel-preset-current-node-syntax/-/babel-preset-current-node-syntax-1.2.0.tgz. Extracting by manifest.
4766 silly tarball no local data for @types/babel__traverse@https://registry.npmjs.org/@types/babel__traverse/-/babel__traverse-7.28.0.tgz. Extracting by manifest.
4767 silly tarball no local data for @istanbuljs/schema@https://registry.npmjs.org/@istanbuljs/schema/-/schema-0.1.6.tgz. Extracting by manifest.
4768 silly tarball no local data for find-up@https://registry.npmjs.org/find-up/-/find-up-4.1.0.tgz. Extracting by manifest.
4769 silly tarball no local data for @istanbuljs/load-nyc-config@https://registry.npmjs.org/@istanbuljs/load-nyc-config/-/load-nyc-config-1.1.0.tgz. Extracting by manifest.
4770 silly tarball no local data for @types/babel__template@https://registry.npmjs.org/@types/babel__template/-/babel__template-7.4.4.tgz. Extracting by manifest.
4771 silly tarball no local data for pirates@https://registry.npmjs.org/pirates/-/pirates-4.0.7.tgz. Extracting by manifest.
4772 silly tarball no local data for jest-regex-util@https://registry.npmjs.org/jest-regex-util/-/jest-regex-util-29.6.3.tgz. Extracting by manifest.
4773 silly tarball no local data for write-file-atomic@https://registry.npmjs.org/write-file-atomic/-/write-file-atomic-4.0.2.tgz. Extracting by manifest.
4774 silly tarball no local data for babel-preset-jest@https://registry.npmjs.org/babel-preset-jest/-/babel-preset-jest-29.6.3.tgz. Extracting by manifest.
4775 silly tarball no local data for jest-haste-map@https://registry.npmjs.org/jest-haste-map/-/jest-haste-map-29.7.0.tgz. Extracting by manifest.
4776 silly tarball no local data for babel-plugin-istanbul@https://registry.npmjs.org/babel-plugin-istanbul/-/babel-plugin-istanbul-6.1.1.tgz. Extracting by manifest.
4777 silly tarball no local data for @types/babel__generator@https://registry.npmjs.org/@types/babel__generator/-/babel__generator-7.27.0.tgz. Extracting by manifest.
4778 silly tarball no local data for @types/babel__core@https://registry.npmjs.org/@types/babel__core/-/babel__core-7.20.5.tgz. Extracting by manifest.
4779 silly tarball no local data for chromium-edge-launcher@https://registry.npmjs.org/chromium-edge-launcher/-/chromium-edge-launcher-0.2.0.tgz. Extracting by manifest.
4780 silly tarball no local data for open@https://registry.npmjs.org/open/-/open-7.4.2.tgz. Extracting by manifest.
4781 silly tarball no local data for @isaacs/ttlcache@https://registry.npmjs.org/@isaacs/ttlcache/-/ttlcache-1.4.1.tgz. Extracting by manifest.
4782 silly tarball no local data for chrome-launcher@https://registry.npmjs.org/chrome-launcher/-/chrome-launcher-0.15.2.tgz. Extracting by manifest.
4783 silly tarball no local data for event-target-shim@https://registry.npmjs.org/event-target-shim/-/event-target-shim-5.0.1.tgz. Extracting by manifest.
4784 silly tarball no local data for regenerator-runtime@https://registry.npmjs.org/regenerator-runtime/-/regenerator-runtime-0.13.11.tgz. Extracting by manifest.
4785 silly tarball no local data for @jest/transform@https://registry.npmjs.org/@jest/transform/-/transform-29.7.0.tgz. Extracting by manifest.
4786 silly tarball no local data for promise@https://registry.npmjs.org/promise/-/promise-8.3.0.tgz. Extracting by manifest.
4787 silly tarball no local data for @react-native/debugger-frontend@https://registry.npmjs.org/@react-native/debugger-frontend/-/debugger-frontend-0.81.5.tgz. Extracting by manifest.
4788 silly tarball no local data for react-devtools-core@https://registry.npmjs.org/react-devtools-core/-/react-devtools-core-6.1.5.tgz. Extracting by manifest.
4789 silly tarball no local data for memoize-one@https://registry.npmjs.org/memoize-one/-/memoize-one-5.2.1.tgz. Extracting by manifest.
4790 silly tarball no local data for babel-jest@https://registry.npmjs.org/babel-jest/-/babel-jest-29.7.0.tgz. Extracting by manifest.
4791 silly tarball no local data for jest-environment-node@https://registry.npmjs.org/jest-environment-node/-/jest-environment-node-29.7.0.tgz. Extracting by manifest.
4792 silly tarball no local data for abort-controller@https://registry.npmjs.org/abort-controller/-/abort-controller-3.0.0.tgz. Extracting by manifest.
4793 silly tarball no local data for @react-native/normalize-colors@https://registry.npmjs.org/@react-native/normalize-colors/-/normalize-colors-0.81.5.tgz. Extracting by manifest.
4794 silly tarball no local data for @react-native/js-polyfills@https://registry.npmjs.org/@react-native/js-polyfills/-/js-polyfills-0.81.5.tgz. Extracting by manifest.
4795 silly tarball no local data for @react-native/community-cli-plugin@https://registry.npmjs.org/@react-native/community-cli-plugin/-/community-cli-plugin-0.81.5.tgz. Extracting by manifest.
4796 silly tarball no local data for @react-native/assets-registry@https://registry.npmjs.org/@react-native/assets-registry/-/assets-registry-0.81.5.tgz. Extracting by manifest.
4797 silly tarball no local data for @react-native/dev-middleware@https://registry.npmjs.org/@react-native/dev-middleware/-/dev-middleware-0.81.5.tgz. Extracting by manifest.
4798 silly tarball no local data for @react-native/gradle-plugin@https://registry.npmjs.org/@react-native/gradle-plugin/-/gradle-plugin-0.81.5.tgz. Extracting by manifest.
4799 silly tarball no local data for split-on-first@https://registry.npmjs.org/split-on-first/-/split-on-first-1.1.0.tgz. Extracting by manifest.
4800 silly tarball no local data for filter-obj@https://registry.npmjs.org/filter-obj/-/filter-obj-1.1.0.tgz. Extracting by manifest.
4801 silly tarball no local data for strict-uri-encode@https://registry.npmjs.org/strict-uri-encode/-/strict-uri-encode-2.0.0.tgz. Extracting by manifest.
4802 silly tarball no local data for scheduler@https://registry.npmjs.org/scheduler/-/scheduler-0.26.0.tgz. Extracting by manifest.
4803 silly tarball no local data for decode-uri-component@https://registry.npmjs.org/decode-uri-component/-/decode-uri-component-0.2.2.tgz. Extracting by manifest.
4804 silly tarball no local data for pngjs@https://registry.npmjs.org/pngjs/-/pngjs-3.4.0.tgz. Extracting by manifest.
4805 silly tarball no local data for source-map-js@https://registry.npmjs.org/source-map-js/-/source-map-js-1.2.1.tgz. Extracting by manifest.
4806 silly tarball no local data for to-regex-range@https://registry.npmjs.org/to-regex-range/-/to-regex-range-5.0.1.tgz. Extracting by manifest.
4807 silly tarball no local data for @jest/create-cache-key-function@https://registry.npmjs.org/@jest/create-cache-key-function/-/create-cache-key-function-29.7.0.tgz. Extracting by manifest.
4808 silly tarball no local data for brace-expansion@https://registry.npmjs.org/brace-expansion/-/brace-expansion-2.1.0.tgz. Extracting by manifest.
4809 silly tarball no local data for fill-range@https://registry.npmjs.org/fill-range/-/fill-range-7.1.1.tgz. Extracting by manifest.
4810 silly tarball no local data for ob1@https://registry.npmjs.org/ob1/-/ob1-0.83.3.tgz. Extracting by manifest.
4811 silly tarball no local data for braces@https://registry.npmjs.org/braces/-/braces-3.0.3.tgz. Extracting by manifest.
4812 silly tarball no local data for @babel/traverse--for-generate-function-map@https://registry.npmjs.org/@babel/traverse/-/traverse-7.29.0.tgz. Extracting by manifest.
4813 silly tarball no local data for terser@https://registry.npmjs.org/terser/-/terser-5.46.2.tgz. Extracting by manifest.
4814 silly tarball no local data for node-int64@https://registry.npmjs.org/node-int64/-/node-int64-0.4.0.tgz. Extracting by manifest.
4815 silly tarball no local data for vlq@https://registry.npmjs.org/vlq/-/vlq-1.0.1.tgz. Extracting by manifest.
4816 silly tarball no local data for walker@https://registry.npmjs.org/walker/-/walker-1.0.8.tgz. Extracting by manifest.
4817 silly tarball no local data for fb-watchman@https://registry.npmjs.org/fb-watchman/-/fb-watchman-2.0.2.tgz. Extracting by manifest.
4818 silly tarball no local data for bser@https://registry.npmjs.org/bser/-/bser-2.1.1.tgz. Extracting by manifest.
4819 silly tarball no local data for micromatch@https://registry.npmjs.org/micromatch/-/micromatch-4.0.8.tgz. Extracting by manifest.
4820 silly tarball no local data for jest-get-type@https://registry.npmjs.org/jest-get-type/-/jest-get-type-29.6.3.tgz. Extracting by manifest.
4821 silly tarball no local data for leven@https://registry.npmjs.org/leven/-/leven-3.1.0.tgz. Extracting by manifest.
4822 silly tarball no local data for yaml@https://registry.npmjs.org/yaml/-/yaml-2.8.3.tgz. Extracting by manifest.
4823 silly tarball no local data for jest-validate@https://registry.npmjs.org/jest-validate/-/jest-validate-29.7.0.tgz. Extracting by manifest.
4824 silly tarball no local data for camelcase@https://registry.npmjs.org/camelcase/-/camelcase-6.3.0.tgz. Extracting by manifest.
4825 silly tarball no local data for @types/yargs@https://registry.npmjs.org/@types/yargs/-/yargs-17.0.35.tgz. Extracting by manifest.
4826 silly tarball no local data for @sinclair/typebox@https://registry.npmjs.org/@sinclair/typebox/-/typebox-0.27.10.tgz. Extracting by manifest.
4827 silly tarball no local data for @types/yargs-parser@https://registry.npmjs.org/@types/yargs-parser/-/yargs-parser-21.0.3.tgz. Extracting by manifest.
4828 silly tarball no local data for @types/istanbul-lib-report@https://registry.npmjs.org/@types/istanbul-lib-report/-/istanbul-lib-report-3.0.3.tgz. Extracting by manifest.
4829 silly tarball no local data for picomatch@https://registry.npmjs.org/picomatch/-/picomatch-2.3.2.tgz. Extracting by manifest.
4830 silly tarball no local data for @jest/schemas@https://registry.npmjs.org/@jest/schemas/-/schemas-29.6.3.tgz. Extracting by manifest.
4831 silly tarball no local data for merge-stream@https://registry.npmjs.org/merge-stream/-/merge-stream-2.0.0.tgz. Extracting by manifest.
4832 silly tarball no local data for @jest/types@https://registry.npmjs.org/@jest/types/-/types-29.6.3.tgz. Extracting by manifest.
4833 silly tarball no local data for jest-util@https://registry.npmjs.org/jest-util/-/jest-util-29.7.0.tgz. Extracting by manifest.
4834 silly tarball no local data for exponential-backoff@https://registry.npmjs.org/exponential-backoff/-/exponential-backoff-3.1.3.tgz. Extracting by manifest.
4835 silly tarball no local data for undici-types@https://registry.npmjs.org/undici-types/-/undici-types-7.19.2.tgz. Extracting by manifest.
4836 silly tarball no local data for @types/istanbul-reports@https://registry.npmjs.org/@types/istanbul-reports/-/istanbul-reports-3.0.4.tgz. Extracting by manifest.
4837 silly tarball no local data for queue@https://registry.npmjs.org/queue/-/queue-6.0.2.tgz. Extracting by manifest.
4838 silly tarball no local data for statuses@https://registry.npmjs.org/statuses/-/statuses-1.5.0.tgz. Extracting by manifest.
4839 silly tarball no local data for @types/node@https://registry.npmjs.org/@types/node/-/node-25.6.0.tgz. Extracting by manifest.
4840 silly tarball no local data for on-finished@https://registry.npmjs.org/on-finished/-/on-finished-2.3.0.tgz. Extracting by manifest.
4841 silly tarball no local data for stackframe@https://registry.npmjs.org/stackframe/-/stackframe-1.3.4.tgz. Extracting by manifest.
4842 silly tarball no local data for encodeurl@https://registry.npmjs.org/encodeurl/-/encodeurl-1.0.2.tgz. Extracting by manifest.
4843 silly tarball no local data for finalhandler@https://registry.npmjs.org/finalhandler/-/finalhandler-1.1.2.tgz. Extracting by manifest.
4844 silly tarball no local data for @types/istanbul-lib-coverage@https://registry.npmjs.org/@types/istanbul-lib-coverage/-/istanbul-lib-coverage-2.0.6.tgz. Extracting by manifest.
4845 silly tarball no local data for throat@https://registry.npmjs.org/throat/-/throat-5.0.0.tgz. Extracting by manifest.
4846 silly tarball no local data for source-map@https://registry.npmjs.org/source-map/-/source-map-0.5.7.tgz. Extracting by manifest.
4847 silly tarball no local data for serialize-error@https://registry.npmjs.org/serialize-error/-/serialize-error-2.1.0.tgz. Extracting by manifest.
4848 silly tarball no local data for jest-worker@https://registry.npmjs.org/jest-worker/-/jest-worker-29.7.0.tgz. Extracting by manifest.
4849 silly tarball no local data for lodash.throttle@https://registry.npmjs.org/lodash.throttle/-/lodash.throttle-4.1.1.tgz. Extracting by manifest.
4850 silly tarball no local data for flow-enums-runtime@https://registry.npmjs.org/flow-enums-runtime/-/flow-enums-runtime-0.0.6.tgz. Extracting by manifest.
4851 silly tarball no local data for image-size@https://registry.npmjs.org/image-size/-/image-size-1.2.1.tgz. Extracting by manifest.
4852 silly tarball no local data for ws@https://registry.npmjs.org/ws/-/ws-7.5.10.tgz. Extracting by manifest.
4853 silly tarball no local data for connect@https://registry.npmjs.org/connect/-/connect-3.7.0.tgz. Extracting by manifest.
4854 silly tarball no local data for error-stack-parser@https://registry.npmjs.org/error-stack-parser/-/error-stack-parser-2.1.4.tgz. Extracting by manifest.
4855 silly tarball no local data for ci-info@https://registry.npmjs.org/ci-info/-/ci-info-2.0.0.tgz. Extracting by manifest.
4856 silly tarball no local data for yallist@https://registry.npmjs.org/yallist/-/yallist-3.1.1.tgz. Extracting by manifest.
4857 silly tarball no local data for is-plain-obj@https://registry.npmjs.org/is-plain-obj/-/is-plain-obj-2.1.0.tgz. Extracting by manifest.
4858 silly tarball no local data for detect-libc@https://registry.npmjs.org/detect-libc/-/detect-libc-2.1.2.tgz. Extracting by manifest.
4859 silly tarball no local data for graceful-fs@https://registry.npmjs.org/graceful-fs/-/graceful-fs-4.2.11.tgz. Extracting by manifest.
4860 silly tarball no local data for lightningcss-darwin-arm64@https://registry.npmjs.org/lightningcss-darwin-arm64/-/lightningcss-darwin-arm64-1.32.0.tgz. Extracting by manifest.
4861 silly tarball no local data for minipass@https://registry.npmjs.org/minipass/-/minipass-7.1.3.tgz. Extracting by manifest.
4862 silly tarball no local data for path-scurry@https://registry.npmjs.org/path-scurry/-/path-scurry-2.0.2.tgz. Extracting by manifest.
4863 silly tarball no local data for hermes-estree@https://registry.npmjs.org/hermes-estree/-/hermes-estree-0.29.1.tgz. Extracting by manifest.
4864 silly tarball no local data for loose-envify@https://registry.npmjs.org/loose-envify/-/loose-envify-1.4.0.tgz. Extracting by manifest.
4865 silly tarball no local data for commander@https://registry.npmjs.org/commander/-/commander-7.2.0.tgz. Extracting by manifest.
4866 silly tarball no local data for react-native-is-edge-to-edge@https://registry.npmjs.org/react-native-is-edge-to-edge/-/react-native-is-edge-to-edge-1.3.1.tgz. Extracting by manifest.
4867 silly tarball no local data for expo-image-loader@https://registry.npmjs.org/expo-image-loader/-/expo-image-loader-6.0.0.tgz. Extracting by manifest.
4868 silly tarball no local data for fontfaceobserver@https://registry.npmjs.org/fontfaceobserver/-/fontfaceobserver-2.3.0.tgz. Extracting by manifest.
4869 silly tarball no local data for jimp-compact@https://registry.npmjs.org/jimp-compact/-/jimp-compact-0.16.1.tgz. Extracting by manifest.
4870 silly tarball no local data for parse-png@https://registry.npmjs.org/parse-png/-/parse-png-2.1.0.tgz. Extracting by manifest.
4871 silly tarball no local data for @expo/require-utils@https://registry.npmjs.org/@expo/require-utils/-/require-utils-55.0.4.tgz. Extracting by manifest.
4872 silly tarball no local data for @expo/image-utils@https://registry.npmjs.org/@expo/image-utils/-/image-utils-0.8.13.tgz. Extracting by manifest.
4873 silly tarball no local data for supports-color@https://registry.npmjs.org/supports-color/-/supports-color-5.5.0.tgz. Extracting by manifest.
4874 silly tarball no local data for ansi-styles@https://registry.npmjs.org/ansi-styles/-/ansi-styles-3.2.1.tgz. Extracting by manifest.
4875 silly tarball no local data for electron-to-chromium@https://registry.npmjs.org/electron-to-chromium/-/electron-to-chromium-1.5.344.tgz. Extracting by manifest.
4876 silly tarball no local data for caniuse-lite@https://registry.npmjs.org/caniuse-lite/-/caniuse-lite-1.0.30001790.tgz. Extracting by manifest.
4877 silly tarball no local data for core-js-compat@https://registry.npmjs.org/core-js-compat/-/core-js-compat-3.49.0.tgz. Extracting by manifest.
4878 silly tarball no local data for node-releases@https://registry.npmjs.org/node-releases/-/node-releases-2.0.38.tgz. Extracting by manifest.
4879 silly tarball no local data for resolve@https://registry.npmjs.org/resolve/-/resolve-1.22.12.tgz. Extracting by manifest.
4880 silly tarball no local data for baseline-browser-mapping@https://registry.npmjs.org/baseline-browser-mapping/-/baseline-browser-mapping-2.10.21.tgz. Extracting by manifest.
4881 silly tarball no local data for yargs@https://registry.npmjs.org/yargs/-/yargs-17.7.2.tgz. Extracting by manifest.
4882 silly tarball no local data for lodash.debounce@https://registry.npmjs.org/lodash.debounce/-/lodash.debounce-4.0.8.tgz. Extracting by manifest.
4883 silly tarball no local data for nullthrows@https://registry.npmjs.org/nullthrows/-/nullthrows-1.1.1.tgz. Extracting by manifest.
4884 silly tarball no local data for update-browserslist-db@https://registry.npmjs.org/update-browserslist-db/-/update-browserslist-db-1.2.3.tgz. Extracting by manifest.
4885 silly tarball no local data for @react-native/codegen@https://registry.npmjs.org/@react-native/codegen/-/codegen-0.81.5.tgz. Extracting by manifest.
4886 silly tarball no local data for invariant@https://registry.npmjs.org/invariant/-/invariant-2.2.4.tgz. Extracting by manifest.
4887 silly tarball no local data for regexpu-core@https://registry.npmjs.org/regexpu-core/-/regexpu-core-6.4.0.tgz. Extracting by manifest.
4888 silly tarball no local data for @babel/helper-wrap-function@https://registry.npmjs.org/@babel/helper-wrap-function/-/helper-wrap-function-7.28.6.tgz. Extracting by manifest.
4889 silly tarball no local data for @babel/plugin-transform-sticky-regex@https://registry.npmjs.org/@babel/plugin-transform-sticky-regex/-/plugin-transform-sticky-regex-7.27.1.tgz. Extracting by manifest.
4890 silly tarball no local data for @babel/helper-remap-async-to-generator@https://registry.npmjs.org/@babel/helper-remap-async-to-generator/-/helper-remap-async-to-generator-7.27.1.tgz. Extracting by manifest.
4891 silly tarball no local data for @babel/helper-define-polyfill-provider@https://registry.npmjs.org/@babel/helper-define-polyfill-provider/-/helper-define-polyfill-provider-0.6.8.tgz. Extracting by manifest.
4892 silly tarball no local data for @babel/helper-create-regexp-features-plugin@https://registry.npmjs.org/@babel/helper-create-regexp-features-plugin/-/helper-create-regexp-features-plugin-7.28.5.tgz. Extracting by manifest.
4893 silly tarball no local data for @react-native/babel-plugin-codegen@https://registry.npmjs.org/@react-native/babel-plugin-codegen/-/babel-plugin-codegen-0.81.5.tgz. Extracting by manifest.
4894 silly tarball no local data for @babel/plugin-transform-unicode-regex@https://registry.npmjs.org/@babel/plugin-transform-unicode-regex/-/plugin-transform-unicode-regex-7.27.1.tgz. Extracting by manifest.
4895 silly tarball no local data for @babel/plugin-transform-shorthand-properties@https://registry.npmjs.org/@babel/plugin-transform-shorthand-properties/-/plugin-transform-shorthand-properties-7.27.1.tgz. Extracting by manifest.
4896 silly tarball no local data for @babel/plugin-transform-react-jsx-self@https://registry.npmjs.org/@babel/plugin-transform-react-jsx-self/-/plugin-transform-react-jsx-self-7.27.1.tgz. Extracting by manifest.
4897 silly tarball no local data for @babel/plugin-transform-optional-catch-binding@https://registry.npmjs.org/@babel/plugin-transform-optional-catch-binding/-/plugin-transform-optional-catch-binding-7.28.6.tgz. Extracting by manifest.
4898 silly tarball no local data for @babel/plugin-transform-optional-chaining@https://registry.npmjs.org/@babel/plugin-transform-optional-chaining/-/plugin-transform-optional-chaining-7.28.6.tgz. Extracting by manifest.
4899 silly tarball no local data for @babel/plugin-transform-numeric-separator@https://registry.npmjs.org/@babel/plugin-transform-numeric-separator/-/plugin-transform-numeric-separator-7.28.6.tgz. Extracting by manifest.
4900 silly tarball no local data for @babel/plugin-transform-regenerator@https://registry.npmjs.org/@babel/plugin-transform-regenerator/-/plugin-transform-regenerator-7.29.0.tgz. Extracting by manifest.
4901 silly tarball no local data for @babel/plugin-transform-spread@https://registry.npmjs.org/@babel/plugin-transform-spread/-/plugin-transform-spread-7.28.6.tgz. Extracting by manifest.
4902 silly tarball no local data for @babel/plugin-transform-named-capturing-groups-regex@https://registry.npmjs.org/@babel/plugin-transform-named-capturing-groups-regex/-/plugin-transform-named-capturing-groups-regex-7.29.0.tgz. Extracting by manifest.
4903 silly tarball no local data for @babel/plugin-transform-logical-assignment-operators@https://registry.npmjs.org/@babel/plugin-transform-logical-assignment-operators/-/plugin-transform-logical-assignment-operators-7.28.6.tgz. Extracting by manifest.
4904 silly tarball no local data for @babel/plugin-transform-function-name@https://registry.npmjs.org/@babel/plugin-transform-function-name/-/plugin-transform-function-name-7.27.1.tgz. Extracting by manifest.
4905 silly tarball no local data for @babel/plugin-transform-react-jsx-source@https://registry.npmjs.org/@babel/plugin-transform-react-jsx-source/-/plugin-transform-react-jsx-source-7.27.1.tgz. Extracting by manifest.
4906 silly tarball no local data for @babel/plugin-transform-block-scoping@https://registry.npmjs.org/@babel/plugin-transform-block-scoping/-/plugin-transform-block-scoping-7.28.6.tgz. Extracting by manifest.
4907 silly tarball no local data for @babel/plugin-transform-literals@https://registry.npmjs.org/@babel/plugin-transform-literals/-/plugin-transform-literals-7.27.1.tgz. Extracting by manifest.
4908 silly tarball no local data for @babel/plugin-transform-nullish-coalescing-operator@https://registry.npmjs.org/@babel/plugin-transform-nullish-coalescing-operator/-/plugin-transform-nullish-coalescing-operator-7.28.6.tgz. Extracting by manifest.
4909 silly tarball no local data for @babel/plugin-transform-for-of@https://registry.npmjs.org/@babel/plugin-transform-for-of/-/plugin-transform-for-of-7.27.1.tgz. Extracting by manifest.
4910 silly tarball no local data for @babel/plugin-transform-computed-properties@https://registry.npmjs.org/@babel/plugin-transform-computed-properties/-/plugin-transform-computed-properties-7.28.6.tgz. Extracting by manifest.
4911 silly tarball no local data for @babel/plugin-syntax-optional-chaining@https://registry.npmjs.org/@babel/plugin-syntax-optional-chaining/-/plugin-syntax-optional-chaining-7.8.3.tgz. Extracting by manifest.
4912 silly tarball no local data for @babel/plugin-transform-classes@https://registry.npmjs.org/@babel/plugin-transform-classes/-/plugin-transform-classes-7.28.6.tgz. Extracting by manifest.
4913 silly tarball no local data for @babel/plugin-transform-class-properties@https://registry.npmjs.org/@babel/plugin-transform-class-properties/-/plugin-transform-class-properties-7.28.6.tgz. Extracting by manifest.
4914 silly tarball no local data for @babel/plugin-syntax-typescript@https://registry.npmjs.org/@babel/plugin-syntax-typescript/-/plugin-syntax-typescript-7.28.6.tgz. Extracting by manifest.
4915 silly tarball no local data for @babel/plugin-transform-async-generator-functions@https://registry.npmjs.org/@babel/plugin-transform-async-generator-functions/-/plugin-transform-async-generator-functions-7.29.0.tgz. Extracting by manifest.
4916 silly tarball no local data for @babel/plugin-transform-typescript@https://registry.npmjs.org/@babel/plugin-transform-typescript/-/plugin-transform-typescript-7.28.6.tgz. Extracting by manifest.
4917 silly tarball no local data for @babel/plugin-syntax-dynamic-import@https://registry.npmjs.org/@babel/plugin-syntax-dynamic-import/-/plugin-syntax-dynamic-import-7.8.3.tgz. Extracting by manifest.
4918 silly tarball no local data for @babel/plugin-syntax-nullish-coalescing-operator@https://registry.npmjs.org/@babel/plugin-syntax-nullish-coalescing-operator/-/plugin-syntax-nullish-coalescing-operator-7.8.3.tgz. Extracting by manifest.
4919 silly tarball no local data for @babel/plugin-syntax-jsx@https://registry.npmjs.org/@babel/plugin-syntax-jsx/-/plugin-syntax-jsx-7.28.6.tgz. Extracting by manifest.
4920 silly tarball no local data for @babel/plugin-transform-react-jsx@https://registry.npmjs.org/@babel/plugin-transform-react-jsx/-/plugin-transform-react-jsx-7.28.6.tgz. Extracting by manifest.
4921 silly tarball no local data for @babel/plugin-transform-react-jsx-development@https://registry.npmjs.org/@babel/plugin-transform-react-jsx-development/-/plugin-transform-react-jsx-development-7.27.1.tgz. Extracting by manifest.
4922 silly tarball no local data for @babel/plugin-transform-arrow-functions@https://registry.npmjs.org/@babel/plugin-transform-arrow-functions/-/plugin-transform-arrow-functions-7.27.1.tgz. Extracting by manifest.
4923 silly tarball no local data for @babel/plugin-transform-async-to-generator@https://registry.npmjs.org/@babel/plugin-transform-async-to-generator/-/plugin-transform-async-to-generator-7.28.6.tgz. Extracting by manifest.
4924 silly tarball no local data for @babel/plugin-transform-react-display-name@https://registry.npmjs.org/@babel/plugin-transform-react-display-name/-/plugin-transform-react-display-name-7.28.0.tgz. Extracting by manifest.
4925 silly tarball no local data for @babel/plugin-transform-react-pure-annotations@https://registry.npmjs.org/@babel/plugin-transform-react-pure-annotations/-/plugin-transform-react-pure-annotations-7.27.1.tgz. Extracting by manifest.
4926 silly tarball no local data for babel-plugin-polyfill-corejs3@https://registry.npmjs.org/babel-plugin-polyfill-corejs3/-/babel-plugin-polyfill-corejs3-0.13.0.tgz. Extracting by manifest.
4927 silly tarball no local data for @babel/plugin-syntax-flow@https://registry.npmjs.org/@babel/plugin-syntax-flow/-/plugin-syntax-flow-7.28.6.tgz. Extracting by manifest.
4928 silly tarball no local data for babel-plugin-polyfill-corejs2@https://registry.npmjs.org/babel-plugin-polyfill-corejs2/-/babel-plugin-polyfill-corejs2-0.4.17.tgz. Extracting by manifest.
4929 silly tarball no local data for babel-plugin-polyfill-regenerator@https://registry.npmjs.org/babel-plugin-polyfill-regenerator/-/babel-plugin-polyfill-regenerator-0.6.8.tgz. Extracting by manifest.
4930 silly tarball no local data for @babel/helper-optimise-call-expression@https://registry.npmjs.org/@babel/helper-optimise-call-expression/-/helper-optimise-call-expression-7.27.1.tgz. Extracting by manifest.
4931 silly tarball no local data for @babel/helper-skip-transparent-expression-wrappers@https://registry.npmjs.org/@babel/helper-skip-transparent-expression-wrappers/-/helper-skip-transparent-expression-wrappers-7.27.1.tgz. Extracting by manifest.
4932 silly tarball no local data for @babel/plugin-transform-destructuring@https://registry.npmjs.org/@babel/plugin-transform-destructuring/-/plugin-transform-destructuring-7.28.5.tgz. Extracting by manifest.
4933 silly tarball no local data for @babel/helper-replace-supers@https://registry.npmjs.org/@babel/helper-replace-supers/-/helper-replace-supers-7.28.6.tgz. Extracting by manifest.
4934 silly tarball no local data for @babel/helper-annotate-as-pure@https://registry.npmjs.org/@babel/helper-annotate-as-pure/-/helper-annotate-as-pure-7.27.3.tgz. Extracting by manifest.
4935 silly tarball no local data for @babel/helper-member-expression-to-functions@https://registry.npmjs.org/@babel/helper-member-expression-to-functions/-/helper-member-expression-to-functions-7.28.5.tgz. Extracting by manifest.
4936 silly tarball no local data for babel-plugin-transform-flow-enums@https://registry.npmjs.org/babel-plugin-transform-flow-enums/-/babel-plugin-transform-flow-enums-0.0.2.tgz. Extracting by manifest.
4937 silly tarball no local data for @babel/helper-create-class-features-plugin@https://registry.npmjs.org/@babel/helper-create-class-features-plugin/-/helper-create-class-features-plugin-7.28.6.tgz. Extracting by manifest.
4938 silly tarball no local data for babel-plugin-syntax-hermes-parser@https://registry.npmjs.org/babel-plugin-syntax-hermes-parser/-/babel-plugin-syntax-hermes-parser-0.29.1.tgz. Extracting by manifest.
4939 silly tarball no local data for @babel/plugin-syntax-decorators@https://registry.npmjs.org/@babel/plugin-syntax-decorators/-/plugin-syntax-decorators-7.28.6.tgz. Extracting by manifest.
4940 silly tarball no local data for @babel/helper-plugin-utils@https://registry.npmjs.org/@babel/helper-plugin-utils/-/helper-plugin-utils-7.28.6.tgz. Extracting by manifest.
4941 silly tarball no local data for babel-plugin-react-native-web@https://registry.npmjs.org/babel-plugin-react-native-web/-/babel-plugin-react-native-web-0.21.2.tgz. Extracting by manifest.
4942 silly tarball no local data for @babel/preset-typescript@https://registry.npmjs.org/@babel/preset-typescript/-/preset-typescript-7.28.5.tgz. Extracting by manifest.
4943 silly tarball no local data for @babel/preset-react@https://registry.npmjs.org/@babel/preset-react/-/preset-react-7.28.5.tgz. Extracting by manifest.
4944 silly tarball no local data for babel-plugin-react-compiler@https://registry.npmjs.org/babel-plugin-react-compiler/-/babel-plugin-react-compiler-1.0.0.tgz. Extracting by manifest.
4945 silly tarball no local data for @react-native/babel-preset@https://registry.npmjs.org/@react-native/babel-preset/-/babel-preset-0.81.5.tgz. Extracting by manifest.
4946 silly tarball no local data for @babel/plugin-transform-runtime@https://registry.npmjs.org/@babel/plugin-transform-runtime/-/plugin-transform-runtime-7.29.0.tgz. Extracting by manifest.
4947 silly tarball no local data for @babel/plugin-transform-class-static-block@https://registry.npmjs.org/@babel/plugin-transform-class-static-block/-/plugin-transform-class-static-block-7.28.6.tgz. Extracting by manifest.
4948 silly tarball no local data for @babel/plugin-transform-private-methods@https://registry.npmjs.org/@babel/plugin-transform-private-methods/-/plugin-transform-private-methods-7.28.6.tgz. Extracting by manifest.
4949 silly tarball no local data for @babel/plugin-transform-private-property-in-object@https://registry.npmjs.org/@babel/plugin-transform-private-property-in-object/-/plugin-transform-private-property-in-object-7.28.6.tgz. Extracting by manifest.
4950 silly tarball no local data for @babel/plugin-transform-flow-strip-types@https://registry.npmjs.org/@babel/plugin-transform-flow-strip-types/-/plugin-transform-flow-strip-types-7.27.1.tgz. Extracting by manifest.
4951 silly tarball no local data for @babel/plugin-transform-object-rest-spread@https://registry.npmjs.org/@babel/plugin-transform-object-rest-spread/-/plugin-transform-object-rest-spread-7.28.6.tgz. Extracting by manifest.
4952 silly tarball no local data for @babel/plugin-transform-parameters@https://registry.npmjs.org/@babel/plugin-transform-parameters/-/plugin-transform-parameters-7.27.7.tgz. Extracting by manifest.
4953 silly tarball no local data for @babel/plugin-proposal-export-default-from@https://registry.npmjs.org/@babel/plugin-proposal-export-default-from/-/plugin-proposal-export-default-from-7.27.1.tgz. Extracting by manifest.
4954 silly tarball no local data for @babel/plugin-syntax-export-default-from@https://registry.npmjs.org/@babel/plugin-syntax-export-default-from/-/plugin-syntax-export-default-from-7.28.6.tgz. Extracting by manifest.
4955 silly tarball no local data for @babel/plugin-transform-export-namespace-from@https://registry.npmjs.org/@babel/plugin-transform-export-namespace-from/-/plugin-transform-export-namespace-from-7.27.1.tgz. Extracting by manifest.
4956 silly tarball no local data for @babel/plugin-transform-modules-commonjs@https://registry.npmjs.org/@babel/plugin-transform-modules-commonjs/-/plugin-transform-modules-commonjs-7.28.6.tgz. Extracting by manifest.
4957 silly tarball no local data for @jridgewell/resolve-uri@https://registry.npmjs.org/@jridgewell/resolve-uri/-/resolve-uri-3.1.2.tgz. Extracting by manifest.
4958 silly tarball no local data for xmlbuilder@https://registry.npmjs.org/xmlbuilder/-/xmlbuilder-15.1.1.tgz. Extracting by manifest.
4959 silly tarball no local data for @jridgewell/sourcemap-codec@https://registry.npmjs.org/@jridgewell/sourcemap-codec/-/sourcemap-codec-1.5.5.tgz. Extracting by manifest.
4960 silly tarball no local data for @babel/helper-string-parser@https://registry.npmjs.org/@babel/helper-string-parser/-/helper-string-parser-7.27.1.tgz. Extracting by manifest.
4961 silly tarball no local data for @babel/plugin-proposal-decorators@https://registry.npmjs.org/@babel/plugin-proposal-decorators/-/plugin-proposal-decorators-7.29.0.tgz. Extracting by manifest.
4962 silly tarball no local data for @babel/helper-globals@https://registry.npmjs.org/@babel/helper-globals/-/helper-globals-7.28.0.tgz. Extracting by manifest.
4963 silly tarball no local data for @babel/helper-validator-option@https://registry.npmjs.org/@babel/helper-validator-option/-/helper-validator-option-7.27.1.tgz. Extracting by manifest.
4964 silly tarball no local data for @babel/helper-module-imports@https://registry.npmjs.org/@babel/helper-module-imports/-/helper-module-imports-7.28.6.tgz. Extracting by manifest.
4965 silly tarball no local data for @xmldom/xmldom@https://registry.npmjs.org/@xmldom/xmldom/-/xmldom-0.8.13.tgz. Extracting by manifest.
4966 silly tarball no local data for @jridgewell/trace-mapping@https://registry.npmjs.org/@jridgewell/trace-mapping/-/trace-mapping-0.3.31.tgz. Extracting by manifest.
4967 silly tarball no local data for @babel/compat-data@https://registry.npmjs.org/@babel/compat-data/-/compat-data-7.29.0.tgz. Extracting by manifest.
4968 silly tarball no local data for jsesc@https://registry.npmjs.org/jsesc/-/jsesc-3.1.0.tgz. Extracting by manifest.
4969 silly tarball no local data for gensync@https://registry.npmjs.org/gensync/-/gensync-1.0.0-beta.2.tgz. Extracting by manifest.
4970 silly tarball no local data for convert-source-map@https://registry.npmjs.org/convert-source-map/-/convert-source-map-2.0.0.tgz. Extracting by manifest.
4971 silly tarball no local data for lru-cache@https://registry.npmjs.org/lru-cache/-/lru-cache-5.1.1.tgz. Extracting by manifest.
4972 silly tarball no local data for @jridgewell/remapping@https://registry.npmjs.org/@jridgewell/remapping/-/remapping-2.3.5.tgz. Extracting by manifest.
4973 silly tarball no local data for @jridgewell/gen-mapping@https://registry.npmjs.org/@jridgewell/gen-mapping/-/gen-mapping-0.3.13.tgz. Extracting by manifest.
4974 silly tarball no local data for @babel/types@https://registry.npmjs.org/@babel/types/-/types-7.29.0.tgz. Extracting by manifest.
4975 silly tarball no local data for @babel/traverse@https://registry.npmjs.org/@babel/traverse/-/traverse-7.29.0.tgz. Extracting by manifest.
4976 silly tarball no local data for @babel/parser@https://registry.npmjs.org/@babel/parser/-/parser-7.29.2.tgz. Extracting by manifest.
4977 silly tarball no local data for @babel/helper-module-transforms@https://registry.npmjs.org/@babel/helper-module-transforms/-/helper-module-transforms-7.28.6.tgz. Extracting by manifest.
4978 silly tarball no local data for @babel/template@https://registry.npmjs.org/@babel/template/-/template-7.28.6.tgz. Extracting by manifest.
4979 silly tarball no local data for @babel/helpers@https://registry.npmjs.org/@babel/helpers/-/helpers-7.29.2.tgz. Extracting by manifest.
4980 silly tarball no local data for hermes-parser@https://registry.npmjs.org/hermes-parser/-/hermes-parser-0.29.1.tgz. Extracting by manifest.
4981 silly tarball no local data for postcss@https://registry.npmjs.org/postcss/-/postcss-8.4.49.tgz. Extracting by manifest.
4982 silly tarball no local data for @babel/helper-compilation-targets@https://registry.npmjs.org/@babel/helper-compilation-targets/-/helper-compilation-targets-7.28.6.tgz. Extracting by manifest.
4983 silly tarball no local data for lightningcss@https://registry.npmjs.org/lightningcss/-/lightningcss-1.32.0.tgz. Extracting by manifest.
4984 silly tarball no local data for dotenv@https://registry.npmjs.org/dotenv/-/dotenv-16.4.7.tgz. Extracting by manifest.
4985 silly tarball no local data for dotenv-expand@https://registry.npmjs.org/dotenv-expand/-/dotenv-expand-11.0.7.tgz. Extracting by manifest.
4986 silly tarball no local data for @expo/env@https://registry.npmjs.org/@expo/env/-/env-2.0.11.tgz. Extracting by manifest.
4987 silly tarball no local data for metro-transform-plugins@https://registry.npmjs.org/metro-transform-plugins/-/metro-transform-plugins-0.83.3.tgz. Extracting by manifest.
4988 silly tarball no local data for browserslist@https://registry.npmjs.org/browserslist/-/browserslist-4.28.2.tgz. Extracting by manifest.
4989 silly tarball no local data for jsc-safe-url@https://registry.npmjs.org/jsc-safe-url/-/jsc-safe-url-0.2.4.tgz. Extracting by manifest.
4990 silly tarball no local data for @babel/generator@https://registry.npmjs.org/@babel/generator/-/generator-7.29.1.tgz. Extracting by manifest.
4991 silly tarball no local data for metro-transform-worker@https://registry.npmjs.org/metro-transform-worker/-/metro-transform-worker-0.83.3.tgz. Extracting by manifest.
4992 silly tarball no local data for metro-symbolicate@https://registry.npmjs.org/metro-symbolicate/-/metro-symbolicate-0.83.3.tgz. Extracting by manifest.
4993 silly tarball no local data for metro-file-map@https://registry.npmjs.org/metro-file-map/-/metro-file-map-0.83.3.tgz. Extracting by manifest.
4994 silly tarball no local data for @babel/core@https://registry.npmjs.org/@babel/core/-/core-7.29.0.tgz. Extracting by manifest.
4995 silly tarball no local data for metro-source-map@https://registry.npmjs.org/metro-source-map/-/metro-source-map-0.83.3.tgz. Extracting by manifest.
4996 silly tarball no local data for metro-core@https://registry.npmjs.org/metro-core/-/metro-core-0.83.3.tgz. Extracting by manifest.
4997 silly tarball no local data for metro-minify-terser@https://registry.npmjs.org/metro-minify-terser/-/metro-minify-terser-0.83.3.tgz. Extracting by manifest.
4998 silly tarball no local data for metro-cache-key@https://registry.npmjs.org/metro-cache-key/-/metro-cache-key-0.83.3.tgz. Extracting by manifest.
4999 silly tarball no local data for metro-resolver@https://registry.npmjs.org/metro-resolver/-/metro-resolver-0.83.3.tgz. Extracting by manifest.
5000 silly tarball no local data for metro@https://registry.npmjs.org/metro/-/metro-0.83.3.tgz. Extracting by manifest.
5001 silly tarball no local data for metro-runtime@https://registry.npmjs.org/metro-runtime/-/metro-runtime-0.83.3.tgz. Extracting by manifest.
5002 silly tarball no local data for metro-cache@https://registry.npmjs.org/metro-cache/-/metro-cache-0.83.3.tgz. Extracting by manifest.
5003 silly tarball no local data for json5@https://registry.npmjs.org/json5/-/json5-2.2.3.tgz. Extracting by manifest.
5004 silly tarball no local data for minimatch@https://registry.npmjs.org/minimatch/-/minimatch-9.0.9.tgz. Extracting by manifest.
5005 silly tarball no local data for metro-babel-transformer@https://registry.npmjs.org/metro-babel-transformer/-/metro-babel-transformer-0.83.3.tgz. Extracting by manifest.
5006 silly tarball no local data for arg@https://registry.npmjs.org/arg/-/arg-5.0.2.tgz. Extracting by manifest.
5007 silly tarball no local data for xcode@https://registry.npmjs.org/xcode/-/xcode-3.0.1.tgz. Extracting by manifest.
5008 silly tarball no local data for metro-config@https://registry.npmjs.org/metro-config/-/metro-config-0.83.3.tgz. Extracting by manifest.
5009 silly tarball no local data for @expo/sdk-runtime-versions@https://registry.npmjs.org/@expo/sdk-runtime-versions/-/sdk-runtime-versions-1.0.0.tgz. Extracting by manifest.
5010 silly tarball no local data for @expo/spawn-async@https://registry.npmjs.org/@expo/spawn-async/-/spawn-async-1.7.2.tgz. Extracting by manifest.
5011 silly tarball no local data for chalk@https://registry.npmjs.org/chalk/-/chalk-2.4.2.tgz. Extracting by manifest.
5012 silly tarball no local data for slash@https://registry.npmjs.org/slash/-/slash-3.0.0.tgz. Extracting by manifest.
5013 silly tarball no local data for @expo/plist@https://registry.npmjs.org/@expo/plist/-/plist-0.4.8.tgz. Extracting by manifest.
5014 silly tarball no local data for picocolors@https://registry.npmjs.org/picocolors/-/picocolors-1.1.1.tgz. Extracting by manifest.
5015 silly tarball no local data for xml2js@https://registry.npmjs.org/xml2js/-/xml2js-0.6.0.tgz. Extracting by manifest.
5016 silly tarball no local data for @babel/highlight@https://registry.npmjs.org/@babel/highlight/-/highlight-7.25.9.tgz. Extracting by manifest.
5017 silly tarball no local data for @babel/helper-validator-identifier@https://registry.npmjs.org/@babel/helper-validator-identifier/-/helper-validator-identifier-7.28.5.tgz. Extracting by manifest.
5018 silly tarball no local data for sucrase@https://registry.npmjs.org/sucrase/-/sucrase-3.35.1.tgz. Extracting by manifest.
5019 silly tarball no local data for slugify@https://registry.npmjs.org/slugify/-/slugify-1.6.9.tgz. Extracting by manifest.
5020 silly tarball no local data for js-tokens@https://registry.npmjs.org/js-tokens/-/js-tokens-4.0.0.tgz. Extracting by manifest.
5021 silly tarball no local data for glob@https://registry.npmjs.org/glob/-/glob-13.0.6.tgz. Extracting by manifest.
5022 silly tarball no local data for resolve-from@https://registry.npmjs.org/resolve-from/-/resolve-from-5.0.0.tgz. Extracting by manifest.
5023 silly tarball no local data for resolve-workspace-root@https://registry.npmjs.org/resolve-workspace-root/-/resolve-workspace-root-2.0.1.tgz. Extracting by manifest.
5024 silly tarball no local data for require-from-string@https://registry.npmjs.org/require-from-string/-/require-from-string-2.0.2.tgz. Extracting by manifest.
5025 silly tarball no local data for @expo/config-types@https://registry.npmjs.org/@expo/config-types/-/config-types-54.0.10.tgz. Extracting by manifest.
5026 silly tarball no local data for expo-modules-core@https://registry.npmjs.org/expo-modules-core/-/expo-modules-core-3.0.29.tgz. Extracting by manifest.
5027 silly tarball no local data for deepmerge@https://registry.npmjs.org/deepmerge/-/deepmerge-4.3.1.tgz. Extracting by manifest.
5028 silly tarball no local data for getenv@https://registry.npmjs.org/getenv/-/getenv-2.0.0.tgz. Extracting by manifest.
5029 silly tarball no local data for expo-keep-awake@https://registry.npmjs.org/expo-keep-awake/-/expo-keep-awake-15.0.8.tgz. Extracting by manifest.
5030 silly tarball no local data for @expo/json-file@https://registry.npmjs.org/@expo/json-file/-/json-file-10.0.13.tgz. Extracting by manifest.
5031 silly tarball no local data for expo-modules-autolinking@https://registry.npmjs.org/expo-modules-autolinking/-/expo-modules-autolinking-3.0.24.tgz. Extracting by manifest.
5032 silly tarball no local data for react-refresh@https://registry.npmjs.org/react-refresh/-/react-refresh-0.14.2.tgz. Extracting by manifest.
5033 silly tarball no local data for expo-constants@https://registry.npmjs.org/expo-constants/-/expo-constants-18.0.13.tgz. Extracting by manifest.
5034 silly tarball no local data for @babel/code-frame@https://registry.npmjs.org/@babel/code-frame/-/code-frame-7.10.4.tgz. Extracting by manifest.
5035 silly tarball no local data for babel-preset-expo@https://registry.npmjs.org/babel-preset-expo/-/babel-preset-expo-54.0.10.tgz. Extracting by manifest.
5036 silly tarball no local data for @expo/metro-config@https://registry.npmjs.org/@expo/metro-config/-/metro-config-54.0.14.tgz. Extracting by manifest.
5037 silly tarball no local data for expo-file-system@https://registry.npmjs.org/expo-file-system/-/expo-file-system-19.0.21.tgz. Extracting by manifest.
5038 silly tarball no local data for @expo/fingerprint@https://registry.npmjs.org/@expo/fingerprint/-/fingerprint-0.15.4.tgz. Extracting by manifest.
5039 silly tarball no local data for @expo/metro@https://registry.npmjs.org/@expo/metro/-/metro-54.2.0.tgz. Extracting by manifest.
5040 silly tarball no local data for expo-asset@https://registry.npmjs.org/expo-asset/-/expo-asset-12.0.12.tgz. Extracting by manifest.
5041 silly tarball no local data for @expo/config@https://registry.npmjs.org/@expo/config/-/config-12.0.13.tgz. Extracting by manifest.
5042 silly tarball no local data for @expo/config-plugins@https://registry.npmjs.org/@expo/config-plugins/-/config-plugins-54.0.4.tgz. Extracting by manifest.
5043 silly tarball no local data for simple-swizzle@https://registry.npmjs.org/simple-swizzle/-/simple-swizzle-0.2.4.tgz. Extracting by manifest.
5044 silly tarball no local data for whatwg-url-without-unicode@https://registry.npmjs.org/whatwg-url-without-unicode/-/whatwg-url-without-unicode-8.0.0-3.tgz. Extracting by manifest.
5045 silly tarball no local data for @babel/runtime@https://registry.npmjs.org/@babel/runtime/-/runtime-7.29.2.tgz. Extracting by manifest.
5046 silly tarball no local data for color-string@https://registry.npmjs.org/color-string/-/color-string-1.9.1.tgz. Extracting by manifest.
5047 silly tarball no local data for react-is@https://registry.npmjs.org/react-is/-/react-is-19.2.5.tgz. Extracting by manifest.
5048 silly tarball no local data for @expo/devtools@https://registry.npmjs.org/@expo/devtools/-/devtools-0.1.8.tgz. Extracting by manifest.
5049 silly tarball no local data for nanoid@https://registry.npmjs.org/nanoid/-/nanoid-3.3.11.tgz. Extracting by manifest.
5050 silly tarball no local data for @react-navigation/core@https://registry.npmjs.org/@react-navigation/core/-/core-7.17.2.tgz. Extracting by manifest.
5051 silly tarball no local data for @react-navigation/routers@https://registry.npmjs.org/@react-navigation/routers/-/routers-7.5.3.tgz. Extracting by manifest.
5052 silly tarball no local data for use-sync-external-store@https://registry.npmjs.org/use-sync-external-store/-/use-sync-external-store-1.6.0.tgz. Extracting by manifest.
5053 silly tarball no local data for use-latest-callback@https://registry.npmjs.org/use-latest-callback/-/use-latest-callback-0.2.6.tgz. Extracting by manifest.
5054 silly tarball no local data for query-string@https://registry.npmjs.org/query-string/-/query-string-7.1.3.tgz. Extracting by manifest.
5055 silly tarball no local data for @react-navigation/elements@https://registry.npmjs.org/@react-navigation/elements/-/elements-2.9.15.tgz. Extracting by manifest.
5056 silly tarball no local data for stacktrace-parser@https://registry.npmjs.org/stacktrace-parser/-/stacktrace-parser-0.1.11.tgz. Extracting by manifest.
5057 silly tarball no local data for sf-symbols-typescript@https://registry.npmjs.org/sf-symbols-typescript/-/sf-symbols-typescript-2.2.0.tgz. Extracting by manifest.
5058 silly tarball no local data for whatwg-fetch@https://registry.npmjs.org/whatwg-fetch/-/whatwg-fetch-3.6.20.tgz. Extracting by manifest.
5059 silly tarball no local data for merge-options@https://registry.npmjs.org/merge-options/-/merge-options-3.0.4.tgz. Extracting by manifest.
5060 silly tarball no local data for color@https://registry.npmjs.org/color/-/color-4.2.3.tgz. Extracting by manifest.
5061 silly tarball no local data for pretty-format@https://registry.npmjs.org/pretty-format/-/pretty-format-29.7.0.tgz. Extracting by manifest.
5062 silly tarball no local data for anser@https://registry.npmjs.org/anser/-/anser-1.4.10.tgz. Extracting by manifest.
5063 silly tarball no local data for react-native-vector-icons@https://registry.npmjs.org/react-native-vector-icons/-/react-native-vector-icons-10.3.0.tgz. Extracting by manifest.
5064 silly tarball no local data for libphonenumber-js@https://registry.npmjs.org/libphonenumber-js/-/libphonenumber-js-1.12.42.tgz. Extracting by manifest.
5065 silly tarball no local data for react-dom@https://registry.npmjs.org/react-dom/-/react-dom-19.1.0.tgz. Extracting by manifest.
5066 silly tarball no local data for expo-status-bar@https://registry.npmjs.org/expo-status-bar/-/expo-status-bar-3.0.9.tgz. Extracting by manifest.
5067 silly tarball no local data for expo-maps@https://registry.npmjs.org/expo-maps/-/expo-maps-0.12.10.tgz. Extracting by manifest.
5068 silly tarball no local data for expo-image-picker@https://registry.npmjs.org/expo-image-picker/-/expo-image-picker-17.0.10.tgz. Extracting by manifest.
5069 silly tarball no local data for country-state-city@https://registry.npmjs.org/country-state-city/-/country-state-city-3.2.1.tgz. Extracting by manifest.
5070 silly tarball no local data for react-native-maps@https://registry.npmjs.org/react-native-maps/-/react-native-maps-1.20.1.tgz. Extracting by manifest.
5071 silly tarball no local data for expo-location@https://registry.npmjs.org/expo-location/-/expo-location-19.0.8.tgz. Extracting by manifest.
5072 silly tarball no local data for react-native-safe-area-context@https://registry.npmjs.org/react-native-safe-area-context/-/react-native-safe-area-context-5.7.0.tgz. Extracting by manifest.
5073 silly tarball no local data for react-native-web@https://registry.npmjs.org/react-native-web/-/react-native-web-0.21.2.tgz. Extracting by manifest.
5074 silly tarball no local data for react-native-gesture-handler@https://registry.npmjs.org/react-native-gesture-handler/-/react-native-gesture-handler-2.31.1.tgz. Extracting by manifest.
5075 silly tarball no local data for @react-navigation/stack@https://registry.npmjs.org/@react-navigation/stack/-/stack-7.8.11.tgz. Extracting by manifest.
5076 silly tarball no local data for @stripe/stripe-react-native@https://registry.npmjs.org/@stripe/stripe-react-native/-/stripe-react-native-0.63.0.tgz. Extracting by manifest.
5077 silly tarball no local data for @react-navigation/bottom-tabs@https://registry.npmjs.org/@react-navigation/bottom-tabs/-/bottom-tabs-7.15.10.tgz. Extracting by manifest.
5078 silly tarball no local data for react-native-screens@https://registry.npmjs.org/react-native-screens/-/react-native-screens-4.16.0.tgz. Extracting by manifest.
5079 silly tarball no local data for @react-navigation/native@https://registry.npmjs.org/@react-navigation/native/-/native-7.2.2.tgz. Extracting by manifest.
5080 silly tarball no local data for @react-native-google-signin/google-signin@https://registry.npmjs.org/@react-native-google-signin/google-signin/-/google-signin-16.1.2.tgz. Extracting by manifest.
5081 silly tarball no local data for @react-native-async-storage/async-storage@https://registry.npmjs.org/@react-native-async-storage/async-storage/-/async-storage-2.2.0.tgz. Extracting by manifest.
5082 silly tarball no local data for react@https://registry.npmjs.org/react/-/react-19.1.0.tgz. Extracting by manifest.
5083 silly tarball no local data for expo-font@https://registry.npmjs.org/expo-font/-/expo-font-55.0.6.tgz. Extracting by manifest.
5084 silly tarball no local data for @expo/vector-icons@https://registry.npmjs.org/@expo/vector-icons/-/vector-icons-15.1.1.tgz. Extracting by manifest.
5085 silly tarball no local data for react-native@https://registry.npmjs.org/react-native/-/react-native-0.81.5.tgz. Extracting by manifest.
5086 silly tarball no local data for @expo/metro-runtime@https://registry.npmjs.org/@expo/metro-runtime/-/metro-runtime-6.1.2.tgz. Extracting by manifest.
5087 silly tarball no local data for type-fest@https://registry.npmjs.org/type-fest/-/type-fest-0.21.3.tgz. Extracting by manifest.
5088 silly tarball no local data for lru-cache@https://registry.npmjs.org/lru-cache/-/lru-cache-10.4.3.tgz. Extracting by manifest.
5089 silly tarball no local data for expo@https://registry.npmjs.org/expo/-/expo-54.0.33.tgz. Extracting by manifest.
5090 silly tarball no local data for resolve@https://registry.npmjs.org/resolve/-/resolve-1.7.1.tgz. Extracting by manifest.
5091 silly tarball no local data for open@https://registry.npmjs.org/open/-/open-8.4.2.tgz. Extracting by manifest.
5092 silly tarball no local data for yallist@https://registry.npmjs.org/yallist/-/yallist-5.0.0.tgz. Extracting by manifest.
5093 silly tarball no local data for ansi-regex@https://registry.npmjs.org/ansi-regex/-/ansi-regex-4.1.1.tgz. Extracting by manifest.
5094 silly tarball no local data for negotiator@https://registry.npmjs.org/negotiator/-/negotiator-0.6.4.tgz. Extracting by manifest.
5095 silly tarball no local data for strip-ansi@https://registry.npmjs.org/strip-ansi/-/strip-ansi-5.2.0.tgz. Extracting by manifest.
5096 silly tarball no local data for @babel/code-frame@https://registry.npmjs.org/@babel/code-frame/-/code-frame-7.29.0.tgz. Extracting by manifest.
5097 silly tarball no local data for debug@https://registry.npmjs.org/debug/-/debug-3.2.7.tgz. Extracting by manifest.
5098 silly tarball no local data for picomatch@https://registry.npmjs.org/picomatch/-/picomatch-4.0.4.tgz. Extracting by manifest.
5099 silly tarball no local data for fdir@https://registry.npmjs.org/fdir/-/fdir-6.5.0.tgz. Extracting by manifest.
5100 silly tarball no local data for source-map@https://registry.npmjs.org/source-map/-/source-map-0.6.1.tgz. Extracting by manifest.
5101 silly tarball no local data for react-is@https://registry.npmjs.org/react-is/-/react-is-16.13.1.tgz. Extracting by manifest.
5102 silly tarball no local data for react-is@https://registry.npmjs.org/react-is/-/react-is-16.13.1.tgz. Extracting by manifest.
5103 silly tarball no local data for promise@https://registry.npmjs.org/promise/-/promise-7.3.1.tgz. Extracting by manifest.
5104 silly tarball no local data for escape-string-regexp@https://registry.npmjs.org/escape-string-regexp/-/escape-string-regexp-2.0.0.tgz. Extracting by manifest.
5105 silly tarball no local data for p-limit@https://registry.npmjs.org/p-limit/-/p-limit-2.3.0.tgz. Extracting by manifest.
5106 silly tarball no local data for @babel/code-frame@https://registry.npmjs.org/@babel/code-frame/-/code-frame-7.29.0.tgz. Extracting by manifest.
5107 silly tarball no local data for semver@https://registry.npmjs.org/semver/-/semver-6.3.1.tgz. Extracting by manifest.
5108 silly tarball no local data for ws@https://registry.npmjs.org/ws/-/ws-6.2.3.tgz. Extracting by manifest.
5109 silly tarball no local data for @babel/code-frame@https://registry.npmjs.org/@babel/code-frame/-/code-frame-7.29.0.tgz. Extracting by manifest.
5110 silly tarball no local data for camelcase@https://registry.npmjs.org/camelcase/-/camelcase-5.3.1.tgz. Extracting by manifest.
5111 silly tarball no local data for commander@https://registry.npmjs.org/commander/-/commander-2.20.3.tgz. Extracting by manifest.
5112 silly tarball no local data for ci-info@https://registry.npmjs.org/ci-info/-/ci-info-3.9.0.tgz. Extracting by manifest.
5113 silly tarball no local data for lru-cache@https://registry.npmjs.org/lru-cache/-/lru-cache-11.3.5.tgz. Extracting by manifest.
5114 silly tarball no local data for @babel/code-frame@https://registry.npmjs.org/@babel/code-frame/-/code-frame-7.29.0.tgz. Extracting by manifest.
5115 silly tarball no local data for supports-color@https://registry.npmjs.org/supports-color/-/supports-color-8.1.1.tgz. Extracting by manifest.
5116 silly tarball no local data for semver@https://registry.npmjs.org/semver/-/semver-6.3.1.tgz. Extracting by manifest.
5117 silly tarball no local data for semver@https://registry.npmjs.org/semver/-/semver-6.3.1.tgz. Extracting by manifest.
5118 silly tarball no local data for color-name@https://registry.npmjs.org/color-name/-/color-name-1.1.3.tgz. Extracting by manifest.
5119 silly tarball no local data for semver@https://registry.npmjs.org/semver/-/semver-6.3.1.tgz. Extracting by manifest.
5120 silly tarball no local data for semver@https://registry.npmjs.org/semver/-/semver-6.3.1.tgz. Extracting by manifest.
5121 silly tarball no local data for color-convert@https://registry.npmjs.org/color-convert/-/color-convert-1.9.3.tgz. Extracting by manifest.
5122 silly tarball no local data for @babel/code-frame@https://registry.npmjs.org/@babel/code-frame/-/code-frame-7.29.0.tgz. Extracting by manifest.
5123 silly tarball no local data for @babel/code-frame@https://registry.npmjs.org/@babel/code-frame/-/code-frame-7.29.0.tgz. Extracting by manifest.
5124 silly tarball no local data for @babel/code-frame@https://registry.npmjs.org/@babel/code-frame/-/code-frame-7.29.0.tgz. Extracting by manifest.
5125 silly tarball no local data for semver@https://registry.npmjs.org/semver/-/semver-6.3.1.tgz. Extracting by manifest.
5126 silly tarball no local data for hermes-estree@https://registry.npmjs.org/hermes-estree/-/hermes-estree-0.32.0.tgz. Extracting by manifest.
5127 silly tarball no local data for hermes-parser@https://registry.npmjs.org/hermes-parser/-/hermes-parser-0.32.0.tgz. Extracting by manifest.
5128 silly tarball no local data for commander@https://registry.npmjs.org/commander/-/commander-4.1.1.tgz. Extracting by manifest.
5129 silly tarball no local data for hermes-parser@https://registry.npmjs.org/hermes-parser/-/hermes-parser-0.32.0.tgz. Extracting by manifest.
5130 silly tarball no local data for semver@https://registry.npmjs.org/semver/-/semver-6.3.1.tgz. Extracting by manifest.
5131 silly tarball no local data for hermes-estree@https://registry.npmjs.org/hermes-estree/-/hermes-estree-0.32.0.tgz. Extracting by manifest.
5132 silly tarball no local data for balanced-match@https://registry.npmjs.org/balanced-match/-/balanced-match-4.0.4.tgz. Extracting by manifest.
5133 silly tarball no local data for brace-expansion@https://registry.npmjs.org/brace-expansion/-/brace-expansion-5.0.5.tgz. Extracting by manifest.
5134 silly tarball no local data for escape-string-regexp@https://registry.npmjs.org/escape-string-regexp/-/escape-string-regexp-1.0.5.tgz. Extracting by manifest.
5135 silly tarball no local data for @babel/code-frame@https://registry.npmjs.org/@babel/code-frame/-/code-frame-7.29.0.tgz. Extracting by manifest.
5136 silly tarball no local data for @babel/code-frame@https://registry.npmjs.org/@babel/code-frame/-/code-frame-7.29.0.tgz. Extracting by manifest.
5137 silly tarball no local data for xmlbuilder@https://registry.npmjs.org/xmlbuilder/-/xmlbuilder-11.0.1.tgz. Extracting by manifest.
5138 silly tarball no local data for minimatch@https://registry.npmjs.org/minimatch/-/minimatch-10.2.5.tgz. Extracting by manifest.
5139 silly tarball no local data for webidl-conversions@https://registry.npmjs.org/webidl-conversions/-/webidl-conversions-5.0.0.tgz. Extracting by manifest.
5140 silly tarball no local data for @babel/code-frame@https://registry.npmjs.org/@babel/code-frame/-/code-frame-7.29.0.tgz. Extracting by manifest.
5141 silly tarball no local data for @react-native/normalize-colors@https://registry.npmjs.org/@react-native/normalize-colors/-/normalize-colors-0.74.89.tgz. Extracting by manifest.
5142 silly tarball no local data for cliui@https://registry.npmjs.org/cliui/-/cliui-7.0.4.tgz. Extracting by manifest.
5143 silly tarball no local data for react-is@https://registry.npmjs.org/react-is/-/react-is-18.3.1.tgz. Extracting by manifest.
5144 silly tarball no local data for memoize-one@https://registry.npmjs.org/memoize-one/-/memoize-one-6.0.0.tgz. Extracting by manifest.
5145 silly tarball no local data for yargs@https://registry.npmjs.org/yargs/-/yargs-16.2.0.tgz. Extracting by manifest.
5146 silly tarball no local data for yargs-parser@https://registry.npmjs.org/yargs-parser/-/yargs-parser-20.2.9.tgz. Extracting by manifest.
5147 silly tarball no local data for ws@https://registry.npmjs.org/ws/-/ws-6.2.3.tgz. Extracting by manifest.
5148 silly tarball no local data for ansi-styles@https://registry.npmjs.org/ansi-styles/-/ansi-styles-5.2.0.tgz. Extracting by manifest.
5149 silly tarball no local data for commander@https://registry.npmjs.org/commander/-/commander-12.1.0.tgz. Extracting by manifest.
5150 silly tarball no local data for ws@https://registry.npmjs.org/ws/-/ws-8.20.0.tgz. Extracting by manifest.
5151 silly tarball no local data for picomatch@https://registry.npmjs.org/picomatch/-/picomatch-3.0.2.tgz. Extracting by manifest.
5152 silly tarball no local data for @react-native/virtualized-lists@https://registry.npmjs.org/@react-native/virtualized-lists/-/virtualized-lists-0.81.5.tgz. Extracting by manifest.
5153 silly tarball no local data for ci-info@https://registry.npmjs.org/ci-info/-/ci-info-3.9.0.tgz. Extracting by manifest.
5154 silly tarball no local data for @expo/cli@https://registry.npmjs.org/@expo/cli/-/cli-54.0.23.tgz. Extracting by manifest.
5155 silly tarball no local data for expo-font@https://registry.npmjs.org/expo-font/-/expo-font-14.0.11.tgz. Extracting by manifest.
5156 warn deprecated inflight@1.0.6: This module is not supported, and leaks memory. Do not use it. Check out lru-cache if you want a good and tested way to coalesce async requests by a key value, which is much more comprehensive and powerful.
5157 warn deprecated rimraf@3.0.2: Rimraf versions prior to v4 are no longer supported
5158 warn deprecated glob@7.2.3: Old versions of glob are not supported, and contain widely publicized security vulnerabilities, which have been fixed in the current version. Please update. Support for old versions may be purchased (at exorbitant rates) by contacting i@izs.me
5159 warn deprecated glob@7.2.3: Old versions of glob are not supported, and contain widely publicized security vulnerabilities, which have been fixed in the current version. Please update. Support for old versions may be purchased (at exorbitant rates) by contacting i@izs.me
5160 warn deprecated glob@7.2.3: Old versions of glob are not supported, and contain widely publicized security vulnerabilities, which have been fixed in the current version. Please update. Support for old versions may be purchased (at exorbitant rates) by contacting i@izs.me
5161 warn deprecated glob@7.2.3: Old versions of glob are not supported, and contain widely publicized security vulnerabilities, which have been fixed in the current version. Please update. Support for old versions may be purchased (at exorbitant rates) by contacting i@izs.me
5162 http fetch GET 200 https://registry.npmjs.org/chownr/-/chownr-3.0.0.tgz 211ms (cache miss)
5163 http fetch GET 200 https://registry.npmjs.org/defaults/-/defaults-1.0.4.tgz 211ms (cache miss)
5164 http fetch GET 200 https://registry.npmjs.org/onetime/-/onetime-2.0.1.tgz 212ms (cache miss)
5165 http fetch GET 200 https://registry.npmjs.org/define-lazy-prop/-/define-lazy-prop-2.0.0.tgz 213ms (cache miss)
5166 http fetch GET 200 https://registry.npmjs.org/ini/-/ini-1.3.8.tgz 212ms (cache miss)
5167 http fetch GET 200 https://registry.npmjs.org/mimic-fn/-/mimic-fn-1.2.0.tgz 212ms (cache miss)
5168 http fetch GET 200 https://registry.npmjs.org/supports-hyperlinks/-/supports-hyperlinks-2.3.0.tgz 213ms (cache miss)
5169 http fetch GET 200 https://registry.npmjs.org/clone/-/clone-1.0.4.tgz 213ms (cache miss)
5170 http fetch GET 200 https://registry.npmjs.org/ansi-escapes/-/ansi-escapes-4.3.2.tgz 212ms (cache miss)
5171 http fetch GET 200 https://registry.npmjs.org/deep-extend/-/deep-extend-0.6.0.tgz 223ms (cache miss)
5172 http fetch GET 200 https://registry.npmjs.org/cli-cursor/-/cli-cursor-2.1.0.tgz 224ms (cache miss)
5173 http fetch GET 200 https://registry.npmjs.org/sisteransi/-/sisteransi-1.0.5.tgz 224ms (cache miss)
5174 http fetch GET 200 https://registry.npmjs.org/kleur/-/kleur-3.0.3.tgz 224ms (cache miss)
5175 http fetch GET 200 https://registry.npmjs.org/log-symbols/-/log-symbols-2.2.0.tgz 224ms (cache miss)
5176 http fetch GET 200 https://registry.npmjs.org/p-try/-/p-try-2.2.0.tgz 227ms (cache miss)
5177 http fetch GET 200 https://registry.npmjs.org/cli-spinners/-/cli-spinners-2.9.2.tgz 230ms (cache miss)
5178 http fetch GET 200 https://registry.npmjs.org/proc-log/-/proc-log-4.2.0.tgz 230ms (cache miss)
5179 http fetch GET 200 https://registry.npmjs.org/minizlib/-/minizlib-3.1.0.tgz 234ms (cache miss)
5180 http fetch GET 200 https://registry.npmjs.org/wcwidth/-/wcwidth-1.0.1.tgz 236ms (cache miss)
5181 http fetch GET 200 https://registry.npmjs.org/nested-error-stacks/-/nested-error-stacks-2.0.1.tgz 236ms (cache miss)
5182 http fetch POST 200 https://registry.npmjs.org/-/npm/v1/security/advisories/bulk 414ms
5183 silly audit report {
5183 silly audit report   postcss: [
5183 silly audit report     {
5183 silly audit report       id: 1117015,
5183 silly audit report       url: 'https://github.com/advisories/GHSA-qx2v-qp2m-jg93',
5183 silly audit report       title: 'PostCSS has XSS via Unescaped </style> in its CSS Stringify Output',
5183 silly audit report       severity: 'moderate',
5183 silly audit report       vulnerable_versions: '<8.5.10',
5183 silly audit report       cwe: [Array],
5183 silly audit report       cvss: [Object]
5183 silly audit report     }
5183 silly audit report   ],
5183 silly audit report   uuid: [
5183 silly audit report     {
5183 silly audit report       id: 1116970,
5183 silly audit report       url: 'https://github.com/advisories/GHSA-w5hq-g745-h8pq',
5183 silly audit report       title: 'uuid: Missing buffer bounds check in v3/v5/v6 when buf is provided',
5183 silly audit report       severity: 'moderate',
5183 silly audit report       vulnerable_versions: '<14.0.0',
5183 silly audit report       cwe: [Array],
5183 silly audit report       cvss: [Object]
5183 silly audit report     }
5183 silly audit report   ]
5183 silly audit report }
5184 silly packumentCache corgi:https://registry.npmjs.org/postcss cache-miss
5185 silly packumentCache corgi:https://registry.npmjs.org/uuid cache-miss
5186 http fetch GET 200 https://registry.npmjs.org/on-headers/-/on-headers-1.1.0.tgz 348ms (cache miss)
5187 http fetch GET 200 https://registry.npmjs.org/restore-cursor/-/restore-cursor-2.0.0.tgz 348ms (cache miss)
5188 http fetch GET 200 https://registry.npmjs.org/hosted-git-info/-/hosted-git-info-7.0.2.tgz 348ms (cache miss)
5189 http fetch GET 200 https://registry.npmjs.org/compressible/-/compressible-2.0.18.tgz 348ms (cache miss)
5190 http fetch GET 200 https://registry.npmjs.org/rc/-/rc-1.2.8.tgz 352ms (cache miss)
5191 http fetch GET 200 https://registry.npmjs.org/validate-npm-package-name/-/validate-npm-package-name-5.0.1.tgz 402ms (cache miss)
5192 http fetch GET 200 https://registry.npmjs.org/strip-json-comments/-/strip-json-comments-2.0.1.tgz 403ms (cache miss)
5193 http fetch GET 200 https://registry.npmjs.org/progress/-/progress-2.0.3.tgz 410ms (cache miss)
5194 http fetch GET 200 https://registry.npmjs.org/terminal-link/-/terminal-link-2.1.1.tgz 411ms (cache miss)
5195 http fetch GET 200 https://registry.npmjs.org/resolve.exports/-/resolve.exports-2.0.3.tgz 415ms (cache miss)
5196 http fetch GET 200 https://registry.npmjs.org/pretty-bytes/-/pretty-bytes-5.6.0.tgz 421ms (cache miss)
5197 http fetch GET 200 https://registry.npmjs.org/@isaacs/fs-minipass/-/fs-minipass-4.0.1.tgz 437ms (cache miss)
5198 http fetch GET 200 https://registry.npmjs.org/npm-package-arg/-/npm-package-arg-11.0.3.tgz 434ms (cache miss)
5199 http fetch GET 200 https://registry.npmjs.org/structured-headers/-/structured-headers-0.4.1.tgz 439ms (cache miss)
5200 http fetch GET 200 https://registry.npmjs.org/requireg/-/requireg-0.2.2.tgz 485ms (cache miss)
5201 http fetch GET 200 https://registry.npmjs.org/compression/-/compression-1.8.1.tgz 491ms (cache miss)
5202 http fetch GET 200 https://registry.npmjs.org/ora/-/ora-3.4.0.tgz 508ms (cache miss)
5203 http fetch GET 200 https://registry.npmjs.org/env-editor/-/env-editor-0.4.2.tgz 511ms (cache miss)
5204 http fetch GET 200 https://registry.npmjs.org/freeport-async/-/freeport-async-2.0.0.tgz 516ms (cache miss)
5205 http fetch GET 200 https://registry.npmjs.org/wonka/-/wonka-6.3.6.tgz 601ms (cache miss)
5206 http fetch GET 200 https://registry.npmjs.org/lan-network/-/lan-network-0.1.7.tgz 607ms (cache miss)
5207 http fetch GET 200 https://registry.npmjs.org/better-opn/-/better-opn-3.0.2.tgz 621ms (cache miss)
5208 http fetch GET 200 https://registry.npmjs.org/expo-server/-/expo-server-1.0.5.tgz 654ms (cache miss)
5209 http fetch GET 200 https://registry.npmjs.org/prompts/-/prompts-2.4.2.tgz 674ms (cache miss)
5210 http fetch GET 200 https://registry.npmjs.org/@expo/sudo-prompt/-/sudo-prompt-9.3.2.tgz 815ms (cache miss)
5211 http fetch GET 200 https://registry.npmjs.org/undici/-/undici-6.25.0.tgz 873ms (cache miss)
5212 http fetch GET 200 https://registry.npmjs.org/is-fullwidth-code-point/-/is-fullwidth-code-point-3.0.0.tgz 921ms (cache miss)
5213 http fetch GET 200 https://registry.npmjs.org/async-limiter/-/async-limiter-1.0.1.tgz 926ms (cache miss)
5214 http fetch GET 200 https://registry.npmjs.org/qrcode-terminal/-/qrcode-terminal-0.11.0.tgz 977ms (cache miss)
5215 http fetch GET 200 https://registry.npmjs.org/@expo/schema-utils/-/schema-utils-0.1.8.tgz 992ms (cache miss)
5216 http fetch GET 200 https://registry.npmjs.org/@expo/osascript/-/osascript-2.4.2.tgz 992ms (cache miss)
5217 http fetch GET 200 https://registry.npmjs.org/emoji-regex/-/emoji-regex-8.0.0.tgz 995ms (cache miss)
5218 http fetch GET 200 https://registry.npmjs.org/@expo/package-manager/-/package-manager-1.10.4.tgz 1042ms (cache miss)
5219 http fetch GET 200 https://registry.npmjs.org/y18n/-/y18n-5.0.8.tgz 1047ms (cache miss)
5220 http fetch GET 200 https://registry.npmjs.org/yargs-parser/-/yargs-parser-21.1.1.tgz 1061ms (cache miss)
5221 http fetch GET 200 https://registry.npmjs.org/wrap-ansi/-/wrap-ansi-7.0.0.tgz 1066ms (cache miss)
5222 http fetch GET 200 https://registry.npmjs.org/cliui/-/cliui-8.0.1.tgz 1065ms (cache miss)
5223 http fetch GET 200 https://registry.npmjs.org/tar/-/tar-7.5.13.tgz 1091ms (cache miss)
5224 http fetch GET 200 https://registry.npmjs.org/get-caller-file/-/get-caller-file-2.0.5.tgz 1105ms (cache miss)
5225 http fetch GET 200 https://registry.npmjs.org/string-width/-/string-width-4.2.3.tgz 1105ms (cache miss)
5226 http fetch GET 200 https://registry.npmjs.org/stream-buffers/-/stream-buffers-2.2.0.tgz 1150ms (cache miss)
5227 http fetch GET 200 https://registry.npmjs.org/@0no-co/graphql.web/-/graphql.web-1.2.0.tgz 1159ms (cache miss)
5228 http fetch GET 200 https://registry.npmjs.org/simple-plist/-/simple-plist-1.3.1.tgz 1171ms (cache miss)
5229 http fetch GET 200 https://registry.npmjs.org/@urql/exchange-retry/-/exchange-retry-1.3.2.tgz 1178ms (cache miss)
5230 http fetch GET 200 https://registry.npmjs.org/@expo/devcert/-/devcert-1.2.1.tgz 1180ms (cache miss)
5231 http fetch GET 200 https://registry.npmjs.org/big-integer/-/big-integer-1.6.52.tgz 1179ms (cache miss)
5232 http fetch GET 200 https://registry.npmjs.org/@expo/ws-tunnel/-/ws-tunnel-1.0.6.tgz 1182ms (cache miss)
5233 http fetch GET 200 https://registry.npmjs.org/@urql/core/-/core-5.2.0.tgz 1188ms (cache miss)
5234 http fetch GET 200 https://registry.npmjs.org/sax/-/sax-1.6.0.tgz 1192ms (cache miss)
5235 http fetch GET 200 https://registry.npmjs.org/@expo/prebuild-config/-/prebuild-config-54.0.8.tgz 1197ms (cache miss)
5236 http fetch GET 200 https://registry.npmjs.org/require-directory/-/require-directory-2.1.1.tgz 1213ms (cache miss)
5237 http fetch GET 200 https://registry.npmjs.org/ieee754/-/ieee754-1.2.1.tgz 1229ms (cache miss)
5238 http fetch GET 200 https://registry.npmjs.org/signal-exit/-/signal-exit-3.0.7.tgz 1247ms (cache miss)
5239 http fetch GET 200 https://registry.npmjs.org/makeerror/-/makeerror-1.0.12.tgz 1247ms (cache miss)
5240 http fetch GET 200 https://registry.npmjs.org/unicode-canonical-property-names-ecmascript/-/unicode-canonical-property-names-ecmascript-2.0.1.tgz 1255ms (cache miss)
5241 http fetch GET 200 https://registry.npmjs.org/thenify/-/thenify-3.3.1.tgz 1255ms (cache miss)
5242 http fetch GET 200 https://registry.npmjs.org/tmpl/-/tmpl-1.0.5.tgz 1258ms (cache miss)
5243 http fetch GET 200 https://registry.npmjs.org/bplist-parser/-/bplist-parser-0.3.1.tgz 1265ms (cache miss)
5244 http fetch GET 200 https://registry.npmjs.org/uuid/-/uuid-7.0.3.tgz 1276ms (cache miss)
5245 http fetch GET 200 https://registry.npmjs.org/source-map-support/-/source-map-support-0.5.21.tgz 1287ms (cache miss)
5246 http fetch GET 200 https://registry.npmjs.org/bplist-creator/-/bplist-creator-0.1.0.tgz 1289ms (cache miss)
5247 http fetch GET 200 https://registry.npmjs.org/buffer/-/buffer-5.7.1.tgz 1289ms (cache miss)
5248 http fetch GET 200 https://registry.npmjs.org/unicode-property-aliases-ecmascript/-/unicode-property-aliases-ecmascript-2.2.0.tgz 1388ms (cache miss)
5249 http fetch GET 200 https://registry.npmjs.org/has-flag/-/has-flag-3.0.0.tgz 1388ms (cache miss)
5250 http fetch GET 200 https://registry.npmjs.org/escalade/-/escalade-3.2.0.tgz 1389ms (cache miss)
5251 http fetch GET 200 https://registry.npmjs.org/thenify-all/-/thenify-all-1.6.0.tgz 1388ms (cache miss)
5252 http fetch GET 200 https://registry.npmjs.org/is-number/-/is-number-7.0.0.tgz 1388ms (cache miss)
5253 http fetch GET 200 https://registry.npmjs.org/mz/-/mz-2.7.0.tgz 1431ms (cache miss)
5254 http fetch GET 200 https://registry.npmjs.org/tinyglobby/-/tinyglobby-0.2.16.tgz 1431ms (cache miss)
5255 http fetch GET 200 https://registry.npmjs.org/lines-and-columns/-/lines-and-columns-1.2.4.tgz 1433ms (cache miss)
5256 http fetch GET 200 https://registry.npmjs.org/is-arrayish/-/is-arrayish-0.3.4.tgz 1452ms (cache miss)
5257 http fetch GET 200 https://registry.npmjs.org/supports-preserve-symlinks-flag/-/supports-preserve-symlinks-flag-1.0.0.tgz 1456ms (cache miss)
5258 http fetch GET 200 https://registry.npmjs.org/path-parse/-/path-parse-1.0.7.tgz 1456ms (cache miss)
5259 http fetch GET 200 https://registry.npmjs.org/type-fest/-/type-fest-0.7.1.tgz 1466ms (cache miss)
5260 http fetch GET 200 https://registry.npmjs.org/@expo/code-signing-certificates/-/code-signing-certificates-0.0.6.tgz 1481ms (cache miss)
5261 http fetch GET 200 https://registry.npmjs.org/is-core-module/-/is-core-module-2.16.1.tgz 1486ms (cache miss)
5262 http fetch GET 200 https://registry.npmjs.org/unicode-match-property-value-ecmascript/-/unicode-match-property-value-ecmascript-2.2.1.tgz 1489ms (cache miss)
5263 http fetch GET 200 https://registry.npmjs.org/regjsgen/-/regjsgen-0.8.0.tgz 1514ms (cache miss)
5264 http fetch GET 200 https://registry.npmjs.org/regenerate/-/regenerate-1.4.2.tgz 1523ms (cache miss)
5265 http fetch GET 200 https://registry.npmjs.org/unicode-match-property-ecmascript/-/unicode-match-property-ecmascript-2.0.0.tgz 1524ms (cache miss)
5266 http fetch GET 200 https://registry.npmjs.org/setimmediate/-/setimmediate-1.0.5.tgz 1538ms (cache miss)
5267 http fetch GET 200 https://registry.npmjs.org/fbjs-css-vars/-/fbjs-css-vars-1.0.2.tgz 1557ms (cache miss)
5268 http fetch GET 200 https://registry.npmjs.org/regjsparser/-/regjsparser-0.13.1.tgz 1557ms (cache miss)
5269 http fetch GET 200 https://registry.npmjs.org/css-in-js-utils/-/css-in-js-utils-3.1.0.tgz 1571ms (cache miss)
5270 http fetch GET 200 https://registry.npmjs.org/ua-parser-js/-/ua-parser-js-1.0.41.tgz 1607ms (cache miss)
5271 http fetch GET 200 https://registry.npmjs.org/hyphenate-style-name/-/hyphenate-style-name-1.1.0.tgz 1619ms (cache miss)
5272 http fetch GET 200 https://registry.npmjs.org/cross-fetch/-/cross-fetch-3.2.0.tgz 1620ms (cache miss)
5273 http fetch GET 200 https://registry.npmjs.org/postcss-value-parser/-/postcss-value-parser-4.2.0.tgz 1627ms (cache miss)
5274 http fetch GET 200 https://registry.npmjs.org/styleq/-/styleq-0.1.3.tgz 1627ms (cache miss)
5275 http fetch GET 200 https://registry.npmjs.org/inline-style-prefixer/-/inline-style-prefixer-7.0.1.tgz 1639ms (cache miss)
5276 http fetch GET 200 https://registry.npmjs.org/@jridgewell/source-map/-/source-map-0.3.11.tgz 1654ms (cache miss)
5277 http fetch GET 200 https://registry.npmjs.org/warn-once/-/warn-once-0.1.1.tgz 1669ms (cache miss)
5278 http fetch GET 200 https://registry.npmjs.org/react-freeze/-/react-freeze-1.0.4.tgz 1685ms (cache miss)
5279 http fetch GET 200 https://registry.npmjs.org/any-promise/-/any-promise-1.3.0.tgz 1699ms (cache miss)
5280 http fetch GET 200 https://registry.npmjs.org/@expo/xcpretty/-/xcpretty-4.4.3.tgz 1712ms (cache miss)
5281 http fetch GET 200 https://registry.npmjs.org/hoist-non-react-statics/-/hoist-non-react-statics-3.3.2.tgz 1722ms (cache miss)
5282 http fetch GET 200 https://registry.npmjs.org/ts-interface-checker/-/ts-interface-checker-0.1.13.tgz 1725ms (cache miss)
5283 http fetch GET 200 https://registry.npmjs.org/prop-types/-/prop-types-15.8.1.tgz 1744ms (cache miss)
5284 http fetch GET 200 https://registry.npmjs.org/node-forge/-/node-forge-1.4.0.tgz 1769ms (cache miss)
5285 http fetch GET 200 https://registry.npmjs.org/fbjs/-/fbjs-3.0.5.tgz 1803ms (cache miss)
5286 http fetch GET 200 https://registry.npmjs.org/regenerate-unicode-properties/-/regenerate-unicode-properties-10.2.2.tgz 1855ms (cache miss)
5287 http fetch GET 200 https://registry.npmjs.org/sprintf-js/-/sprintf-js-1.0.3.tgz 1855ms (cache miss)
5288 http fetch GET 200 https://registry.npmjs.org/stack-utils/-/stack-utils-2.0.6.tgz 1932ms (cache miss)
5289 http fetch GET 200 https://registry.npmjs.org/argparse/-/argparse-1.0.10.tgz 1938ms (cache miss)
5290 http fetch GET 200 https://registry.npmjs.org/shell-quote/-/shell-quote-1.8.3.tgz 1945ms (cache miss)
5291 http fetch GET 200 https://registry.npmjs.org/fsevents/-/fsevents-2.3.3.tgz 1945ms (cache miss)
5292 http fetch GET 200 https://registry.npmjs.org/@types/geojson/-/geojson-7946.0.16.tgz 1955ms (cache miss)
5293 http fetch GET 200 https://registry.npmjs.org/esprima/-/esprima-4.0.1.tgz 1954ms (cache miss)
5294 http fetch GET 200 https://registry.npmjs.org/normalize-path/-/normalize-path-3.0.0.tgz 2002ms (cache miss)
5295 http fetch GET 200 https://registry.npmjs.org/anymatch/-/anymatch-3.1.3.tgz 2002ms (cache miss)
5296 http fetch GET 200 https://registry.npmjs.org/type-detect/-/type-detect-4.0.8.tgz 2057ms (cache miss)
5297 http fetch GET 200 https://registry.npmjs.org/@types/react-test-renderer/-/react-test-renderer-19.1.0.tgz 2058ms (cache miss)
5298 http fetch GET 200 https://registry.npmjs.org/@types/react/-/react-19.2.14.tgz 2071ms (cache miss)
5299 http fetch GET 200 https://registry.npmjs.org/jest-message-util/-/jest-message-util-29.7.0.tgz 2120ms (cache miss)
5300 http fetch GET 200 https://registry.npmjs.org/is-docker/-/is-docker-2.2.1.tgz 2120ms (cache miss)
5301 http fetch GET 200 https://registry.npmjs.org/jest-mock/-/jest-mock-29.7.0.tgz 2121ms (cache miss)
5302 http fetch GET 200 https://registry.npmjs.org/marky/-/marky-1.3.0.tgz 2153ms (cache miss)
5303 http fetch GET 200 https://registry.npmjs.org/p-locate/-/p-locate-4.1.0.tgz 2157ms (cache miss)
5304 http fetch GET 200 https://registry.npmjs.org/asap/-/asap-2.0.6.tgz 2162ms (cache miss)
5305 http fetch GET 200 https://registry.npmjs.org/lighthouse-logger/-/lighthouse-logger-1.4.2.tgz 2179ms (cache miss)
5306 http fetch GET 200 https://registry.npmjs.org/mkdirp/-/mkdirp-1.0.4.tgz 2190ms (cache miss)
5307 http fetch GET 200 https://registry.npmjs.org/is-wsl/-/is-wsl-2.2.0.tgz 2210ms (cache miss)
5308 http fetch GET 200 https://registry.npmjs.org/locate-path/-/locate-path-5.0.0.tgz 2213ms (cache miss)
5309 http fetch GET 200 https://registry.npmjs.org/@babel/plugin-syntax-top-level-await/-/plugin-syntax-top-level-await-7.14.5.tgz 2243ms (cache miss)
5310 http fetch GET 200 https://registry.npmjs.org/csstype/-/csstype-3.2.3.tgz 2245ms (cache miss)
5311 http fetch GET 200 https://registry.npmjs.org/@babel/plugin-syntax-object-rest-spread/-/plugin-syntax-object-rest-spread-7.8.3.tgz 2280ms (cache miss)
5312 http fetch GET 200 https://registry.npmjs.org/@types/graceful-fs/-/graceful-fs-4.1.9.tgz 2282ms (cache miss)
5313 http fetch GET 200 https://registry.npmjs.org/@types/stack-utils/-/stack-utils-2.0.3.tgz 2282ms (cache miss)
5314 http fetch GET 200 https://registry.npmjs.org/istanbul-lib-coverage/-/istanbul-lib-coverage-3.2.2.tgz 2281ms (cache miss)
5315 http fetch GET 200 https://registry.npmjs.org/@babel/plugin-syntax-optional-catch-binding/-/plugin-syntax-optional-catch-binding-7.8.3.tgz 2280ms (cache miss)
5316 http fetch GET 200 https://registry.npmjs.org/@babel/plugin-syntax-private-property-in-object/-/plugin-syntax-private-property-in-object-7.14.5.tgz 2428ms (cache miss)
5317 http fetch GET 200 https://registry.npmjs.org/@babel/plugin-syntax-import-attributes/-/plugin-syntax-import-attributes-7.28.6.tgz 2428ms (cache miss)
5318 http fetch GET 200 https://registry.npmjs.org/@babel/plugin-syntax-import-meta/-/plugin-syntax-import-meta-7.10.4.tgz 2428ms (cache miss)
5319 http fetch GET 200 https://registry.npmjs.org/@babel/plugin-syntax-logical-assignment-operators/-/plugin-syntax-logical-assignment-operators-7.10.4.tgz 2428ms (cache miss)
5320 http fetch GET 200 https://registry.npmjs.org/@babel/plugin-syntax-numeric-separator/-/plugin-syntax-numeric-separator-7.10.4.tgz 2428ms (cache miss)
5321 http fetch GET 200 https://registry.npmjs.org/@egjs/hammerjs/-/hammerjs-2.0.17.tgz 2443ms (cache miss)
5322 http fetch GET 200 https://registry.npmjs.org/get-package-type/-/get-package-type-0.1.0.tgz 2500ms (cache miss)
5323 http fetch GET 200 https://registry.npmjs.org/@sinonjs/fake-timers/-/fake-timers-10.3.0.tgz 2502ms (cache miss)
5324 http fetch GET 200 https://registry.npmjs.org/babel-plugin-jest-hoist/-/babel-plugin-jest-hoist-29.6.3.tgz 2509ms (cache miss)
5325 http fetch GET 200 https://registry.npmjs.org/test-exclude/-/test-exclude-6.0.0.tgz 2508ms (cache miss)
5326 http fetch GET 200 https://registry.npmjs.org/@babel/plugin-syntax-class-properties/-/plugin-syntax-class-properties-7.12.13.tgz 2509ms (cache miss)
5327 http fetch GET 200 https://registry.npmjs.org/@types/hammerjs/-/hammerjs-2.0.46.tgz 2514ms (cache miss)
5328 http fetch GET 200 https://registry.npmjs.org/plist/-/plist-3.1.0.tgz 2534ms (cache miss)
5329 http fetch GET 200 https://registry.npmjs.org/@babel/plugin-syntax-json-strings/-/plugin-syntax-json-strings-7.8.3.tgz 2545ms (cache miss)
5330 http fetch GET 200 https://registry.npmjs.org/babel-preset-current-node-syntax/-/babel-preset-current-node-syntax-1.2.0.tgz 2552ms (cache miss)
5331 http fetch GET 200 https://registry.npmjs.org/@istanbuljs/schema/-/schema-0.1.6.tgz 2593ms (cache miss)
5332 http fetch GET 200 https://registry.npmjs.org/istanbul-lib-instrument/-/istanbul-lib-instrument-5.2.1.tgz 2593ms (cache miss)
5333 http fetch GET 200 https://registry.npmjs.org/@types/babel__traverse/-/babel__traverse-7.28.0.tgz 2593ms (cache miss)
5334 http fetch GET 200 https://registry.npmjs.org/find-up/-/find-up-4.1.0.tgz 2593ms (cache miss)
5335 http fetch GET 200 https://registry.npmjs.org/@istanbuljs/load-nyc-config/-/load-nyc-config-1.1.0.tgz 2603ms (cache miss)
5336 http fetch GET 200 https://registry.npmjs.org/jest-regex-util/-/jest-regex-util-29.6.3.tgz 2603ms (cache miss)
5337 http fetch GET 200 https://registry.npmjs.org/js-yaml/-/js-yaml-3.14.2.tgz 2606ms (cache miss)
5338 http fetch GET 200 https://registry.npmjs.org/@types/babel__template/-/babel__template-7.4.4.tgz 2612ms (cache miss)
5339 http fetch GET 200 https://registry.npmjs.org/pirates/-/pirates-4.0.7.tgz 2615ms (cache miss)
5340 http fetch GET 200 https://registry.npmjs.org/@babel/plugin-syntax-async-generators/-/plugin-syntax-async-generators-7.8.4.tgz 2620ms (cache miss)
5341 http fetch GET 200 https://registry.npmjs.org/@babel/plugin-syntax-class-static-block/-/plugin-syntax-class-static-block-7.14.5.tgz 2634ms (cache miss)
5342 http fetch GET 200 https://registry.npmjs.org/write-file-atomic/-/write-file-atomic-4.0.2.tgz 2672ms (cache miss)
5343 http fetch GET 200 https://registry.npmjs.org/chromium-edge-launcher/-/chromium-edge-launcher-0.2.0.tgz 2682ms (cache miss)
5344 http fetch GET 200 https://registry.npmjs.org/babel-preset-jest/-/babel-preset-jest-29.6.3.tgz 2687ms (cache miss)
5345 http fetch GET 200 https://registry.npmjs.org/babel-plugin-istanbul/-/babel-plugin-istanbul-6.1.1.tgz 2689ms (cache miss)
5346 http fetch GET 200 https://registry.npmjs.org/@types/babel__generator/-/babel__generator-7.27.0.tgz 2696ms (cache miss)
5347 http fetch GET 200 https://registry.npmjs.org/@types/babel__core/-/babel__core-7.20.5.tgz 2725ms (cache miss)
5348 http fetch GET 200 https://registry.npmjs.org/jest-haste-map/-/jest-haste-map-29.7.0.tgz 2726ms (cache miss)
5349 http fetch GET 200 https://registry.npmjs.org/regenerator-runtime/-/regenerator-runtime-0.13.11.tgz 2746ms (cache miss)
5350 http fetch GET 200 https://registry.npmjs.org/open/-/open-7.4.2.tgz 2746ms (cache miss)
5351 http fetch GET 200 https://registry.npmjs.org/event-target-shim/-/event-target-shim-5.0.1.tgz 2771ms (cache miss)
5352 http fetch GET 200 https://registry.npmjs.org/@babel/plugin-syntax-bigint/-/plugin-syntax-bigint-7.8.3.tgz 2784ms (cache miss)
5353 http fetch GET 200 https://registry.npmjs.org/babel-jest/-/babel-jest-29.7.0.tgz 2784ms (cache miss)
5354 http fetch GET 200 https://registry.npmjs.org/memoize-one/-/memoize-one-5.2.1.tgz 2785ms (cache miss)
5355 http fetch GET 200 https://registry.npmjs.org/chrome-launcher/-/chrome-launcher-0.15.2.tgz 2787ms (cache miss)
5356 http fetch GET 200 https://registry.npmjs.org/promise/-/promise-8.3.0.tgz 2801ms (cache miss)
5357 http fetch GET 200 https://registry.npmjs.org/jest-environment-node/-/jest-environment-node-29.7.0.tgz 2814ms (cache miss)
5358 http fetch GET 200 https://registry.npmjs.org/@sinonjs/commons/-/commons-3.0.1.tgz 2862ms (cache miss)
5359 http fetch GET 200 https://registry.npmjs.org/split-on-first/-/split-on-first-1.1.0.tgz 2880ms (cache miss)
5360 http fetch GET 200 https://registry.npmjs.org/abort-controller/-/abort-controller-3.0.0.tgz 2887ms (cache miss)
5361 http fetch GET 200 https://registry.npmjs.org/filter-obj/-/filter-obj-1.1.0.tgz 2906ms (cache miss)
5362 http fetch GET 200 https://registry.npmjs.org/strict-uri-encode/-/strict-uri-encode-2.0.0.tgz 2956ms (cache miss)
5363 http fetch GET 200 https://registry.npmjs.org/@jest/environment/-/environment-29.7.0.tgz 2975ms (cache miss)
5364 http fetch GET 200 https://registry.npmjs.org/@jest/fake-timers/-/fake-timers-29.7.0.tgz 2975ms (cache miss)
5365 http fetch GET 200 https://registry.npmjs.org/decode-uri-component/-/decode-uri-component-0.2.2.tgz 2970ms (cache miss)
5366 http fetch GET 200 https://registry.npmjs.org/@isaacs/ttlcache/-/ttlcache-1.4.1.tgz 2992ms (cache miss)
5367 http fetch GET 200 https://registry.npmjs.org/scheduler/-/scheduler-0.26.0.tgz 3007ms (cache miss)
5368 http fetch GET 200 https://registry.npmjs.org/@jest/transform/-/transform-29.7.0.tgz 3040ms (cache miss)
5369 http fetch GET 200 https://registry.npmjs.org/source-map-js/-/source-map-js-1.2.1.tgz 3046ms (cache miss)
5370 http fetch GET 200 https://registry.npmjs.org/to-regex-range/-/to-regex-range-5.0.1.tgz 3054ms (cache miss)
5371 http fetch GET 200 https://registry.npmjs.org/brace-expansion/-/brace-expansion-2.1.0.tgz 3069ms (cache miss)
5372 http fetch GET 200 https://registry.npmjs.org/fill-range/-/fill-range-7.1.1.tgz 3087ms (cache miss)
5373 http fetch GET 200 https://registry.npmjs.org/braces/-/braces-3.0.3.tgz 3118ms (cache miss)
5374 http fetch GET 200 https://registry.npmjs.org/ob1/-/ob1-0.83.3.tgz 3118ms (cache miss)
5375 http fetch GET 200 https://registry.npmjs.org/walker/-/walker-1.0.8.tgz 3222ms (cache miss)
5376 http fetch GET 200 https://registry.npmjs.org/@react-native/dev-middleware/-/dev-middleware-0.81.5.tgz 3267ms (cache miss)
5377 http fetch GET 200 https://registry.npmjs.org/pngjs/-/pngjs-3.4.0.tgz 3267ms (cache miss)
5378 http fetch GET 200 https://registry.npmjs.org/@react-native/js-polyfills/-/js-polyfills-0.81.5.tgz 3274ms (cache miss)
5379 http fetch GET 200 https://registry.npmjs.org/node-int64/-/node-int64-0.4.0.tgz 3292ms (cache miss)
5380 http fetch GET 200 https://registry.npmjs.org/@react-native/normalize-colors/-/normalize-colors-0.81.5.tgz 3312ms (cache miss)
5381 http fetch GET 200 https://registry.npmjs.org/fb-watchman/-/fb-watchman-2.0.2.tgz 3309ms (cache miss)
5382 http fetch GET 200 https://registry.npmjs.org/jest-get-type/-/jest-get-type-29.6.3.tgz 3321ms (cache miss)
5383 http fetch GET 200 https://registry.npmjs.org/micromatch/-/micromatch-4.0.8.tgz 3340ms (cache miss)
5384 http fetch GET 200 https://registry.npmjs.org/bser/-/bser-2.1.1.tgz 3341ms (cache miss)
5385 http fetch GET 200 https://registry.npmjs.org/vlq/-/vlq-1.0.1.tgz 3344ms (cache miss)
5386 http fetch GET 200 https://registry.npmjs.org/leven/-/leven-3.1.0.tgz 3360ms (cache miss)
5387 http fetch GET 200 https://registry.npmjs.org/jest-validate/-/jest-validate-29.7.0.tgz 3471ms (cache miss)
5388 http fetch GET 200 https://registry.npmjs.org/camelcase/-/camelcase-6.3.0.tgz 3471ms (cache miss)
5389 http fetch GET 200 https://registry.npmjs.org/@react-native/assets-registry/-/assets-registry-0.81.5.tgz 3499ms (cache miss)
5390 http fetch GET 200 https://registry.npmjs.org/@react-native/community-cli-plugin/-/community-cli-plugin-0.81.5.tgz 3517ms (cache miss)
5391 http fetch GET 200 https://registry.npmjs.org/picomatch/-/picomatch-2.3.2.tgz 3519ms (cache miss)
5392 http fetch GET 200 https://registry.npmjs.org/merge-stream/-/merge-stream-2.0.0.tgz 3564ms (cache miss)
5393 http fetch GET 200 https://registry.npmjs.org/jest-util/-/jest-util-29.7.0.tgz 3572ms (cache miss)
5394 http fetch GET 200 https://registry.npmjs.org/@types/yargs-parser/-/yargs-parser-21.0.3.tgz 3614ms (cache miss)
5395 http fetch GET 200 https://registry.npmjs.org/@types/istanbul-lib-report/-/istanbul-lib-report-3.0.3.tgz 3629ms (cache miss)
5396 http fetch GET 200 https://registry.npmjs.org/undici-types/-/undici-types-7.19.2.tgz 3654ms (cache miss)
5397 http fetch GET 200 https://registry.npmjs.org/exponential-backoff/-/exponential-backoff-3.1.3.tgz 3696ms (cache miss)
5398 http fetch GET 200 https://registry.npmjs.org/@jest/create-cache-key-function/-/create-cache-key-function-29.7.0.tgz 3710ms (cache miss)
5399 http fetch GET 200 https://registry.npmjs.org/@types/yargs/-/yargs-17.0.35.tgz 3707ms (cache miss)
5400 http fetch GET 200 https://registry.npmjs.org/@types/istanbul-reports/-/istanbul-reports-3.0.4.tgz 3707ms (cache miss)
5401 http fetch GET 200 https://registry.npmjs.org/statuses/-/statuses-1.5.0.tgz 3711ms (cache miss)
5402 http fetch GET 200 https://registry.npmjs.org/yaml/-/yaml-2.8.3.tgz 3713ms (cache miss)
5403 http fetch GET 200 https://registry.npmjs.org/@react-native/gradle-plugin/-/gradle-plugin-0.81.5.tgz 3729ms (cache miss)
5404 http fetch GET 200 https://registry.npmjs.org/queue/-/queue-6.0.2.tgz 3724ms (cache miss)
5405 http fetch GET 200 https://registry.npmjs.org/encodeurl/-/encodeurl-1.0.2.tgz 3784ms (cache miss)
5406 http fetch GET 200 https://registry.npmjs.org/on-finished/-/on-finished-2.3.0.tgz 3789ms (cache miss)
5407 http fetch GET 200 https://registry.npmjs.org/throat/-/throat-5.0.0.tgz 3794ms (cache miss)
5408 http fetch GET 200 https://registry.npmjs.org/finalhandler/-/finalhandler-1.1.2.tgz 3795ms (cache miss)
5409 http fetch GET 200 https://registry.npmjs.org/stackframe/-/stackframe-1.3.4.tgz 3802ms (cache miss)
5410 http fetch GET 200 https://registry.npmjs.org/@types/istanbul-lib-coverage/-/istanbul-lib-coverage-2.0.6.tgz 3801ms (cache miss)
5411 http fetch GET 200 https://registry.npmjs.org/serialize-error/-/serialize-error-2.1.0.tgz 3850ms (cache miss)
5412 http fetch GET 200 https://registry.npmjs.org/@babel/traverse/-/traverse-7.29.0.tgz 3862ms (cache miss)
5413 http fetch GET 200 https://registry.npmjs.org/flow-enums-runtime/-/flow-enums-runtime-0.0.6.tgz 3866ms (cache miss)
5414 http fetch GET 200 https://registry.npmjs.org/@jest/types/-/types-29.6.3.tgz 3870ms (cache miss)
5415 http fetch GET 200 https://registry.npmjs.org/lodash.throttle/-/lodash.throttle-4.1.1.tgz 3879ms (cache miss)
5416 http fetch GET 200 https://registry.npmjs.org/ws/-/ws-7.5.10.tgz 3879ms (cache miss)
5417 http fetch GET 200 https://registry.npmjs.org/jest-worker/-/jest-worker-29.7.0.tgz 3901ms (cache miss)
5418 http fetch GET 200 https://registry.npmjs.org/image-size/-/image-size-1.2.1.tgz 3905ms (cache miss)
5419 http fetch GET 200 https://registry.npmjs.org/ci-info/-/ci-info-2.0.0.tgz 3949ms (cache miss)
5420 http fetch GET 200 https://registry.npmjs.org/@sinclair/typebox/-/typebox-0.27.10.tgz 3953ms (cache miss)
5421 http fetch GET 200 https://registry.npmjs.org/yallist/-/yallist-3.1.1.tgz 3956ms (cache miss)
5422 http fetch GET 200 https://registry.npmjs.org/is-plain-obj/-/is-plain-obj-2.1.0.tgz 3956ms (cache miss)
5423 http fetch GET 200 https://registry.npmjs.org/detect-libc/-/detect-libc-2.1.2.tgz 3972ms (cache miss)
5424 http fetch GET 200 https://registry.npmjs.org/error-stack-parser/-/error-stack-parser-2.1.4.tgz 3972ms (cache miss)
5425 http fetch GET 200 https://registry.npmjs.org/connect/-/connect-3.7.0.tgz 3972ms (cache miss)
5426 http fetch GET 200 https://registry.npmjs.org/graceful-fs/-/graceful-fs-4.2.11.tgz 3985ms (cache miss)
5427 http fetch GET 200 https://registry.npmjs.org/loose-envify/-/loose-envify-1.4.0.tgz 4013ms (cache miss)
5428 http fetch GET 200 https://registry.npmjs.org/fontfaceobserver/-/fontfaceobserver-2.3.0.tgz 4182ms (cache miss)
5429 http fetch GET 200 https://registry.npmjs.org/@jest/schemas/-/schemas-29.6.3.tgz 4186ms (cache miss)
5430 http fetch GET 200 https://registry.npmjs.org/react-native-is-edge-to-edge/-/react-native-is-edge-to-edge-1.3.1.tgz 4196ms (cache miss)
5431 http fetch GET 200 https://registry.npmjs.org/parse-png/-/parse-png-2.1.0.tgz 4315ms (cache miss)
5432 http fetch GET 200 https://registry.npmjs.org/supports-color/-/supports-color-5.5.0.tgz 4400ms (cache miss)
5433 http fetch GET 200 https://registry.npmjs.org/path-scurry/-/path-scurry-2.0.2.tgz 4521ms (cache miss)
5434 http fetch GET 200 https://registry.npmjs.org/@expo/require-utils/-/require-utils-55.0.4.tgz 4551ms (cache miss)
5435 http fetch GET 200 https://registry.npmjs.org/minipass/-/minipass-7.1.3.tgz 4622ms (cache miss)
5436 http fetch GET 200 https://registry.npmjs.org/@expo/image-utils/-/image-utils-0.8.13.tgz 4626ms (cache miss)
5437 http fetch GET 200 https://registry.npmjs.org/electron-to-chromium/-/electron-to-chromium-1.5.344.tgz 4682ms (cache miss)
5438 http fetch GET 200 https://registry.npmjs.org/node-releases/-/node-releases-2.0.38.tgz 4725ms (cache miss)
5439 http fetch GET 200 https://registry.npmjs.org/ansi-styles/-/ansi-styles-3.2.1.tgz 4725ms (cache miss)
5440 http fetch GET 200 https://registry.npmjs.org/resolve/-/resolve-1.22.12.tgz 4916ms (cache miss)
5441 http fetch GET 200 https://registry.npmjs.org/baseline-browser-mapping/-/baseline-browser-mapping-2.10.21.tgz 4952ms (cache miss)
5442 http fetch GET 200 https://registry.npmjs.org/lodash.debounce/-/lodash.debounce-4.0.8.tgz 5054ms (cache miss)
5443 http fetch GET 200 https://registry.npmjs.org/nullthrows/-/nullthrows-1.1.1.tgz 5071ms (cache miss)
5444 http fetch GET 200 https://registry.npmjs.org/expo-image-loader/-/expo-image-loader-6.0.0.tgz 5137ms (cache miss)
5445 http fetch GET 200 https://registry.npmjs.org/yargs/-/yargs-17.7.2.tgz 5150ms (cache miss)
5446 http fetch GET 200 https://registry.npmjs.org/commander/-/commander-7.2.0.tgz 5153ms (cache miss)
5447 http fetch GET 200 https://registry.npmjs.org/invariant/-/invariant-2.2.4.tgz 5229ms (cache miss)
5448 http fetch GET 200 https://registry.npmjs.org/update-browserslist-db/-/update-browserslist-db-1.2.3.tgz 5234ms (cache miss)
5449 http fetch GET 200 https://registry.npmjs.org/@babel/plugin-transform-sticky-regex/-/plugin-transform-sticky-regex-7.27.1.tgz 5233ms (cache miss)
5450 http fetch GET 200 https://registry.npmjs.org/core-js-compat/-/core-js-compat-3.49.0.tgz 5286ms (cache miss)
5451 http fetch GET 200 https://registry.npmjs.org/source-map/-/source-map-0.5.7.tgz 5307ms (cache miss)
5452 http fetch GET 200 https://registry.npmjs.org/caniuse-lite/-/caniuse-lite-1.0.30001790.tgz 5323ms (cache miss)
5453 http fetch GET 200 https://registry.npmjs.org/@babel/helper-wrap-function/-/helper-wrap-function-7.28.6.tgz 5331ms (cache miss)
5454 http fetch GET 200 https://registry.npmjs.org/jimp-compact/-/jimp-compact-0.16.1.tgz 5373ms (cache miss)
5455 http fetch GET 200 https://registry.npmjs.org/regexpu-core/-/regexpu-core-6.4.0.tgz 5371ms (cache miss)
5456 http fetch GET 200 https://registry.npmjs.org/hermes-estree/-/hermes-estree-0.29.1.tgz 5381ms (cache miss)
5457 http fetch GET 200 https://registry.npmjs.org/@babel/plugin-transform-shorthand-properties/-/plugin-transform-shorthand-properties-7.27.1.tgz 5434ms (cache miss)
5458 http fetch GET 200 https://registry.npmjs.org/@babel/plugin-transform-unicode-regex/-/plugin-transform-unicode-regex-7.27.1.tgz 5434ms (cache miss)
5459 http fetch GET 200 https://registry.npmjs.org/@babel/helper-create-regexp-features-plugin/-/helper-create-regexp-features-plugin-7.28.5.tgz 5434ms (cache miss)
5460 http fetch GET 200 https://registry.npmjs.org/@babel/plugin-transform-optional-catch-binding/-/plugin-transform-optional-catch-binding-7.28.6.tgz 5447ms (cache miss)
5461 http fetch GET 200 https://registry.npmjs.org/@babel/plugin-transform-react-jsx-self/-/plugin-transform-react-jsx-self-7.27.1.tgz 5459ms (cache miss)
5462 http fetch GET 200 https://registry.npmjs.org/@babel/plugin-transform-function-name/-/plugin-transform-function-name-7.27.1.tgz 5646ms (cache miss)
5463 http fetch GET 200 https://registry.npmjs.org/@babel/plugin-transform-optional-chaining/-/plugin-transform-optional-chaining-7.28.6.tgz 5659ms (cache miss)
5464 http fetch GET 200 https://registry.npmjs.org/terser/-/terser-5.46.2.tgz 5720ms (cache miss)
5465 http fetch GET 200 https://registry.npmjs.org/@babel/plugin-transform-numeric-separator/-/plugin-transform-numeric-separator-7.28.6.tgz 5739ms (cache miss)
5466 http fetch GET 200 https://registry.npmjs.org/@babel/helper-define-polyfill-provider/-/helper-define-polyfill-provider-0.6.8.tgz 5742ms (cache miss)
5467 http fetch GET 200 https://registry.npmjs.org/@babel/plugin-transform-named-capturing-groups-regex/-/plugin-transform-named-capturing-groups-regex-7.29.0.tgz 5746ms (cache miss)
5468 http fetch GET 200 https://registry.npmjs.org/@babel/plugin-transform-logical-assignment-operators/-/plugin-transform-logical-assignment-operators-7.28.6.tgz 5763ms (cache miss)
5469 http fetch GET 200 https://registry.npmjs.org/@babel/plugin-transform-spread/-/plugin-transform-spread-7.28.6.tgz 5769ms (cache miss)
5470 http fetch GET 200 https://registry.npmjs.org/@babel/plugin-transform-react-jsx-source/-/plugin-transform-react-jsx-source-7.27.1.tgz 5778ms (cache miss)
5471 http fetch GET 200 https://registry.npmjs.org/@babel/plugin-transform-regenerator/-/plugin-transform-regenerator-7.29.0.tgz 5810ms (cache miss)
5472 http fetch GET 200 https://registry.npmjs.org/@babel/plugin-transform-literals/-/plugin-transform-literals-7.27.1.tgz 5817ms (cache miss)
5473 http fetch GET 200 https://registry.npmjs.org/@babel/plugin-transform-computed-properties/-/plugin-transform-computed-properties-7.28.6.tgz 5839ms (cache miss)
5474 http fetch GET 200 https://registry.npmjs.org/@babel/plugin-transform-nullish-coalescing-operator/-/plugin-transform-nullish-coalescing-operator-7.28.6.tgz 5895ms (cache miss)
5475 http fetch GET 200 https://registry.npmjs.org/@babel/plugin-syntax-optional-chaining/-/plugin-syntax-optional-chaining-7.8.3.tgz 5895ms (cache miss)
5476 http fetch GET 200 https://registry.npmjs.org/@babel/plugin-transform-class-properties/-/plugin-transform-class-properties-7.28.6.tgz 5898ms (cache miss)
5477 http fetch GET 200 https://registry.npmjs.org/@babel/plugin-syntax-typescript/-/plugin-syntax-typescript-7.28.6.tgz 5909ms (cache miss)
5478 http fetch GET 200 https://registry.npmjs.org/@babel/plugin-transform-for-of/-/plugin-transform-for-of-7.27.1.tgz 5909ms (cache miss)
5479 http fetch GET 200 https://registry.npmjs.org/@types/node/-/node-25.6.0.tgz 5957ms (cache miss)
5480 http fetch GET 200 https://registry.npmjs.org/@babel/plugin-syntax-nullish-coalescing-operator/-/plugin-syntax-nullish-coalescing-operator-7.8.3.tgz 5970ms (cache miss)
5481 http fetch GET 200 https://registry.npmjs.org/@babel/plugin-transform-async-generator-functions/-/plugin-transform-async-generator-functions-7.29.0.tgz 5980ms (cache miss)
5482 http fetch GET 200 https://registry.npmjs.org/@babel/plugin-syntax-jsx/-/plugin-syntax-jsx-7.28.6.tgz 5987ms (cache miss)
5483 http fetch GET 200 https://registry.npmjs.org/@babel/plugin-transform-react-jsx/-/plugin-transform-react-jsx-7.28.6.tgz 5998ms (cache miss)
5484 http fetch GET 200 https://registry.npmjs.org/@react-native/codegen/-/codegen-0.81.5.tgz 6007ms (cache miss)
5485 http fetch GET 200 https://registry.npmjs.org/@babel/plugin-transform-react-jsx-development/-/plugin-transform-react-jsx-development-7.27.1.tgz 6028ms (cache miss)
5486 http fetch GET 200 https://registry.npmjs.org/@babel/plugin-transform-react-display-name/-/plugin-transform-react-display-name-7.28.0.tgz 6058ms (cache miss)
5487 http fetch GET 200 https://registry.npmjs.org/@react-native/babel-plugin-codegen/-/babel-plugin-codegen-0.81.5.tgz 6070ms (cache miss)
5488 http fetch GET 200 https://registry.npmjs.org/@babel/plugin-transform-react-pure-annotations/-/plugin-transform-react-pure-annotations-7.27.1.tgz 6089ms (cache miss)
5489 http fetch GET 200 https://registry.npmjs.org/@babel/plugin-transform-typescript/-/plugin-transform-typescript-7.28.6.tgz 6090ms (cache miss)
5490 http fetch GET 200 https://registry.npmjs.org/@babel/plugin-transform-arrow-functions/-/plugin-transform-arrow-functions-7.27.1.tgz 6102ms (cache miss)
5491 http fetch GET 200 https://registry.npmjs.org/babel-plugin-polyfill-regenerator/-/babel-plugin-polyfill-regenerator-0.6.8.tgz 6140ms (cache miss)
5492 http fetch GET 200 https://registry.npmjs.org/@babel/helper-remap-async-to-generator/-/helper-remap-async-to-generator-7.27.1.tgz 6147ms (cache miss)
5493 http fetch GET 200 https://registry.npmjs.org/@babel/plugin-transform-block-scoping/-/plugin-transform-block-scoping-7.28.6.tgz 6146ms (cache miss)
5494 http fetch GET 200 https://registry.npmjs.org/babel-plugin-polyfill-corejs3/-/babel-plugin-polyfill-corejs3-0.13.0.tgz 6184ms (cache miss)
5495 http fetch GET 200 https://registry.npmjs.org/@babel/helper-skip-transparent-expression-wrappers/-/helper-skip-transparent-expression-wrappers-7.27.1.tgz 6191ms (cache miss)
5496 http fetch GET 200 https://registry.npmjs.org/@babel/plugin-syntax-flow/-/plugin-syntax-flow-7.28.6.tgz 6198ms (cache miss)
5497 http fetch GET 200 https://registry.npmjs.org/@babel/helper-replace-supers/-/helper-replace-supers-7.28.6.tgz 6213ms (cache miss)
5498 http fetch GET 200 https://registry.npmjs.org/@babel/plugin-transform-classes/-/plugin-transform-classes-7.28.6.tgz 6252ms (cache miss)
5499 http fetch GET 200 https://registry.npmjs.org/babel-plugin-polyfill-corejs2/-/babel-plugin-polyfill-corejs2-0.4.17.tgz 6252ms (cache miss)
5500 http fetch GET 200 https://registry.npmjs.org/@babel/helper-member-expression-to-functions/-/helper-member-expression-to-functions-7.28.5.tgz 6261ms (cache miss)
5501 http fetch GET 200 https://registry.npmjs.org/babel-plugin-transform-flow-enums/-/babel-plugin-transform-flow-enums-0.0.2.tgz 6266ms (cache miss)
5502 http fetch GET 200 https://registry.npmjs.org/babel-plugin-syntax-hermes-parser/-/babel-plugin-syntax-hermes-parser-0.29.1.tgz 6276ms (cache miss)
5503 http fetch GET 200 https://registry.npmjs.org/@babel/plugin-syntax-dynamic-import/-/plugin-syntax-dynamic-import-7.8.3.tgz 6287ms (cache miss)
5504 http fetch GET 200 https://registry.npmjs.org/@babel/plugin-transform-destructuring/-/plugin-transform-destructuring-7.28.5.tgz 6289ms (cache miss)
5505 http fetch GET 200 https://registry.npmjs.org/@babel/helper-plugin-utils/-/helper-plugin-utils-7.28.6.tgz 6289ms (cache miss)
5506 http fetch GET 200 https://registry.npmjs.org/@babel/plugin-syntax-decorators/-/plugin-syntax-decorators-7.28.6.tgz 6348ms (cache miss)
5507 http fetch GET 200 https://registry.npmjs.org/babel-plugin-react-native-web/-/babel-plugin-react-native-web-0.21.2.tgz 6421ms (cache miss)
5508 http fetch GET 200 https://registry.npmjs.org/@babel/plugin-transform-runtime/-/plugin-transform-runtime-7.29.0.tgz 6435ms (cache miss)
5509 http fetch GET 200 https://registry.npmjs.org/@babel/helper-optimise-call-expression/-/helper-optimise-call-expression-7.27.1.tgz 6466ms (cache miss)
5510 http fetch GET 200 https://registry.npmjs.org/@babel/helper-annotate-as-pure/-/helper-annotate-as-pure-7.27.3.tgz 6499ms (cache miss)
5511 http fetch GET 200 https://registry.npmjs.org/@babel/preset-react/-/preset-react-7.28.5.tgz 6621ms (cache miss)
5512 http fetch GET 200 https://registry.npmjs.org/@babel/preset-typescript/-/preset-typescript-7.28.5.tgz 6638ms (cache miss)
5513 http fetch GET 200 https://registry.npmjs.org/@babel/plugin-transform-private-methods/-/plugin-transform-private-methods-7.28.6.tgz 6681ms (cache miss)
5514 http fetch GET 200 https://registry.npmjs.org/@babel/plugin-transform-class-static-block/-/plugin-transform-class-static-block-7.28.6.tgz 6713ms (cache miss)
5515 http fetch GET 200 https://registry.npmjs.org/@babel/plugin-syntax-export-default-from/-/plugin-syntax-export-default-from-7.28.6.tgz 6782ms (cache miss)
5516 http fetch GET 200 https://registry.npmjs.org/@babel/plugin-transform-flow-strip-types/-/plugin-transform-flow-strip-types-7.27.1.tgz 6826ms (cache miss)
5517 http fetch GET 200 https://registry.npmjs.org/@babel/plugin-transform-private-property-in-object/-/plugin-transform-private-property-in-object-7.28.6.tgz 6826ms (cache miss)
5518 http fetch GET 200 https://registry.npmjs.org/@babel/plugin-transform-object-rest-spread/-/plugin-transform-object-rest-spread-7.28.6.tgz 6843ms (cache miss)
5519 http fetch GET 200 https://registry.npmjs.org/@babel/plugin-transform-modules-commonjs/-/plugin-transform-modules-commonjs-7.28.6.tgz 6842ms (cache miss)
5520 http fetch GET 200 https://registry.npmjs.org/react-devtools-core/-/react-devtools-core-6.1.5.tgz 6879ms (cache miss)
5521 http fetch GET 200 https://registry.npmjs.org/@jridgewell/resolve-uri/-/resolve-uri-3.1.2.tgz 6886ms (cache miss)
5522 http fetch GET 200 https://registry.npmjs.org/@babel/plugin-transform-parameters/-/plugin-transform-parameters-7.27.7.tgz 6908ms (cache miss)
5523 http fetch GET 200 https://registry.npmjs.org/@babel/helper-create-class-features-plugin/-/helper-create-class-features-plugin-7.28.6.tgz 6928ms (cache miss)
5524 http fetch GET 200 https://registry.npmjs.org/@babel/helper-string-parser/-/helper-string-parser-7.27.1.tgz 6962ms (cache miss)
5525 http fetch GET 200 https://registry.npmjs.org/@babel/helper-globals/-/helper-globals-7.28.0.tgz 6961ms (cache miss)
5526 http fetch GET 200 https://registry.npmjs.org/@babel/helper-validator-option/-/helper-validator-option-7.27.1.tgz 6961ms (cache miss)
5527 http fetch GET 200 https://registry.npmjs.org/@jridgewell/sourcemap-codec/-/sourcemap-codec-1.5.5.tgz 6968ms (cache miss)
5528 http fetch GET 200 https://registry.npmjs.org/@babel/plugin-proposal-decorators/-/plugin-proposal-decorators-7.29.0.tgz 6976ms (cache miss)
5529 http fetch GET 200 https://registry.npmjs.org/@react-native/babel-preset/-/babel-preset-0.81.5.tgz 7007ms (cache miss)
5530 http fetch GET 200 https://registry.npmjs.org/@babel/plugin-proposal-export-default-from/-/plugin-proposal-export-default-from-7.27.1.tgz 7012ms (cache miss)
5531 http fetch GET 200 https://registry.npmjs.org/@babel/plugin-transform-export-namespace-from/-/plugin-transform-export-namespace-from-7.27.1.tgz 7028ms (cache miss)
5532 http fetch GET 200 https://registry.npmjs.org/@babel/helper-module-imports/-/helper-module-imports-7.28.6.tgz 7030ms (cache miss)
5533 http fetch GET 200 https://registry.npmjs.org/gensync/-/gensync-1.0.0-beta.2.tgz 7070ms (cache miss)
5534 http fetch GET 200 https://registry.npmjs.org/@babel/compat-data/-/compat-data-7.29.0.tgz 7076ms (cache miss)
5535 http fetch GET 200 https://registry.npmjs.org/lru-cache/-/lru-cache-5.1.1.tgz 7078ms (cache miss)
5536 http fetch GET 200 https://registry.npmjs.org/convert-source-map/-/convert-source-map-2.0.0.tgz 7108ms (cache miss)
5537 http fetch GET 200 https://registry.npmjs.org/jsesc/-/jsesc-3.1.0.tgz 7115ms (cache miss)
5538 http fetch GET 200 https://registry.npmjs.org/xmlbuilder/-/xmlbuilder-15.1.1.tgz 7117ms (cache miss)
5539 http fetch GET 200 https://registry.npmjs.org/@jridgewell/trace-mapping/-/trace-mapping-0.3.31.tgz 7115ms (cache miss)
5540 http fetch GET 200 https://registry.npmjs.org/@jridgewell/remapping/-/remapping-2.3.5.tgz 7137ms (cache miss)
5541 http fetch GET 200 https://registry.npmjs.org/@babel/template/-/template-7.28.6.tgz 7181ms (cache miss)
5542 http fetch GET 200 https://registry.npmjs.org/@babel/helper-compilation-targets/-/helper-compilation-targets-7.28.6.tgz 7403ms (cache miss)
5543 http fetch GET 200 https://registry.npmjs.org/@babel/helper-module-transforms/-/helper-module-transforms-7.28.6.tgz 7428ms (cache miss)
5544 http fetch GET 200 https://registry.npmjs.org/@xmldom/xmldom/-/xmldom-0.8.13.tgz 7459ms (cache miss)
5545 http fetch GET 200 https://registry.npmjs.org/postcss/-/postcss-8.4.49.tgz 7460ms (cache miss)
5546 http fetch GET 200 https://registry.npmjs.org/lightningcss/-/lightningcss-1.32.0.tgz 7479ms (cache miss)
5547 http fetch GET 200 https://registry.npmjs.org/dotenv-expand/-/dotenv-expand-11.0.7.tgz 7728ms (cache miss)
5548 http fetch GET 200 https://registry.npmjs.org/jsc-safe-url/-/jsc-safe-url-0.2.4.tgz 7823ms (cache miss)
5549 http fetch GET 200 https://registry.npmjs.org/@jridgewell/gen-mapping/-/gen-mapping-0.3.13.tgz 7829ms (cache miss)
5550 http fetch GET 200 https://registry.npmjs.org/babel-plugin-react-compiler/-/babel-plugin-react-compiler-1.0.0.tgz 7876ms (cache miss)
5551 http fetch GET 200 https://registry.npmjs.org/metro-transform-worker/-/metro-transform-worker-0.83.3.tgz 7930ms (cache miss)
5552 http fetch GET 200 https://registry.npmjs.org/metro-symbolicate/-/metro-symbolicate-0.83.3.tgz 8088ms (cache miss)
5553 http fetch GET 200 https://registry.npmjs.org/@babel/traverse/-/traverse-7.29.0.tgz 8111ms (cache miss)
5554 http fetch GET 200 https://registry.npmjs.org/browserslist/-/browserslist-4.28.2.tgz 8246ms (cache miss)
5555 http fetch GET 200 https://registry.npmjs.org/@expo/env/-/env-2.0.11.tgz 8304ms (cache miss)
5556 http fetch GET 200 https://registry.npmjs.org/@babel/plugin-transform-async-to-generator/-/plugin-transform-async-to-generator-7.28.6.tgz 8376ms (cache miss)
5557 http fetch GET 200 https://registry.npmjs.org/metro-minify-terser/-/metro-minify-terser-0.83.3.tgz 8381ms (cache miss)
5558 http fetch GET 200 https://registry.npmjs.org/dotenv/-/dotenv-16.4.7.tgz 8396ms (cache miss)
5559 http fetch GET 200 https://registry.npmjs.org/@babel/helpers/-/helpers-7.29.2.tgz 8408ms (cache miss)
5560 http fetch GET 200 https://registry.npmjs.org/metro-file-map/-/metro-file-map-0.83.3.tgz 8425ms (cache miss)
5561 http fetch GET 200 https://registry.npmjs.org/metro-source-map/-/metro-source-map-0.83.3.tgz 8436ms (cache miss)
5562 http fetch GET 200 https://registry.npmjs.org/metro-core/-/metro-core-0.83.3.tgz 8498ms (cache miss)
5563 http fetch GET 200 https://registry.npmjs.org/metro-cache-key/-/metro-cache-key-0.83.3.tgz 8513ms (cache miss)
5564 http fetch GET 200 https://registry.npmjs.org/metro-cache/-/metro-cache-0.83.3.tgz 8519ms (cache miss)
5565 http fetch GET 200 https://registry.npmjs.org/@babel/core/-/core-7.29.0.tgz 8524ms (cache miss)
5566 http fetch GET 200 https://registry.npmjs.org/metro-babel-transformer/-/metro-babel-transformer-0.83.3.tgz 8595ms (cache miss)
5567 http fetch GET 200 https://registry.npmjs.org/metro-resolver/-/metro-resolver-0.83.3.tgz 8834ms (cache miss)
5568 http fetch GET 200 https://registry.npmjs.org/json5/-/json5-2.2.3.tgz 8875ms (cache miss)
5569 http fetch GET 200 https://registry.npmjs.org/@babel/generator/-/generator-7.29.1.tgz 8892ms (cache miss)
5570 http fetch GET 200 https://registry.npmjs.org/metro-config/-/metro-config-0.83.3.tgz 8893ms (cache miss)
5571 http fetch GET 200 https://registry.npmjs.org/xcode/-/xcode-3.0.1.tgz 8901ms (cache miss)
5572 http fetch GET 200 https://registry.npmjs.org/arg/-/arg-5.0.2.tgz 8911ms (cache miss)
5573 http fetch GET 200 https://registry.npmjs.org/slash/-/slash-3.0.0.tgz 8968ms (cache miss)
5574 http fetch GET 200 https://registry.npmjs.org/picocolors/-/picocolors-1.1.1.tgz 8993ms (cache miss)
5575 http fetch GET 200 https://registry.npmjs.org/metro-runtime/-/metro-runtime-0.83.3.tgz 8996ms (cache miss)
5576 http fetch GET 200 https://registry.npmjs.org/chalk/-/chalk-2.4.2.tgz 9030ms (cache miss)
5577 http fetch GET 200 https://registry.npmjs.org/@babel/types/-/types-7.29.0.tgz 9055ms (cache miss)
5578 http fetch GET 200 https://registry.npmjs.org/xml2js/-/xml2js-0.6.0.tgz 9163ms (cache miss)
5579 http fetch GET 200 https://registry.npmjs.org/slugify/-/slugify-1.6.9.tgz 9171ms (cache miss)
5580 http fetch GET 200 https://registry.npmjs.org/minimatch/-/minimatch-9.0.9.tgz 9181ms (cache miss)
5581 http fetch GET 200 https://registry.npmjs.org/@expo/plist/-/plist-0.4.8.tgz 9274ms (cache miss)
5582 http fetch GET 200 https://registry.npmjs.org/js-tokens/-/js-tokens-4.0.0.tgz 9299ms (cache miss)
5583 http fetch GET 200 https://registry.npmjs.org/@expo/sdk-runtime-versions/-/sdk-runtime-versions-1.0.0.tgz 9311ms (cache miss)
5584 http fetch GET 200 https://registry.npmjs.org/require-from-string/-/require-from-string-2.0.2.tgz 9385ms (cache miss)
5585 http fetch GET 200 https://registry.npmjs.org/@expo/spawn-async/-/spawn-async-1.7.2.tgz 9421ms (cache miss)
5586 http fetch GET 200 https://registry.npmjs.org/@babel/helper-validator-identifier/-/helper-validator-identifier-7.28.5.tgz 9421ms (cache miss)
5587 http fetch GET 200 https://registry.npmjs.org/metro/-/metro-0.83.3.tgz 9441ms (cache miss)
5588 http fetch GET 200 https://registry.npmjs.org/resolve-workspace-root/-/resolve-workspace-root-2.0.1.tgz 9456ms (cache miss)
5589 http fetch GET 200 https://registry.npmjs.org/hermes-parser/-/hermes-parser-0.29.1.tgz 9462ms (cache miss)
5590 http fetch GET 200 https://registry.npmjs.org/@babel/highlight/-/highlight-7.25.9.tgz 9494ms (cache miss)
5591 http fetch GET 200 https://registry.npmjs.org/getenv/-/getenv-2.0.0.tgz 9522ms (cache miss)
5592 http fetch GET 200 https://registry.npmjs.org/resolve-from/-/resolve-from-5.0.0.tgz 9568ms (cache miss)
5593 http fetch GET 200 https://registry.npmjs.org/react-refresh/-/react-refresh-0.14.2.tgz 9587ms (cache miss)
5594 http fetch GET 200 https://registry.npmjs.org/metro-transform-plugins/-/metro-transform-plugins-0.83.3.tgz 9602ms (cache miss)
5595 http fetch GET 200 https://registry.npmjs.org/deepmerge/-/deepmerge-4.3.1.tgz 9615ms (cache miss)
5596 http fetch GET 200 https://registry.npmjs.org/expo-keep-awake/-/expo-keep-awake-15.0.8.tgz 9747ms (cache miss)
5597 http fetch GET 200 https://registry.npmjs.org/@react-native/debugger-frontend/-/debugger-frontend-0.81.5.tgz 9777ms (cache miss)
5598 http fetch GET 200 https://registry.npmjs.org/@babel/parser/-/parser-7.29.2.tgz 9942ms (cache miss)
5599 http fetch GET 200 https://registry.npmjs.org/@babel/code-frame/-/code-frame-7.10.4.tgz 9936ms (cache miss)
5600 http fetch GET 200 https://registry.npmjs.org/@expo/json-file/-/json-file-10.0.13.tgz 9972ms (cache miss)
5601 http fetch GET 200 https://registry.npmjs.org/sucrase/-/sucrase-3.35.1.tgz 9996ms (cache miss)
5602 http fetch GET 200 https://registry.npmjs.org/simple-swizzle/-/simple-swizzle-0.2.4.tgz 10089ms (cache miss)
5603 http fetch GET 200 https://registry.npmjs.org/@expo/config-types/-/config-types-54.0.10.tgz 10167ms (cache miss)
5604 http fetch GET 200 https://registry.npmjs.org/expo-constants/-/expo-constants-18.0.13.tgz 10168ms (cache miss)
5605 http fetch GET 200 https://registry.npmjs.org/whatwg-url-without-unicode/-/whatwg-url-without-unicode-8.0.0-3.tgz 10211ms (cache miss)
5606 http fetch GET 200 https://registry.npmjs.org/color-string/-/color-string-1.9.1.tgz 10225ms (cache miss)
5607 http fetch GET 200 https://registry.npmjs.org/react-is/-/react-is-19.2.5.tgz 10292ms (cache miss)
5608 http fetch GET 200 https://registry.npmjs.org/expo-modules-autolinking/-/expo-modules-autolinking-3.0.24.tgz 10448ms (cache miss)
5609 http fetch GET 200 https://registry.npmjs.org/expo-asset/-/expo-asset-12.0.12.tgz 10447ms (cache miss)
5610 http fetch GET 200 https://registry.npmjs.org/@expo/metro-config/-/metro-config-54.0.14.tgz 10450ms (cache miss)
5611 http fetch GET 200 https://registry.npmjs.org/nanoid/-/nanoid-3.3.11.tgz 10451ms (cache miss)
5612 http fetch GET 200 https://registry.npmjs.org/@expo/config/-/config-12.0.13.tgz 10476ms (cache miss)
5613 http fetch GET 200 https://registry.npmjs.org/use-sync-external-store/-/use-sync-external-store-1.6.0.tgz 10514ms (cache miss)
5614 http fetch GET 200 https://registry.npmjs.org/@expo/metro/-/metro-54.2.0.tgz 10516ms (cache miss)
5615 http fetch GET 200 https://registry.npmjs.org/@babel/runtime/-/runtime-7.29.2.tgz 10518ms (cache miss)
5616 http fetch GET 200 https://registry.npmjs.org/use-latest-callback/-/use-latest-callback-0.2.6.tgz 10518ms (cache miss)
5617 http fetch GET 200 https://registry.npmjs.org/babel-preset-expo/-/babel-preset-expo-54.0.10.tgz 10617ms (cache miss)
5618 http fetch GET 200 https://registry.npmjs.org/whatwg-fetch/-/whatwg-fetch-3.6.20.tgz 10636ms (cache miss)
5619 http fetch GET 200 https://registry.npmjs.org/stacktrace-parser/-/stacktrace-parser-0.1.11.tgz 10653ms (cache miss)
5620 http fetch GET 200 https://registry.npmjs.org/@react-navigation/routers/-/routers-7.5.3.tgz 10658ms (cache miss)
5621 http fetch GET 200 https://registry.npmjs.org/query-string/-/query-string-7.1.3.tgz 10695ms (cache miss)
5622 http fetch GET 200 https://registry.npmjs.org/color/-/color-4.2.3.tgz 10787ms (cache miss)
5623 http fetch GET 200 https://registry.npmjs.org/merge-options/-/merge-options-3.0.4.tgz 10894ms (cache miss)
5624 http fetch GET 200 https://registry.npmjs.org/sf-symbols-typescript/-/sf-symbols-typescript-2.2.0.tgz 10991ms (cache miss)
5625 http fetch GET 200 https://registry.npmjs.org/@expo/fingerprint/-/fingerprint-0.15.4.tgz 10996ms (cache miss)
5626 http fetch GET 200 https://registry.npmjs.org/pretty-format/-/pretty-format-29.7.0.tgz 11018ms (cache miss)
5627 http fetch GET 200 https://registry.npmjs.org/@expo/config-plugins/-/config-plugins-54.0.4.tgz 11062ms (cache miss)
5628 http fetch GET 200 https://registry.npmjs.org/expo-status-bar/-/expo-status-bar-3.0.9.tgz 11068ms (cache miss)
5629 http fetch GET 200 https://registry.npmjs.org/@expo/devtools/-/devtools-0.1.8.tgz 11072ms (cache miss)
5630 http fetch GET 200 https://registry.npmjs.org/anser/-/anser-1.4.10.tgz 11198ms (cache miss)
5631 http fetch GET 200 https://registry.npmjs.org/@react-navigation/elements/-/elements-2.9.15.tgz 11374ms (cache miss)
5632 http fetch GET 200 https://registry.npmjs.org/@react-navigation/core/-/core-7.17.2.tgz 11385ms (cache miss)
5633 http fetch GET 200 https://registry.npmjs.org/react-native-safe-area-context/-/react-native-safe-area-context-5.7.0.tgz 11483ms (cache miss)
5634 http fetch GET 200 https://registry.npmjs.org/expo-location/-/expo-location-19.0.8.tgz 11549ms (cache miss)
5635 http fetch GET 200 https://registry.npmjs.org/glob/-/glob-13.0.6.tgz 12017ms (cache miss)
5636 http fetch GET 200 https://registry.npmjs.org/@react-navigation/stack/-/stack-7.8.11.tgz 12077ms (cache miss)
5637 http fetch GET 200 https://registry.npmjs.org/expo-maps/-/expo-maps-0.12.10.tgz 12152ms (cache miss)
5638 http fetch GET 200 https://registry.npmjs.org/expo-image-picker/-/expo-image-picker-17.0.10.tgz 12481ms (cache miss)
5639 http fetch GET 200 https://registry.npmjs.org/react-native-maps/-/react-native-maps-1.20.1.tgz 12583ms (cache miss)
5640 http fetch GET 200 https://registry.npmjs.org/@stripe/stripe-react-native/-/stripe-react-native-0.63.0.tgz 12685ms (cache miss)
5641 http fetch GET 200 https://registry.npmjs.org/@react-navigation/native/-/native-7.2.2.tgz 12727ms (cache miss)
5642 http fetch GET 200 https://registry.npmjs.org/react/-/react-19.1.0.tgz 12769ms (cache miss)
5643 http fetch GET 200 https://registry.npmjs.org/@react-navigation/bottom-tabs/-/bottom-tabs-7.15.10.tgz 13127ms (cache miss)
5644 http fetch GET 200 https://registry.npmjs.org/@react-native-async-storage/async-storage/-/async-storage-2.2.0.tgz 13400ms (cache miss)
5645 http fetch GET 200 https://registry.npmjs.org/@react-native-google-signin/google-signin/-/google-signin-16.1.2.tgz 13503ms (cache miss)
5646 http fetch GET 200 https://registry.npmjs.org/expo-file-system/-/expo-file-system-19.0.21.tgz 13742ms (cache miss)
5647 http fetch GET 200 https://registry.npmjs.org/type-fest/-/type-fest-0.21.3.tgz 14005ms (cache miss)
5648 http fetch GET 200 https://registry.npmjs.org/react-native-screens/-/react-native-screens-4.16.0.tgz 14068ms (cache miss)
5649 http fetch GET 200 https://registry.npmjs.org/resolve/-/resolve-1.7.1.tgz 14301ms (cache miss)
5650 http fetch GET 200 https://registry.npmjs.org/react-native-web/-/react-native-web-0.21.2.tgz 14319ms (cache miss)
5651 http fetch GET 200 https://registry.npmjs.org/yallist/-/yallist-5.0.0.tgz 14515ms (cache miss)
5652 http fetch GET 200 https://registry.npmjs.org/open/-/open-8.4.2.tgz 14525ms (cache miss)
5653 http fetch GET 200 https://registry.npmjs.org/@expo/metro-runtime/-/metro-runtime-6.1.2.tgz 14529ms (cache miss)
5654 http fetch GET 200 https://registry.npmjs.org/ansi-regex/-/ansi-regex-4.1.1.tgz 14581ms (cache miss)
5655 http fetch GET 200 https://registry.npmjs.org/strip-ansi/-/strip-ansi-5.2.0.tgz 14590ms (cache miss)
5656 http fetch GET 200 https://registry.npmjs.org/react-native-gesture-handler/-/react-native-gesture-handler-2.31.1.tgz 14593ms (cache miss)
5657 http fetch GET 200 https://registry.npmjs.org/debug/-/debug-3.2.7.tgz 14736ms (cache miss)
5658 http fetch GET 200 https://registry.npmjs.org/@babel/code-frame/-/code-frame-7.29.0.tgz 14736ms (cache miss)
5659 http fetch GET 200 https://registry.npmjs.org/negotiator/-/negotiator-0.6.4.tgz 14742ms (cache miss)
5660 http fetch GET 200 https://registry.npmjs.org/picomatch/-/picomatch-4.0.4.tgz 14781ms (cache miss)
5661 http fetch GET 200 https://registry.npmjs.org/fdir/-/fdir-6.5.0.tgz 14828ms (cache miss)
5662 http fetch GET 200 https://registry.npmjs.org/expo-modules-core/-/expo-modules-core-3.0.29.tgz 14853ms (cache miss)
5663 http fetch GET 200 https://registry.npmjs.org/react-is/-/react-is-16.13.1.tgz 14983ms (cache miss)
5664 http fetch GET 200 https://registry.npmjs.org/react-is/-/react-is-16.13.1.tgz 15038ms (cache miss)
5665 http fetch GET 200 https://registry.npmjs.org/p-limit/-/p-limit-2.3.0.tgz 15057ms (cache miss)
5666 http fetch GET 200 https://registry.npmjs.org/escape-string-regexp/-/escape-string-regexp-2.0.0.tgz 15130ms (cache miss)
5667 http fetch GET 200 https://registry.npmjs.org/lru-cache/-/lru-cache-10.4.3.tgz 15134ms (cache miss)
5668 http fetch GET 200 https://registry.npmjs.org/@babel/code-frame/-/code-frame-7.29.0.tgz 15191ms (cache miss)
5669 http fetch GET 200 https://registry.npmjs.org/semver/-/semver-6.3.1.tgz 15192ms (cache miss)
5670 http fetch GET 200 https://registry.npmjs.org/camelcase/-/camelcase-5.3.1.tgz 15309ms (cache miss)
5671 http fetch GET 200 https://registry.npmjs.org/@babel/code-frame/-/code-frame-7.29.0.tgz 15351ms (cache miss)
5672 http fetch GET 200 https://registry.npmjs.org/commander/-/commander-2.20.3.tgz 15388ms (cache miss)
5673 http fetch GET 200 https://registry.npmjs.org/ci-info/-/ci-info-3.9.0.tgz 15466ms (cache miss)
5674 http fetch GET 200 https://registry.npmjs.org/promise/-/promise-7.3.1.tgz 15473ms (cache miss)
5675 http fetch GET 200 https://registry.npmjs.org/ws/-/ws-6.2.3.tgz 15493ms (cache miss)
5676 http fetch GET 200 https://registry.npmjs.org/supports-color/-/supports-color-8.1.1.tgz 15542ms (cache miss)
5677 http fetch GET 200 https://registry.npmjs.org/@babel/code-frame/-/code-frame-7.29.0.tgz 15561ms (cache miss)
5678 http fetch GET 200 https://registry.npmjs.org/semver/-/semver-6.3.1.tgz 15589ms (cache miss)
5679 http fetch GET 200 https://registry.npmjs.org/color-name/-/color-name-1.1.3.tgz 15681ms (cache miss)
5680 http fetch GET 200 https://registry.npmjs.org/semver/-/semver-6.3.1.tgz 15681ms (cache miss)
5681 http fetch GET 200 https://registry.npmjs.org/semver/-/semver-6.3.1.tgz 15801ms (cache miss)
5682 http fetch GET 200 https://registry.npmjs.org/color-convert/-/color-convert-1.9.3.tgz 15805ms (cache miss)
5683 http fetch GET 200 https://registry.npmjs.org/@babel/code-frame/-/code-frame-7.29.0.tgz 15820ms (cache miss)
5684 http fetch GET 200 https://registry.npmjs.org/semver/-/semver-6.3.1.tgz 15848ms (cache miss)
5685 http fetch GET 200 https://registry.npmjs.org/@babel/code-frame/-/code-frame-7.29.0.tgz 15890ms (cache miss)
5686 http fetch GET 200 https://registry.npmjs.org/@babel/code-frame/-/code-frame-7.29.0.tgz 15912ms (cache miss)
5687 http fetch GET 200 https://registry.npmjs.org/source-map/-/source-map-0.6.1.tgz 16079ms (cache miss)
5688 http fetch GET 200 https://registry.npmjs.org/commander/-/commander-4.1.1.tgz 16170ms (cache miss)
5689 http fetch GET 200 https://registry.npmjs.org/semver/-/semver-6.3.1.tgz 16448ms (cache miss)
5690 http fetch GET 200 https://registry.npmjs.org/hermes-estree/-/hermes-estree-0.32.0.tgz 16702ms (cache miss)
5691 http fetch GET 200 https://registry.npmjs.org/balanced-match/-/balanced-match-4.0.4.tgz 16794ms (cache miss)
5692 http fetch GET 200 https://registry.npmjs.org/hermes-estree/-/hermes-estree-0.32.0.tgz 16879ms (cache miss)
5693 http fetch GET 200 https://registry.npmjs.org/brace-expansion/-/brace-expansion-5.0.5.tgz 16949ms (cache miss)
5694 http fetch GET 200 https://registry.npmjs.org/escape-string-regexp/-/escape-string-regexp-1.0.5.tgz 16950ms (cache miss)
5695 http fetch GET 200 https://registry.npmjs.org/@babel/code-frame/-/code-frame-7.29.0.tgz 17202ms (cache miss)
5696 http fetch GET 200 https://registry.npmjs.org/semver/-/semver-6.3.1.tgz 17456ms (cache miss)
5697 http fetch GET 200 https://registry.npmjs.org/expo/-/expo-54.0.33.tgz 17464ms (cache miss)
5698 http fetch GET 200 https://registry.npmjs.org/lightningcss-darwin-arm64/-/lightningcss-darwin-arm64-1.32.0.tgz 17533ms (cache miss)
5699 http fetch GET 200 https://registry.npmjs.org/xmlbuilder/-/xmlbuilder-11.0.1.tgz 17561ms (cache miss)
5700 http fetch GET 200 https://registry.npmjs.org/@babel/code-frame/-/code-frame-7.29.0.tgz 17707ms (cache miss)
5701 http fetch GET 200 https://registry.npmjs.org/@babel/code-frame/-/code-frame-7.29.0.tgz 17707ms (cache miss)
5702 http fetch GET 200 https://registry.npmjs.org/webidl-conversions/-/webidl-conversions-5.0.0.tgz 17756ms (cache miss)
5703 http fetch GET 200 https://registry.npmjs.org/react-is/-/react-is-18.3.1.tgz 17777ms (cache miss)
5704 http fetch GET 200 https://registry.npmjs.org/cliui/-/cliui-7.0.4.tgz 17794ms (cache miss)
5705 http fetch GET 200 https://registry.npmjs.org/@expo/vector-icons/-/vector-icons-15.1.1.tgz 17878ms (cache miss)
5706 http fetch GET 200 https://registry.npmjs.org/memoize-one/-/memoize-one-6.0.0.tgz 17879ms (cache miss)
5707 http fetch GET 200 https://registry.npmjs.org/ansi-styles/-/ansi-styles-5.2.0.tgz 17996ms (cache miss)
5708 http fetch GET 200 https://registry.npmjs.org/yargs/-/yargs-16.2.0.tgz 18247ms (cache miss)
5709 http fetch GET 200 https://registry.npmjs.org/yargs-parser/-/yargs-parser-20.2.9.tgz 18252ms (cache miss)
5710 http fetch GET 200 https://registry.npmjs.org/ws/-/ws-6.2.3.tgz 18290ms (cache miss)
5711 http fetch GET 200 https://registry.npmjs.org/hermes-parser/-/hermes-parser-0.32.0.tgz 18300ms (cache miss)
5712 http fetch GET 200 https://registry.npmjs.org/ci-info/-/ci-info-3.9.0.tgz 18528ms (cache miss)
5713 http fetch GET 200 https://registry.npmjs.org/lru-cache/-/lru-cache-11.3.5.tgz 18533ms (cache miss)
5714 http fetch GET 200 https://registry.npmjs.org/ws/-/ws-8.20.0.tgz 18540ms (cache miss)
5715 http fetch GET 200 https://registry.npmjs.org/commander/-/commander-12.1.0.tgz 18541ms (cache miss)
5716 http fetch GET 200 https://registry.npmjs.org/picomatch/-/picomatch-3.0.2.tgz 18625ms (cache miss)
5717 http fetch GET 200 https://registry.npmjs.org/expo-font/-/expo-font-55.0.6.tgz 18638ms (cache miss)
5718 http fetch GET 200 https://registry.npmjs.org/@react-native/normalize-colors/-/normalize-colors-0.74.89.tgz 18742ms (cache miss)
5719 http fetch GET 200 https://registry.npmjs.org/uuid 18460ms (cache revalidated)
5720 silly packumentCache corgi:https://registry.npmjs.org/uuid set size:72733 disposed:false
5721 http fetch GET 200 https://registry.npmjs.org/hermes-parser/-/hermes-parser-0.32.0.tgz 19056ms (cache miss)
5722 http fetch GET 200 https://registry.npmjs.org/expo-font/-/expo-font-14.0.11.tgz 19307ms (cache miss)
5723 http fetch GET 200 https://registry.npmjs.org/postcss 19615ms (cache miss)
5724 silly packumentCache corgi:https://registry.npmjs.org/postcss set size:undefined disposed:false
5725 silly packumentCache corgi:https://registry.npmjs.org/@expo%2fmetro-config cache-miss
5726 http fetch GET 200 https://registry.npmjs.org/@react-native/virtualized-lists/-/virtualized-lists-0.81.5.tgz 19909ms (cache miss)
5727 http fetch GET 200 https://registry.npmjs.org/minimatch/-/minimatch-10.2.5.tgz 19939ms (cache miss)
5728 http fetch GET 200 https://registry.npmjs.org/libphonenumber-js/-/libphonenumber-js-1.12.42.tgz 20362ms (cache miss)
5729 http fetch GET 200 https://registry.npmjs.org/@expo%2fmetro-config 828ms (cache miss)
5730 silly packumentCache corgi:https://registry.npmjs.org/@expo%2fmetro-config set size:undefined disposed:false
5731 silly packumentCache corgi:https://registry.npmjs.org/xcode cache-miss
5732 http fetch GET 200 https://registry.npmjs.org/country-state-city/-/country-state-city-3.2.1.tgz 21718ms (cache miss)
5733 http fetch GET 200 https://registry.npmjs.org/react-native-vector-icons/-/react-native-vector-icons-10.3.0.tgz 23515ms (cache miss)
5734 warn deprecated react-native-vector-icons@10.3.0: react-native-vector-icons package has moved to a new model of per-icon-family packages. See the https://github.com/oblador/react-native-vector-icons/blob/master/MIGRATION.md on how to migrate
5735 http fetch GET 200 https://registry.npmjs.org/xcode 2877ms (cache miss)
5736 silly packumentCache corgi:https://registry.npmjs.org/xcode set size:undefined disposed:false
5737 silly packumentCache corgi:https://registry.npmjs.org/expo cache-miss
5738 silly packumentCache corgi:https://registry.npmjs.org/@expo%2fcli cache-miss
5739 http fetch GET 200 https://registry.npmjs.org/@expo%2fcli 1121ms (cache miss)
5740 silly packumentCache corgi:https://registry.npmjs.org/@expo%2fcli set size:undefined disposed:false
5741 http fetch GET 200 https://registry.npmjs.org/expo 1522ms (cache miss)
5742 silly packumentCache corgi:https://registry.npmjs.org/expo set size:undefined disposed:false
5743 silly packumentCache corgi:https://registry.npmjs.org/@expo%2fconfig-plugins cache-miss
5744 http fetch GET 200 https://registry.npmjs.org/react-dom/-/react-dom-19.1.0.tgz 25788ms (cache miss)
5745 http fetch GET 200 https://registry.npmjs.org/@expo/cli/-/cli-54.0.23.tgz 25833ms (cache miss)
5746 http fetch GET 200 https://registry.npmjs.org/@expo%2fconfig-plugins 832ms (cache miss)
5747 silly packumentCache corgi:https://registry.npmjs.org/@expo%2fconfig-plugins set size:undefined disposed:false
5748 silly packumentCache corgi:https://registry.npmjs.org/@expo%2fmetro-runtime cache-miss
5749 silly packumentCache corgi:https://registry.npmjs.org/expo-font cache-miss
5750 silly packumentCache corgi:https://registry.npmjs.org/@react-native-google-signin%2fgoogle-signin cache-miss
5751 silly packumentCache corgi:https://registry.npmjs.org/@stripe%2fstripe-react-native cache-miss
5752 silly packumentCache corgi:https://registry.npmjs.org/expo-image-picker cache-miss
5753 silly packumentCache corgi:https://registry.npmjs.org/expo-location cache-miss
5754 silly packumentCache corgi:https://registry.npmjs.org/expo-maps cache-miss
5755 silly packumentCache corgi:https://registry.npmjs.org/babel-preset-expo cache-miss
5756 silly packumentCache corgi:https://registry.npmjs.org/expo-asset cache-miss
5757 silly packumentCache corgi:https://registry.npmjs.org/expo-constants cache-miss
5758 silly packumentCache corgi:https://registry.npmjs.org/expo-file-system cache-miss
5759 silly packumentCache corgi:https://registry.npmjs.org/expo-keep-awake cache-miss
5760 silly packumentCache corgi:https://registry.npmjs.org/expo-image-loader cache-miss
5761 silly packumentCache corgi:https://registry.npmjs.org/@expo%2fprebuild-config cache-miss
5762 http fetch GET 200 https://registry.npmjs.org/expo-image-picker 433ms (cache miss)
5763 silly packumentCache corgi:https://registry.npmjs.org/expo-image-picker set size:undefined disposed:false
5764 http fetch GET 200 https://registry.npmjs.org/expo-keep-awake 471ms (cache miss)
5765 silly packumentCache corgi:https://registry.npmjs.org/expo-keep-awake set size:undefined disposed:false
5766 http fetch GET 200 https://registry.npmjs.org/expo-maps 481ms (cache miss)
5767 silly packumentCache corgi:https://registry.npmjs.org/expo-maps set size:undefined disposed:false
5768 http fetch GET 200 https://registry.npmjs.org/expo-file-system 526ms (cache miss)
5769 silly packumentCache corgi:https://registry.npmjs.org/expo-file-system set size:undefined disposed:false
5770 http fetch GET 200 https://registry.npmjs.org/@expo%2fmetro-runtime 541ms (cache miss)
5771 silly packumentCache corgi:https://registry.npmjs.org/@expo%2fmetro-runtime set size:undefined disposed:false
5772 http fetch GET 200 https://registry.npmjs.org/@expo%2fprebuild-config 544ms (cache miss)
5773 silly packumentCache corgi:https://registry.npmjs.org/@expo%2fprebuild-config set size:undefined disposed:false
5774 http fetch GET 200 https://registry.npmjs.org/expo-location 583ms (cache miss)
5775 silly packumentCache corgi:https://registry.npmjs.org/expo-location set size:undefined disposed:false
5776 http fetch GET 200 https://registry.npmjs.org/expo-font 603ms (cache miss)
5777 silly packumentCache corgi:https://registry.npmjs.org/expo-font set size:undefined disposed:false
5778 http fetch GET 200 https://registry.npmjs.org/babel-preset-expo 685ms (cache miss)
5779 silly packumentCache corgi:https://registry.npmjs.org/babel-preset-expo set size:undefined disposed:false
5780 http fetch GET 200 https://registry.npmjs.org/expo-image-loader 768ms (cache miss)
5781 silly packumentCache corgi:https://registry.npmjs.org/expo-image-loader set size:undefined disposed:false
5782 http fetch GET 200 https://registry.npmjs.org/@stripe%2fstripe-react-native 810ms (cache miss)
5783 silly packumentCache corgi:https://registry.npmjs.org/@stripe%2fstripe-react-native set size:undefined disposed:false
5784 http fetch GET 200 https://registry.npmjs.org/expo-asset 937ms (cache miss)
5785 silly packumentCache corgi:https://registry.npmjs.org/expo-asset set size:undefined disposed:false
5786 http fetch GET 200 https://registry.npmjs.org/expo-constants 1231ms (cache miss)
5787 silly packumentCache corgi:https://registry.npmjs.org/expo-constants set size:undefined disposed:false
5788 http fetch GET 200 https://registry.npmjs.org/@react-native-google-signin%2fgoogle-signin 1331ms (cache miss)
5789 silly packumentCache corgi:https://registry.npmjs.org/@react-native-google-signin%2fgoogle-signin set size:undefined disposed:false
5790 silly packumentCache corgi:https://registry.npmjs.org/@expo%2fconfig cache-miss
5791 http fetch GET 200 https://registry.npmjs.org/@expo%2fconfig 506ms (cache miss)
5792 silly packumentCache corgi:https://registry.npmjs.org/@expo%2fconfig set size:undefined disposed:false
5793 http fetch GET 200 https://registry.npmjs.org/react-native/-/react-native-0.81.5.tgz 35697ms (cache miss)
5794 info run fsevents@2.3.3 install node_modules/fsevents node-gyp rebuild
5795 info run fsevents@2.3.3 install { code: 1, signal: null }
5796 verbose reify failed optional dependency /Users/rayanqadir/Desktop/Farely/frontend/node_modules/fsevents
5797 silly reify mark deleted [ '/Users/rayanqadir/Desktop/Farely/frontend/node_modules/fsevents' ]
5798 silly ADD node_modules/p-try
5799 silly ADD node_modules/define-lazy-prop
5800 silly ADD node_modules/clone
5801 silly ADD node_modules/defaults
5802 silly ADD node_modules/supports-hyperlinks
5803 silly ADD node_modules/supports-hyperlinks/node_modules/supports-color
5804 silly ADD node_modules/supports-hyperlinks/node_modules/has-flag
5805 silly ADD node_modules/ansi-escapes
5806 silly ADD node_modules/ansi-escapes/node_modules/type-fest
5807 silly ADD node_modules/minizlib
5808 silly ADD node_modules/chownr
5809 silly ADD node_modules/@isaacs/fs-minipass
5810 silly ADD node_modules/mimic-fn
5811 silly ADD node_modules/onetime
5812 silly ADD node_modules/strip-json-comments
5813 silly ADD node_modules/minimist
5814 silly ADD node_modules/ini
5815 silly ADD node_modules/deep-extend
5816 silly ADD node_modules/rc
5817 silly ADD node_modules/nested-error-stacks
5818 silly ADD node_modules/sisteransi
5819 silly ADD node_modules/kleur
5820 silly ADD node_modules/restore-cursor
5821 silly ADD node_modules/wcwidth
5822 silly ADD node_modules/log-symbols
5823 silly ADD node_modules/cli-spinners
5824 silly ADD node_modules/cli-cursor
5825 silly ADD node_modules/validate-npm-package-name
5826 silly ADD node_modules/proc-log
5827 silly ADD node_modules/hosted-git-info
5828 silly ADD node_modules/hosted-git-info/node_modules/lru-cache
5829 silly ADD node_modules/vary
5830 silly ADD node_modules/safe-buffer
5831 silly ADD node_modules/on-headers
5832 silly ADD node_modules/compressible
5833 silly ADD node_modules/bytes
5834 silly ADD node_modules/wonka
5835 silly ADD node_modules/@expo/sudo-prompt
5836 silly ADD node_modules/undici
5837 silly ADD node_modules/terminal-link
5838 silly ADD node_modules/tar
5839 silly ADD node_modules/tar/node_modules/yallist
5840 silly ADD node_modules/structured-headers
5841 silly ADD node_modules/resolve.exports
5842 silly ADD node_modules/requireg
5843 silly ADD node_modules/requireg/node_modules/resolve
5844 silly ADD node_modules/qrcode-terminal
5845 silly ADD node_modules/prompts
5846 silly ADD node_modules/progress
5847 silly ADD node_modules/pretty-bytes
5848 silly ADD node_modules/ora
5849 silly ADD node_modules/ora/node_modules/ansi-regex
5850 silly ADD node_modules/ora/node_modules/strip-ansi
5851 silly ADD node_modules/npm-package-arg
5852 silly ADD node_modules/node-forge
5853 silly ADD node_modules/lan-network
5854 silly ADD node_modules/freeport-async
5855 silly ADD node_modules/expo-server
5856 silly ADD node_modules/env-editor
5857 silly ADD node_modules/compression
5858 silly ADD node_modules/compression/node_modules/ms
5859 silly ADD node_modules/compression/node_modules/negotiator
5860 silly ADD node_modules/compression/node_modules/debug
5861 silly ADD node_modules/better-opn
5862 silly ADD node_modules/better-opn/node_modules/open
5863 silly ADD node_modules/@urql/exchange-retry
5864 silly ADD node_modules/@urql/core
5865 silly ADD node_modules/@expo/xcpretty
5866 silly ADD node_modules/@expo/xcpretty/node_modules/has-flag
5867 silly ADD node_modules/@expo/xcpretty/node_modules/argparse
5868 silly ADD node_modules/@expo/xcpretty/node_modules/supports-color
5869 silly ADD node_modules/@expo/xcpretty/node_modules/ansi-styles
5870 silly ADD node_modules/@expo/xcpretty/node_modules/js-yaml
5871 silly ADD node_modules/@expo/xcpretty/node_modules/chalk
5872 silly ADD node_modules/@expo/xcpretty/node_modules/@babel/code-frame
5873 silly ADD node_modules/@expo/ws-tunnel
5874 silly ADD node_modules/@expo/schema-utils
5875 silly ADD node_modules/@expo/prebuild-config
5876 silly ADD node_modules/@expo/package-manager
5877 silly ADD node_modules/@expo/package-manager/node_modules/has-flag
5878 silly ADD node_modules/@expo/package-manager/node_modules/supports-color
5879 silly ADD node_modules/@expo/package-manager/node_modules/ansi-styles
5880 silly ADD node_modules/@expo/package-manager/node_modules/chalk
5881 silly ADD node_modules/@expo/osascript
5882 silly ADD node_modules/@expo/devcert
5883 silly ADD node_modules/@expo/devcert/node_modules/debug
5884 silly ADD node_modules/@expo/code-signing-certificates
5885 silly ADD node_modules/@0no-co/graphql.web
5886 silly ADD node_modules/async-limiter
5887 silly ADD node_modules/concat-map
5888 silly ADD node_modules/wrappy
5889 silly ADD node_modules/path-is-absolute
5890 silly ADD node_modules/once
5891 silly ADD node_modules/inflight
5892 silly ADD node_modules/fs.realpath
5893 silly ADD node_modules/is-fullwidth-code-point
5894 silly ADD node_modules/emoji-regex
5895 silly ADD node_modules/wrap-ansi
5896 silly ADD node_modules/wrap-ansi/node_modules/ansi-styles
5897 silly ADD node_modules/strip-ansi
5898 silly ADD node_modules/yargs-parser
5899 silly ADD node_modules/y18n
5900 silly ADD node_modules/string-width
5901 silly ADD node_modules/require-directory
5902 silly ADD node_modules/get-caller-file
5903 silly ADD node_modules/cliui
5904 silly ADD node_modules/sax
5905 silly ADD node_modules/big-integer
5906 silly ADD node_modules/stream-buffers
5907 silly ADD node_modules/plist
5908 silly ADD node_modules/bplist-parser
5909 silly ADD node_modules/bplist-creator
5910 silly ADD node_modules/uuid
5911 silly ADD node_modules/simple-plist
5912 silly ADD node_modules/signal-exit
5913 silly ADD node_modules/imurmurhash
5914 silly ADD node_modules/isexe
5915 silly ADD node_modules/ieee754
5916 silly ADD node_modules/punycode
5917 silly ADD node_modules/buffer
5918 silly ADD node_modules/webidl-conversions
5919 silly ADD node_modules/tr46
5920 silly ADD node_modules/tmpl
5921 silly ADD node_modules/makeerror
5922 silly ADD node_modules/escalade
5923 silly ADD node_modules/unicode-property-aliases-ecmascript
5924 silly ADD node_modules/unicode-canonical-property-names-ecmascript
5925 silly ADD node_modules/is-number
5926 silly ADD node_modules/thenify
5927 silly ADD node_modules/buffer-from
5928 silly ADD node_modules/source-map-support
5929 silly ADD node_modules/source-map-support/node_modules/source-map
5930 silly ADD node_modules/acorn
5931 silly ADD node_modules/@jridgewell/source-map
5932 silly ADD node_modules/has-flag
5933 silly ADD node_modules/thenify-all
5934 silly ADD node_modules/any-promise
5935 silly ADD node_modules/ts-interface-checker
5936 silly ADD node_modules/tinyglobby
5937 silly ADD node_modules/tinyglobby/node_modules/picomatch
5938 silly ADD node_modules/tinyglobby/node_modules/fdir
5939 silly ADD node_modules/mz
5940 silly ADD node_modules/lines-and-columns
5941 silly ADD node_modules/type-fest
5942 silly ADD node_modules/is-arrayish
5943 silly ADD node_modules/shebang-regex
5944 silly ADD node_modules/toidentifier
5945 silly ADD node_modules/setprototypeof
5946 silly ADD node_modules/range-parser
5947 silly ADD node_modules/mime
5948 silly ADD node_modules/http-errors
5949 silly ADD node_modules/http-errors/node_modules/statuses
5950 silly ADD node_modules/fresh
5951 silly ADD node_modules/etag
5952 silly ADD node_modules/destroy
5953 silly ADD node_modules/depd
5954 silly ADD node_modules/send
5955 silly ADD node_modules/send/node_modules/statuses
5956 silly ADD node_modules/send/node_modules/on-finished
5957 silly ADD node_modules/send/node_modules/encodeurl
5958 silly ADD node_modules/send/node_modules/debug
5959 silly ADD node_modules/send/node_modules/debug/node_modules/ms
5960 silly ADD node_modules/supports-preserve-symlinks-flag
5961 silly ADD node_modules/path-parse
5962 silly ADD node_modules/is-core-module
5963 silly ADD node_modules/unicode-match-property-value-ecmascript
5964 silly ADD node_modules/unicode-match-property-ecmascript
5965 silly ADD node_modules/regjsparser
5966 silly ADD node_modules/regjsgen
5967 silly ADD node_modules/regenerate-unicode-properties
5968 silly ADD node_modules/regenerate
5969 silly ADD node_modules/whatwg-url
5970 silly ADD node_modules/hyphenate-style-name
5971 silly ADD node_modules/css-in-js-utils
5972 silly ADD node_modules/node-fetch
5973 silly ADD node_modules/ua-parser-js
5974 silly ADD node_modules/setimmediate
5975 silly ADD node_modules/fbjs-css-vars
5976 silly ADD node_modules/cross-fetch
5977 silly ADD node_modules/styleq
5978 silly ADD node_modules/postcss-value-parser
5979 silly ADD node_modules/inline-style-prefixer
5980 silly ADD node_modules/fbjs
5981 silly ADD node_modules/fbjs/node_modules/promise
5982 silly ADD node_modules/object-assign
5983 silly ADD node_modules/prop-types
5984 silly ADD node_modules/prop-types/node_modules/react-is
5985 silly ADD node_modules/warn-once
5986 silly ADD node_modules/react-freeze
5987 silly ADD node_modules/@types/geojson
5988 silly ADD node_modules/csstype
5989 silly ADD node_modules/@types/react
5990 silly ADD node_modules/@types/hammerjs
5991 silly ADD node_modules/hoist-non-react-statics
5992 silly ADD node_modules/hoist-non-react-statics/node_modules/react-is
5993 silly ADD node_modules/@types/react-test-renderer
5994 silly ADD node_modules/@egjs/hammerjs
5995 silly ADD node_modules/shell-quote
5996 silly ADD node_modules/asap
5997 silly ADD node_modules/p-locate
5998 silly ADD node_modules/p-locate/node_modules/p-limit
5999 silly ADD node_modules/marky
6000 silly ADD node_modules/sprintf-js
6001 silly ADD node_modules/esprima
6002 silly ADD node_modules/argparse
6003 silly ADD node_modules/stack-utils
6004 silly ADD node_modules/stack-utils/node_modules/escape-string-regexp
6005 silly ADD node_modules/@types/stack-utils
6006 silly ADD node_modules/normalize-path
6007 silly ADD
6008 silly ADD node_modules/anymatch
6009 silly ADD node_modules/@types/graceful-fs
6010 silly ADD node_modules/type-detect
6011 silly ADD node_modules/@sinonjs/commons
6012 silly ADD node_modules/jest-message-util
6013 silly ADD node_modules/jest-message-util/node_modules/has-flag
6014 silly ADD node_modules/jest-message-util/node_modules/supports-color
6015 silly ADD node_modules/jest-message-util/node_modules/ansi-styles
6016 silly ADD node_modules/jest-message-util/node_modules/chalk
6017 silly ADD node_modules/jest-message-util/node_modules/@babel/code-frame
6018 silly ADD node_modules/@sinonjs/fake-timers
6019 silly ADD node_modules/jest-mock
6020 silly ADD node_modules/@jest/fake-timers
6021 silly ADD node_modules/@jest/environment
6022 silly ADD node_modules/istanbul-lib-coverage
6023 silly ADD node_modules/is-docker
6024 silly ADD node_modules/path-exists
6025 silly ADD node_modules/locate-path
6026 silly ADD node_modules/rimraf
6027 silly ADD node_modules/rimraf/node_modules/brace-expansion
6028 silly ADD node_modules/rimraf/node_modules/minimatch
6029 silly ADD node_modules/rimraf/node_modules/glob
6030 silly ADD node_modules/mkdirp
6031 silly ADD node_modules/lighthouse-logger
6032 silly ADD node_modules/lighthouse-logger/node_modules/ms
6033 silly ADD node_modules/lighthouse-logger/node_modules/debug
6034 silly ADD node_modules/is-wsl
6035 silly ADD node_modules/@babel/plugin-syntax-top-level-await
6036 silly ADD node_modules/@babel/plugin-syntax-private-property-in-object
6037 silly ADD node_modules/@babel/plugin-syntax-optional-catch-binding
6038 silly ADD node_modules/@babel/plugin-syntax-object-rest-spread
6039 silly ADD node_modules/@babel/plugin-syntax-numeric-separator
6040 silly ADD node_modules/@babel/plugin-syntax-logical-assignment-operators
6041 silly ADD node_modules/@babel/plugin-syntax-json-strings
6042 silly ADD node_modules/@babel/plugin-syntax-import-meta
6043 silly ADD node_modules/@babel/plugin-syntax-import-attributes
6044 silly ADD node_modules/@babel/plugin-syntax-class-static-block
6045 silly ADD node_modules/@babel/plugin-syntax-class-properties
6046 silly ADD node_modules/@babel/plugin-syntax-bigint
6047 silly ADD node_modules/@babel/plugin-syntax-async-generators
6048 silly ADD node_modules/babel-preset-current-node-syntax
6049 silly ADD node_modules/babel-plugin-jest-hoist
6050 silly ADD node_modules/js-yaml
6051 silly ADD node_modules/get-package-type
6052 silly ADD node_modules/find-up
6053 silly ADD node_modules/test-exclude
6054 silly ADD node_modules/test-exclude/node_modules/brace-expansion
6055 silly ADD node_modules/test-exclude/node_modules/minimatch
6056 silly ADD node_modules/test-exclude/node_modules/glob
6057 silly ADD node_modules/istanbul-lib-instrument
6058 silly ADD node_modules/istanbul-lib-instrument/node_modules/semver
6059 silly ADD node_modules/@istanbuljs/schema
6060 silly ADD node_modules/@istanbuljs/load-nyc-config
6061 silly ADD node_modules/@istanbuljs/load-nyc-config/node_modules/camelcase
6062 silly ADD node_modules/@types/babel__traverse
6063 silly ADD node_modules/@types/babel__template
6064 silly ADD node_modules/@types/babel__generator
6065 silly ADD node_modules/write-file-atomic
6066 silly ADD node_modules/pirates
6067 silly ADD node_modules/jest-regex-util
6068 silly ADD node_modules/jest-haste-map
6069 silly ADD node_modules/fast-json-stable-stringify
6070 silly ADD node_modules/babel-preset-jest
6071 silly ADD node_modules/babel-plugin-istanbul
6072 silly ADD node_modules/@types/babel__core
6073 silly ADD node_modules/@jest/transform
6074 silly ADD node_modules/@jest/transform/node_modules/has-flag
6075 silly ADD node_modules/@jest/transform/node_modules/supports-color
6076 silly ADD node_modules/@jest/transform/node_modules/ansi-styles
6077 silly ADD node_modules/@jest/transform/node_modules/chalk
6078 silly ADD node_modules/event-target-shim
6079 silly ADD node_modules/serve-static
6080 silly ADD node_modules/serve-static/node_modules/encodeurl
6081 silly ADD node_modules/open
6082 silly ADD node_modules/chromium-edge-launcher
6083 silly ADD node_modules/chrome-launcher
6084 silly ADD node_modules/@react-native/debugger-frontend
6085 silly ADD node_modules/@isaacs/ttlcache
6086 silly ADD node_modules/@react-native/dev-middleware
6087 silly ADD node_modules/@react-native/dev-middleware/node_modules/ws
6088 silly ADD node_modules/regenerator-runtime
6089 silly ADD node_modules/react-devtools-core
6090 silly ADD node_modules/promise
6091 silly ADD node_modules/memoize-one
6092 silly ADD node_modules/jest-environment-node
6093 silly ADD node_modules/babel-jest
6094 silly ADD node_modules/babel-jest/node_modules/has-flag
6095 silly ADD node_modules/babel-jest/node_modules/supports-color
6096 silly ADD node_modules/babel-jest/node_modules/ansi-styles
6097 silly ADD node_modules/babel-jest/node_modules/chalk
6098 silly ADD node_modules/ansi-regex
6099 silly ADD node_modules/abort-controller
6100 silly ADD node_modules/@react-native/normalize-colors
6101 silly ADD node_modules/@react-native/js-polyfills
6102 silly ADD node_modules/@react-native/gradle-plugin
6103 silly ADD node_modules/@react-native/community-cli-plugin
6104 silly ADD node_modules/@react-native/assets-registry
6105 silly ADD node_modules/@jest/create-cache-key-function
6106 silly ADD node_modules/scheduler
6107 silly ADD node_modules/inherits
6108 silly ADD node_modules/strict-uri-encode
6109 silly ADD node_modules/split-on-first
6110 silly ADD node_modules/filter-obj
6111 silly ADD node_modules/decode-uri-component
6112 silly ADD node_modules/source-map-js
6113 silly ADD node_modules/pngjs
6114 silly ADD node_modules/yocto-queue
6115 silly ADD node_modules/ee-first
6116 silly ADD node_modules/balanced-match
6117 silly ADD node_modules/brace-expansion
6118 silly ADD node_modules/mime-db
6119 silly ADD node_modules/to-regex-range
6120 silly ADD node_modules/fill-range
6121 silly ADD node_modules/braces
6122 silly ADD node_modules/vlq
6123 silly ADD node_modules/ob1
6124 silly ADD node_modules/@babel/traverse--for-generate-function-map
6125 silly ADD node_modules/@babel/traverse--for-generate-function-map/node_modules/@babel/code-frame
6126 silly ADD node_modules/terser
6127 silly ADD node_modules/terser/node_modules/commander
6128 silly ADD node_modules/node-int64
6129 silly ADD node_modules/bser
6130 silly ADD node_modules/walker
6131 silly ADD node_modules/micromatch
6132 silly ADD node_modules/fb-watchman
6133 silly ADD node_modules/leven
6134 silly ADD node_modules/jest-get-type
6135 silly ADD node_modules/camelcase
6136 silly ADD node_modules/yaml
6137 silly ADD node_modules/jest-validate
6138 silly ADD node_modules/jest-validate/node_modules/has-flag
6139 silly ADD node_modules/jest-validate/node_modules/supports-color
6140 silly ADD node_modules/jest-validate/node_modules/ansi-styles
6141 silly ADD node_modules/jest-validate/node_modules/chalk
6142 silly ADD node_modules/agent-base
6143 silly ADD node_modules/https-proxy-agent
6144 silly ADD node_modules/exponential-backoff
6145 silly ADD node_modules/@types/yargs-parser
6146 silly ADD node_modules/@types/istanbul-lib-report
6147 silly ADD node_modules/@sinclair/typebox
6148 silly ADD node_modules/@types/yargs
6149 silly ADD node_modules/@types/istanbul-reports
6150 silly ADD node_modules/@types/istanbul-lib-coverage
6151 silly ADD node_modules/@jest/schemas
6152 silly ADD node_modules/picomatch
6153 silly ADD node_modules/@jest/types
6154 silly ADD node_modules/@jest/types/node_modules/has-flag
6155 silly ADD node_modules/@jest/types/node_modules/supports-color
6156 silly ADD node_modules/@jest/types/node_modules/ansi-styles
6157 silly ADD node_modules/@jest/types/node_modules/chalk
6158 silly ADD node_modules/undici-types
6159 silly ADD node_modules/merge-stream
6160 silly ADD node_modules/jest-util
6161 silly ADD node_modules/jest-util/node_modules/has-flag
6162 silly ADD node_modules/jest-util/node_modules/supports-color
6163 silly ADD node_modules/jest-util/node_modules/ansi-styles
6164 silly ADD node_modules/jest-util/node_modules/ci-info
6165 silly ADD node_modules/jest-util/node_modules/chalk
6166 silly ADD node_modules/@types/node
6167 silly ADD node_modules/queue
6168 silly ADD node_modules/unpipe
6169 silly ADD node_modules/statuses
6170 silly ADD node_modules/on-finished
6171 silly ADD node_modules/escape-html
6172 silly ADD node_modules/encodeurl
6173 silly ADD node_modules/stackframe
6174 silly ADD node_modules/utils-merge
6175 silly ADD node_modules/parseurl
6176 silly ADD node_modules/finalhandler
6177 silly ADD node_modules/finalhandler/node_modules/ms
6178 silly ADD node_modules/finalhandler/node_modules/debug
6179 silly ADD node_modules/negotiator
6180 silly ADD node_modules/ws
6181 silly ADD node_modules/throat
6182 silly ADD node_modules/source-map
6183 silly ADD node_modules/serialize-error
6184 silly ADD node_modules/lodash.throttle
6185 silly ADD node_modules/jest-worker
6186 silly ADD node_modules/jest-worker/node_modules/has-flag
6187 silly ADD node_modules/jest-worker/node_modules/supports-color
6188 silly ADD node_modules/image-size
6189 silly ADD node_modules/graceful-fs
6190 silly ADD node_modules/flow-enums-runtime
6191 silly ADD node_modules/error-stack-parser
6192 silly ADD node_modules/connect
6193 silly ADD node_modules/connect/node_modules/ms
6194 silly ADD node_modules/connect/node_modules/debug
6195 silly ADD node_modules/ci-info
6196 silly ADD node_modules/accepts
6197 silly ADD node_modules/is-plain-obj
6198 silly ADD node_modules/yallist
6199 silly ADD node_modules/lightningcss-darwin-arm64
6200 silly ADD node_modules/detect-libc
6201 silly ADD node_modules/loose-envify
6202 silly ADD node_modules/hermes-estree
6203 silly ADD node_modules/path-scurry
6204 silly ADD node_modules/path-scurry/node_modules/lru-cache
6205 silly ADD node_modules/minipass
6206 silly ADD node_modules/dunder-proto
6207 silly ADD node_modules/math-intrinsics
6208 silly ADD node_modules/has-symbols
6209 silly ADD node_modules/gopd
6210 silly ADD node_modules/get-proto
6211 silly ADD node_modules/function-bind
6212 silly ADD node_modules/es-object-atoms
6213 silly ADD node_modules/es-define-property
6214 silly ADD node_modules/call-bind-apply-helpers
6215 silly ADD node_modules/has-tostringtag
6216 silly ADD node_modules/get-intrinsic
6217 silly ADD node_modules/es-errors
6218 silly ADD node_modules/delayed-stream
6219 silly ADD node_modules/mime-types
6220 silly ADD node_modules/hasown
6221 silly ADD node_modules/es-set-tostringtag
6222 silly ADD node_modules/combined-stream
6223 silly ADD node_modules/asynckit
6224 silly ADD node_modules/react-native-is-edge-to-edge
6225 silly ADD node_modules/commander
6226 silly ADD node_modules/expo-image-loader
6227 silly ADD node_modules/fontfaceobserver
6228 silly ADD node_modules/parse-png
6229 silly ADD node_modules/jimp-compact
6230 silly ADD node_modules/@expo/require-utils
6231 silly ADD node_modules/@expo/require-utils/node_modules/@babel/code-frame
6232 silly ADD node_modules/@expo/image-utils
6233 silly ADD node_modules/@expo/image-utils/node_modules/has-flag
6234 silly ADD node_modules/@expo/image-utils/node_modules/supports-color
6235 silly ADD node_modules/@expo/image-utils/node_modules/ansi-styles
6236 silly ADD node_modules/@expo/image-utils/node_modules/chalk
6237 silly ADD node_modules/ms
6238 silly ADD node_modules/which
6239 silly ADD node_modules/shebang-command
6240 silly ADD node_modules/path-key
6241 silly ADD node_modules/supports-color
6242 silly ADD node_modules/ansi-styles
6243 silly ADD node_modules/ansi-styles/node_modules/color-name
6244 silly ADD node_modules/ansi-styles/node_modules/color-convert
6245 silly ADD node_modules/update-browserslist-db
6246 silly ADD node_modules/node-releases
6247 silly ADD node_modules/electron-to-chromium
6248 silly ADD node_modules/caniuse-lite
6249 silly ADD node_modules/baseline-browser-mapping
6250 silly ADD node_modules/core-js-compat
6251 silly ADD node_modules/resolve
6252 silly ADD node_modules/lodash.debounce
6253 silly ADD node_modules/@babel/helper-define-polyfill-provider
6254 silly ADD node_modules/yargs
6255 silly ADD node_modules/nullthrows
6256 silly ADD node_modules/invariant
6257 silly ADD node_modules/@react-native/codegen
6258 silly ADD node_modules/@react-native/codegen/node_modules/brace-expansion
6259 silly ADD node_modules/@react-native/codegen/node_modules/minimatch
6260 silly ADD node_modules/@react-native/codegen/node_modules/glob
6261 silly ADD node_modules/regexpu-core
6262 silly ADD node_modules/@babel/helper-create-regexp-features-plugin
6263 silly ADD node_modules/@babel/helper-create-regexp-features-plugin/node_modules/semver
6264 silly ADD node_modules/@babel/helper-wrap-function
6265 silly ADD node_modules/@babel/helper-remap-async-to-generator
6266 silly ADD node_modules/@react-native/babel-plugin-codegen
6267 silly ADD node_modules/@babel/plugin-transform-unicode-regex
6268 silly ADD node_modules/@babel/plugin-transform-sticky-regex
6269 silly ADD node_modules/@babel/plugin-transform-spread
6270 silly ADD node_modules/@babel/plugin-transform-shorthand-properties
6271 silly ADD node_modules/@babel/plugin-transform-regenerator
6272 silly ADD node_modules/@babel/plugin-transform-react-jsx-source
6273 silly ADD node_modules/@babel/plugin-transform-react-jsx-self
6274 silly ADD node_modules/@babel/plugin-transform-optional-chaining
6275 silly ADD node_modules/@babel/plugin-transform-optional-catch-binding
6276 silly ADD node_modules/@babel/plugin-transform-numeric-separator
6277 silly ADD node_modules/@babel/plugin-transform-nullish-coalescing-operator
6278 silly ADD node_modules/@babel/plugin-transform-named-capturing-groups-regex
6279 silly ADD node_modules/@babel/plugin-transform-logical-assignment-operators
6280 silly ADD node_modules/@babel/plugin-transform-literals
6281 silly ADD node_modules/@babel/plugin-transform-function-name
6282 silly ADD node_modules/@babel/plugin-transform-for-of
6283 silly ADD node_modules/@babel/plugin-transform-computed-properties
6284 silly ADD node_modules/@babel/plugin-transform-classes
6285 silly ADD node_modules/@babel/plugin-transform-class-properties
6286 silly ADD node_modules/@babel/plugin-transform-block-scoping
6287 silly ADD node_modules/@babel/plugin-transform-async-to-generator
6288 silly ADD node_modules/@babel/plugin-transform-async-generator-functions
6289 silly ADD node_modules/@babel/plugin-transform-arrow-functions
6290 silly ADD node_modules/@babel/plugin-syntax-optional-chaining
6291 silly ADD node_modules/@babel/plugin-syntax-nullish-coalescing-operator
6292 silly ADD node_modules/@babel/plugin-syntax-dynamic-import
6293 silly ADD node_modules/@babel/plugin-syntax-typescript
6294 silly ADD node_modules/@babel/plugin-transform-typescript
6295 silly ADD node_modules/@babel/plugin-syntax-jsx
6296 silly ADD node_modules/@babel/plugin-transform-react-pure-annotations
6297 silly ADD node_modules/@babel/plugin-transform-react-jsx-development
6298 silly ADD node_modules/@babel/plugin-transform-react-jsx
6299 silly ADD node_modules/@babel/plugin-transform-react-display-name
6300 silly ADD node_modules/babel-plugin-polyfill-regenerator
6301 silly ADD node_modules/babel-plugin-polyfill-corejs3
6302 silly ADD node_modules/babel-plugin-polyfill-corejs2
6303 silly ADD node_modules/babel-plugin-polyfill-corejs2/node_modules/semver
6304 silly ADD node_modules/@babel/plugin-transform-destructuring
6305 silly ADD node_modules/@babel/plugin-syntax-flow
6306 silly ADD node_modules/@babel/helper-skip-transparent-expression-wrappers
6307 silly ADD node_modules/@babel/helper-replace-supers
6308 silly ADD node_modules/@babel/helper-optimise-call-expression
6309 silly ADD node_modules/@babel/helper-member-expression-to-functions
6310 silly ADD node_modules/@babel/helper-annotate-as-pure
6311 silly ADD node_modules/@babel/plugin-syntax-decorators
6312 silly ADD node_modules/@babel/helper-plugin-utils
6313 silly ADD node_modules/@babel/helper-create-class-features-plugin
6314 silly ADD node_modules/@babel/helper-create-class-features-plugin/node_modules/semver
6315 silly ADD node_modules/babel-plugin-transform-flow-enums
6316 silly ADD node_modules/babel-plugin-syntax-hermes-parser
6317 silly ADD node_modules/babel-plugin-react-native-web
6318 silly ADD node_modules/babel-plugin-react-compiler
6319 silly ADD node_modules/@react-native/babel-preset
6320 silly ADD node_modules/@babel/preset-typescript
6321 silly ADD node_modules/@babel/preset-react
6322 silly ADD node_modules/@babel/plugin-transform-runtime
6323 silly ADD node_modules/@babel/plugin-transform-runtime/node_modules/semver
6324 silly ADD node_modules/@babel/plugin-transform-private-property-in-object
6325 silly ADD node_modules/@babel/plugin-transform-private-methods
6326 silly ADD node_modules/@babel/plugin-transform-parameters
6327 silly ADD node_modules/@babel/plugin-transform-object-rest-spread
6328 silly ADD node_modules/@babel/plugin-transform-modules-commonjs
6329 silly ADD node_modules/@babel/plugin-transform-flow-strip-types
6330 silly ADD node_modules/@babel/plugin-transform-export-namespace-from
6331 silly ADD node_modules/@babel/plugin-transform-class-static-block
6332 silly ADD node_modules/@babel/plugin-syntax-export-default-from
6333 silly ADD node_modules/@babel/plugin-proposal-export-default-from
6334 silly ADD node_modules/@babel/plugin-proposal-decorators
6335 silly ADD node_modules/@jridgewell/resolve-uri
6336 silly ADD node_modules/@jridgewell/sourcemap-codec
6337 silly ADD node_modules/cross-spawn
6338 silly ADD node_modules/xmlbuilder
6339 silly ADD node_modules/base64-js
6340 silly ADD node_modules/@xmldom/xmldom
6341 silly ADD node_modules/@babel/helper-string-parser
6342 silly ADD node_modules/@babel/helper-globals
6343 silly ADD node_modules/@babel/helper-module-imports
6344 silly ADD node_modules/lru-cache
6345 silly ADD node_modules/@babel/helper-validator-option
6346 silly ADD node_modules/@babel/compat-data
6347 silly ADD node_modules/jsesc
6348 silly ADD node_modules/@jridgewell/trace-mapping
6349 silly ADD node_modules/@jridgewell/gen-mapping
6350 silly ADD node_modules/gensync
6351 silly ADD node_modules/convert-source-map
6352 silly ADD node_modules/@jridgewell/remapping
6353 silly ADD node_modules/@babel/types
6354 silly ADD node_modules/@babel/traverse
6355 silly ADD node_modules/@babel/traverse/node_modules/@babel/code-frame
6356 silly ADD node_modules/@babel/template
6357 silly ADD node_modules/@babel/template/node_modules/@babel/code-frame
6358 silly ADD node_modules/@babel/parser
6359 silly ADD node_modules/@babel/helpers
6360 silly ADD node_modules/@babel/helper-module-transforms
6361 silly ADD node_modules/@babel/helper-compilation-targets
6362 silly ADD node_modules/@babel/helper-compilation-targets/node_modules/semver
6363 silly ADD node_modules/postcss
6364 silly ADD node_modules/lightningcss
6365 silly ADD node_modules/jsc-safe-url
6366 silly ADD node_modules/hermes-parser
6367 silly ADD node_modules/dotenv-expand
6368 silly ADD node_modules/dotenv
6369 silly ADD node_modules/browserslist
6370 silly ADD node_modules/@expo/env
6371 silly ADD node_modules/@expo/env/node_modules/has-flag
6372 silly ADD node_modules/@expo/env/node_modules/supports-color
6373 silly ADD node_modules/@expo/env/node_modules/ansi-styles
6374 silly ADD node_modules/@expo/env/node_modules/chalk
6375 silly ADD node_modules/@babel/generator
6376 silly ADD node_modules/@babel/core
6377 silly ADD node_modules/@babel/core/node_modules/semver
6378 silly ADD node_modules/@babel/core/node_modules/@babel/code-frame
6379 silly ADD node_modules/metro-transform-worker
6380 silly ADD node_modules/metro-transform-plugins
6381 silly ADD node_modules/metro-symbolicate
6382 silly ADD node_modules/metro-source-map
6383 silly ADD node_modules/metro-runtime
6384 silly ADD node_modules/metro-resolver
6385 silly ADD node_modules/metro-minify-terser
6386 silly ADD node_modules/metro-file-map
6387 silly ADD node_modules/metro-core
6388 silly ADD node_modules/metro-config
6389 silly ADD node_modules/metro-cache-key
6390 silly ADD node_modules/metro-cache
6391 silly ADD node_modules/metro-babel-transformer
6392 silly ADD node_modules/metro-babel-transformer/node_modules/hermes-estree
6393 silly ADD node_modules/metro-babel-transformer/node_modules/hermes-parser
6394 silly ADD node_modules/metro
6395 silly ADD node_modules/metro/node_modules/has-flag
6396 silly ADD node_modules/metro/node_modules/hermes-estree
6397 silly ADD node_modules/metro/node_modules/supports-color
6398 silly ADD node_modules/metro/node_modules/ansi-styles
6399 silly ADD node_modules/metro/node_modules/hermes-parser
6400 silly ADD node_modules/metro/node_modules/chalk
6401 silly ADD node_modules/metro/node_modules/@babel/code-frame
6402 silly ADD node_modules/json5
6403 silly ADD node_modules/p-limit
6404 silly ADD node_modules/minimatch
6405 silly ADD node_modules/ignore
6406 silly ADD node_modules/arg
6407 silly ADD node_modules/@expo/spawn-async
6408 silly ADD node_modules/xml2js
6409 silly ADD node_modules/xml2js/node_modules/xmlbuilder
6410 silly ADD node_modules/xcode
6411 silly ADD node_modules/slash
6412 silly ADD node_modules/debug
6413 silly ADD node_modules/@expo/sdk-runtime-versions
6414 silly ADD node_modules/@expo/plist
6415 silly ADD node_modules/picocolors
6416 silly ADD node_modules/js-tokens
6417 silly ADD node_modules/chalk
6418 silly ADD node_modules/chalk/node_modules/escape-string-regexp
6419 silly ADD node_modules/@babel/helper-validator-identifier
6420 silly ADD node_modules/@babel/highlight
6421 silly ADD node_modules/sucrase
6422 silly ADD node_modules/sucrase/node_modules/commander
6423 silly ADD node_modules/slugify
6424 silly ADD node_modules/semver
6425 silly ADD node_modules/resolve-workspace-root
6426 silly ADD node_modules/resolve-from
6427 silly ADD node_modules/require-from-string
6428 silly ADD node_modules/glob
6429 silly ADD node_modules/glob/node_modules/balanced-match
6430 silly ADD node_modules/glob/node_modules/brace-expansion
6431 silly ADD node_modules/glob/node_modules/minimatch
6432 silly ADD node_modules/getenv
6433 silly ADD node_modules/deepmerge
6434 silly ADD node_modules/@expo/json-file
6435 silly ADD node_modules/@expo/json-file/node_modules/@babel/code-frame
6436 silly ADD node_modules/@expo/config-types
6437 silly ADD node_modules/@babel/code-frame
6438 silly ADD node_modules/whatwg-url-without-unicode
6439 silly ADD node_modules/whatwg-url-without-unicode/node_modules/webidl-conversions
6440 silly ADD node_modules/expo-modules-core
6441 silly ADD node_modules/expo-modules-autolinking
6442 silly ADD node_modules/expo-modules-autolinking/node_modules/has-flag
6443 silly ADD node_modules/expo-modules-autolinking/node_modules/supports-color
6444 silly ADD node_modules/expo-modules-autolinking/node_modules/ansi-styles
6445 silly ADD node_modules/expo-modules-autolinking/node_modules/chalk
6446 silly ADD node_modules/expo-keep-awake
6447 silly ADD node_modules/expo-file-system
6448 silly ADD node_modules/expo-constants
6449 silly ADD node_modules/expo-asset
6450 silly ADD node_modules/react-refresh
6451 silly ADD node_modules/babel-preset-expo
6452 silly ADD node_modules/@ungap/structured-clone
6453 silly ADD node_modules/@expo/metro-config
6454 silly ADD node_modules/@expo/metro-config/node_modules/has-flag
6455 silly ADD node_modules/@expo/metro-config/node_modules/supports-color
6456 silly ADD node_modules/@expo/metro-config/node_modules/ansi-styles
6457 silly ADD node_modules/@expo/metro-config/node_modules/chalk
6458 silly ADD node_modules/@expo/metro-config/node_modules/@babel/code-frame
6459 silly ADD node_modules/@expo/metro
6460 silly ADD node_modules/@expo/fingerprint
6461 silly ADD node_modules/@expo/fingerprint/node_modules/has-flag
6462 silly ADD node_modules/@expo/fingerprint/node_modules/supports-color
6463 silly ADD node_modules/@expo/fingerprint/node_modules/ansi-styles
6464 silly ADD node_modules/@expo/fingerprint/node_modules/chalk
6465 silly ADD node_modules/@expo/devtools
6466 silly ADD node_modules/@expo/devtools/node_modules/has-flag
6467 silly ADD node_modules/@expo/devtools/node_modules/supports-color
6468 silly ADD node_modules/@expo/devtools/node_modules/ansi-styles
6469 silly ADD node_modules/@expo/devtools/node_modules/chalk
6470 silly ADD node_modules/@expo/config-plugins
6471 silly ADD node_modules/@expo/config-plugins/node_modules/has-flag
6472 silly ADD node_modules/@expo/config-plugins/node_modules/supports-color
6473 silly ADD node_modules/@expo/config-plugins/node_modules/ansi-styles
6474 silly ADD node_modules/@expo/config-plugins/node_modules/chalk
6475 silly ADD node_modules/@expo/config
6476 silly ADD node_modules/@babel/runtime
6477 silly ADD node_modules/simple-swizzle
6478 silly ADD node_modules/color-name
6479 silly ADD node_modules/color-string
6480 silly ADD node_modules/color-convert
6481 silly ADD node_modules/proxy-from-env
6482 silly ADD node_modules/form-data
6483 silly ADD node_modules/follow-redirects
6484 silly ADD node_modules/react-is
6485 silly ADD node_modules/query-string
6486 silly ADD node_modules/@react-navigation/routers
6487 silly ADD node_modules/nanoid
6488 silly ADD node_modules/fast-deep-equal
6489 silly ADD node_modules/escape-string-regexp
6490 silly ADD node_modules/@react-navigation/core
6491 silly ADD node_modules/use-sync-external-store
6492 silly ADD node_modules/use-latest-callback
6493 silly ADD node_modules/sf-symbols-typescript
6494 silly ADD node_modules/color
6495 silly ADD node_modules/@react-navigation/elements
6496 silly ADD node_modules/merge-options
6497 silly ADD node_modules/whatwg-fetch
6498 silly ADD node_modules/stacktrace-parser
6499 silly ADD node_modules/pretty-format
6500 silly ADD node_modules/pretty-format/node_modules/react-is
6501 silly ADD node_modules/pretty-format/node_modules/ansi-styles
6502 silly ADD node_modules/anser
6503 silly ADD node_modules/react-native-web
6504 silly ADD node_modules/react-native-web/node_modules/memoize-one
6505 silly ADD node_modules/react-native-web/node_modules/@react-native/normalize-colors
6506 silly ADD node_modules/react-native-vector-icons
6507 silly ADD node_modules/react-native-vector-icons/node_modules/yargs-parser
6508 silly ADD node_modules/react-native-vector-icons/node_modules/cliui
6509 silly ADD node_modules/react-native-vector-icons/node_modules/yargs
6510 silly ADD node_modules/react-native-maps
6511 silly ADD node_modules/react-dom
6512 silly ADD node_modules/libphonenumber-js
6513 silly ADD node_modules/expo-status-bar
6514 silly ADD node_modules/expo-maps
6515 silly ADD node_modules/expo-location
6516 silly ADD node_modules/expo-image-picker
6517 silly ADD node_modules/country-state-city
6518 silly ADD node_modules/axios
6519 silly ADD node_modules/@stripe/stripe-react-native
6520 silly ADD node_modules/react-native-gesture-handler
6521 silly ADD node_modules/@react-navigation/stack
6522 silly ADD node_modules/react-native-safe-area-context
6523 silly ADD node_modules/@react-navigation/native
6524 silly ADD node_modules/react-native-screens
6525 silly ADD node_modules/@react-navigation/bottom-tabs
6526 silly ADD node_modules/@react-native-google-signin/google-signin
6527 silly ADD node_modules/@react-native-async-storage/async-storage
6528 silly ADD node_modules/expo-font
6529 silly ADD node_modules/@expo/vector-icons
6530 silly ADD node_modules/react-native
6531 silly ADD node_modules/react-native/node_modules/brace-expansion
6532 silly ADD node_modules/react-native/node_modules/minimatch
6533 silly ADD node_modules/react-native/node_modules/ws
6534 silly ADD node_modules/react-native/node_modules/glob
6535 silly ADD node_modules/react-native/node_modules/commander
6536 silly ADD node_modules/react-native/node_modules/@react-native/virtualized-lists
6537 silly ADD node_modules/react
6538 silly ADD node_modules/expo
6539 silly ADD node_modules/expo/node_modules/has-flag
6540 silly ADD node_modules/expo/node_modules/supports-color
6541 silly ADD node_modules/expo/node_modules/ansi-styles
6542 silly ADD node_modules/expo/node_modules/ws
6543 silly ADD node_modules/expo/node_modules/picomatch
6544 silly ADD node_modules/expo/node_modules/ci-info
6545 silly ADD node_modules/expo/node_modules/chalk
6546 silly ADD node_modules/expo/node_modules/expo-font
6547 silly ADD node_modules/expo/node_modules/@expo/cli
6548 silly ADD node_modules/@expo/metro-runtime
6549 verbose cwd /Users/rayanqadir/Desktop/Farely/frontend
6550 verbose os Darwin 25.4.0
6551 verbose node v23.11.1
6552 verbose npm  v11.6.3
6553 verbose exit 0
6554 info ok
