0 verbose cli /Users/rayanqadir/.nvm/versions/node/v23.11.1/bin/node /Users/rayanqadir/.npm-global/bin/npm
1 info using npm@11.6.3
2 info using node@v23.11.1
3 silly config load:file:/Users/rayanqadir/.npm-global/lib/node_modules/npm/npmrc
4 warn Unknown env config "devdir". This will stop working in the next major version of npm.
5 silly config load:file:/Users/rayanqadir/Desktop/Farely/backend/.npmrc
6 silly config load:file:/Users/rayanqadir/.npmrc
7 silly config load:file:/Users/rayanqadir/.nvm/versions/node/v23.11.1/etc/npmrc
8 verbose title npm install
9 verbose argv "install" "--cache" "/Users/rayanqadir/Desktop/Farely/.npm-cache"
10 verbose logfile logs-max:10 dir:/Users/rayanqadir/Desktop/Farely/.npm-cache/_logs/2026-04-24T16_06_14_904Z-
11 verbose logfile /Users/rayanqadir/Desktop/Farely/.npm-cache/_logs/2026-04-24T16_06_14_904Z-debug-0.log
12 silly logfile done cleaning log files
13 silly packumentCache heap:4345298944 maxSize:1086324736 maxEntrySize:543162368
14 silly idealTree buildDeps
15 silly fetch manifest @aws-sdk/client-s3@^3.700.0
16 silly packumentCache full:https://registry.npmjs.org/@aws-sdk%2fclient-s3 cache-miss
17 http fetch GET 200 https://registry.npmjs.org/npm 436ms
18 http fetch GET 200 https://registry.npmjs.org/@aws-sdk%2fclient-s3 1023ms (cache miss)
19 silly packumentCache full:https://registry.npmjs.org/@aws-sdk%2fclient-s3 set size:undefined disposed:false
20 silly fetch manifest @aws-sdk/s3-request-presigner@^3.700.0
21 silly packumentCache full:https://registry.npmjs.org/@aws-sdk%2fs3-request-presigner cache-miss
22 http fetch GET 200 https://registry.npmjs.org/@aws-sdk%2fs3-request-presigner 594ms (cache miss)
23 silly packumentCache full:https://registry.npmjs.org/@aws-sdk%2fs3-request-presigner set size:undefined disposed:false
24 silly fetch manifest @getbrevo/brevo@^2.2.0
25 silly packumentCache full:https://registry.npmjs.org/@getbrevo%2fbrevo cache-miss
26 http fetch GET 200 https://registry.npmjs.org/@getbrevo%2fbrevo 441ms (cache miss)
27 silly packumentCache full:https://registry.npmjs.org/@getbrevo%2fbrevo set size:undefined disposed:false
28 silly fetch manifest bcryptjs@^2.4.3
29 silly packumentCache full:https://registry.npmjs.org/bcryptjs cache-miss
30 http fetch GET 200 https://registry.npmjs.org/bcryptjs 68ms (cache miss)
31 silly packumentCache full:https://registry.npmjs.org/bcryptjs set size:undefined disposed:false
32 silly fetch manifest cookie-parser@^1.4.6
33 silly packumentCache full:https://registry.npmjs.org/cookie-parser cache-miss
34 http fetch GET 200 https://registry.npmjs.org/cookie-parser 117ms (cache miss)
35 silly packumentCache full:https://registry.npmjs.org/cookie-parser set size:undefined disposed:false
36 silly fetch manifest cors@^2.8.6
37 silly packumentCache full:https://registry.npmjs.org/cors cache-miss
38 http fetch GET 200 https://registry.npmjs.org/cors 81ms (cache miss)
39 silly packumentCache full:https://registry.npmjs.org/cors set size:undefined disposed:false
40 silly fetch manifest dotenv@^16.4.5
41 silly packumentCache full:https://registry.npmjs.org/dotenv cache-miss
42 http fetch GET 200 https://registry.npmjs.org/dotenv 79ms (cache miss)
43 silly packumentCache full:https://registry.npmjs.org/dotenv set size:undefined disposed:false
44 silly fetch manifest express@^4.21.0
45 silly packumentCache full:https://registry.npmjs.org/express cache-miss
46 http fetch GET 200 https://registry.npmjs.org/express 164ms (cache miss)
47 silly packumentCache full:https://registry.npmjs.org/express set size:undefined disposed:false
48 silly fetch manifest express-validator@^7.2.0
49 silly packumentCache full:https://registry.npmjs.org/express-validator cache-miss
50 http fetch GET 200 https://registry.npmjs.org/express-validator 113ms (cache miss)
51 silly packumentCache full:https://registry.npmjs.org/express-validator set size:undefined disposed:false
52 silly fetch manifest google-auth-library@^9.14.1
53 silly packumentCache full:https://registry.npmjs.org/google-auth-library cache-miss
54 http fetch GET 200 https://registry.npmjs.org/google-auth-library 115ms (cache miss)
55 silly packumentCache full:https://registry.npmjs.org/google-auth-library set size:undefined disposed:false
56 silly fetch manifest jsonwebtoken@^9.0.2
57 silly packumentCache full:https://registry.npmjs.org/jsonwebtoken cache-miss
58 http fetch GET 200 https://registry.npmjs.org/jsonwebtoken 84ms (cache miss)
59 silly packumentCache full:https://registry.npmjs.org/jsonwebtoken set size:undefined disposed:false
60 silly fetch manifest mongoose@^8.8.0
61 silly packumentCache full:https://registry.npmjs.org/mongoose cache-miss
62 http fetch GET 200 https://registry.npmjs.org/mongoose 283ms (cache miss)
63 silly packumentCache full:https://registry.npmjs.org/mongoose set size:undefined disposed:false
64 silly fetch manifest multer@^1.4.5-lts.1
65 silly packumentCache full:https://registry.npmjs.org/multer cache-miss
66 http fetch GET 200 https://registry.npmjs.org/multer 418ms (cache miss)
67 silly packumentCache full:https://registry.npmjs.org/multer set size:undefined disposed:false
68 silly fetch manifest stripe@^22.0.1
69 silly packumentCache full:https://registry.npmjs.org/stripe cache-miss
70 http fetch GET 200 https://registry.npmjs.org/stripe 300ms (cache miss)
71 silly packumentCache full:https://registry.npmjs.org/stripe set size:undefined disposed:false
72 silly fetch manifest @types/node@>=18
73 silly packumentCache full:https://registry.npmjs.org/@types%2fnode cache-miss
74 http fetch GET 200 https://registry.npmjs.org/@types%2fnode 690ms (cache miss)
75 silly packumentCache full:https://registry.npmjs.org/@types%2fnode set size:undefined disposed:false
76 silly fetch manifest twilio@^5.3.4
77 silly packumentCache full:https://registry.npmjs.org/twilio cache-miss
78 http fetch GET 200 https://registry.npmjs.org/twilio 504ms (cache miss)
79 silly packumentCache full:https://registry.npmjs.org/twilio set size:undefined disposed:false
80 silly placeDep ROOT @aws-sdk/client-s3@3.1036.0 OK for: backend@1.0.0 want: ^3.700.0
81 silly placeDep ROOT @aws-sdk/s3-request-presigner@3.1036.0 OK for: backend@1.0.0 want: ^3.700.0
82 silly placeDep ROOT @getbrevo/brevo@2.5.0 OK for: backend@1.0.0 want: ^2.2.0
83 silly placeDep ROOT bcryptjs@2.4.3 OK for: backend@1.0.0 want: ^2.4.3
84 silly placeDep ROOT cookie-parser@1.4.7 OK for: backend@1.0.0 want: ^1.4.6
85 silly placeDep ROOT cors@2.8.6 OK for: backend@1.0.0 want: ^2.8.6
86 silly placeDep ROOT dotenv@16.6.1 OK for: backend@1.0.0 want: ^16.4.5
87 silly placeDep ROOT express@4.22.1 OK for: backend@1.0.0 want: ^4.21.0
88 silly placeDep ROOT express-validator@7.3.2 OK for: backend@1.0.0 want: ^7.2.0
89 silly placeDep ROOT google-auth-library@9.15.1 OK for: backend@1.0.0 want: ^9.14.1
90 silly placeDep ROOT jsonwebtoken@9.0.3 OK for: backend@1.0.0 want: ^9.0.2
91 silly placeDep ROOT mongoose@8.23.1 OK for: backend@1.0.0 want: ^8.8.0
92 silly placeDep ROOT multer@1.4.5-lts.2 OK for: backend@1.0.0 want: ^1.4.5-lts.1
93 silly placeDep ROOT stripe@22.1.0 OK for: backend@1.0.0 want: ^22.0.1
94 silly placeDep ROOT twilio@5.13.1 OK for: backend@1.0.0 want: ^5.3.4
95 silly fetch manifest @aws-crypto/sha1-browser@5.2.0
96 silly packumentCache full:https://registry.npmjs.org/@aws-crypto%2fsha1-browser cache-miss
97 silly fetch manifest @aws-crypto/sha256-browser@5.2.0
98 silly packumentCache full:https://registry.npmjs.org/@aws-crypto%2fsha256-browser cache-miss
99 silly fetch manifest @aws-crypto/sha256-js@5.2.0
100 silly packumentCache full:https://registry.npmjs.org/@aws-crypto%2fsha256-js cache-miss
101 silly fetch manifest @aws-sdk/core@^3.974.5
102 silly packumentCache full:https://registry.npmjs.org/@aws-sdk%2fcore cache-miss
103 silly fetch manifest @aws-sdk/credential-provider-node@^3.972.36
104 silly packumentCache full:https://registry.npmjs.org/@aws-sdk%2fcredential-provider-node cache-miss
105 silly fetch manifest @aws-sdk/middleware-bucket-endpoint@^3.972.10
106 silly packumentCache full:https://registry.npmjs.org/@aws-sdk%2fmiddleware-bucket-endpoint cache-miss
107 silly fetch manifest @aws-sdk/middleware-expect-continue@^3.972.10
108 silly packumentCache full:https://registry.npmjs.org/@aws-sdk%2fmiddleware-expect-continue cache-miss
109 silly fetch manifest @aws-sdk/middleware-flexible-checksums@^3.974.13
110 silly packumentCache full:https://registry.npmjs.org/@aws-sdk%2fmiddleware-flexible-checksums cache-miss
111 silly fetch manifest @aws-sdk/middleware-host-header@^3.972.10
112 silly packumentCache full:https://registry.npmjs.org/@aws-sdk%2fmiddleware-host-header cache-miss
113 silly fetch manifest @aws-sdk/middleware-location-constraint@^3.972.10
114 silly packumentCache full:https://registry.npmjs.org/@aws-sdk%2fmiddleware-location-constraint cache-miss
115 silly fetch manifest @aws-sdk/middleware-logger@^3.972.10
116 silly packumentCache full:https://registry.npmjs.org/@aws-sdk%2fmiddleware-logger cache-miss
117 silly fetch manifest @aws-sdk/middleware-recursion-detection@^3.972.11
118 silly packumentCache full:https://registry.npmjs.org/@aws-sdk%2fmiddleware-recursion-detection cache-miss
119 silly fetch manifest @aws-sdk/middleware-sdk-s3@^3.972.34
120 silly packumentCache full:https://registry.npmjs.org/@aws-sdk%2fmiddleware-sdk-s3 cache-miss
121 http fetch GET 200 https://registry.npmjs.org/@aws-crypto%2fsha1-browser 108ms (cache miss)
122 silly packumentCache full:https://registry.npmjs.org/@aws-crypto%2fsha1-browser set size:undefined disposed:false
123 silly fetch manifest @aws-sdk/middleware-ssec@^3.972.10
124 silly packumentCache full:https://registry.npmjs.org/@aws-sdk%2fmiddleware-ssec cache-miss
125 http fetch GET 200 https://registry.npmjs.org/@aws-sdk%2fmiddleware-ssec 173ms (cache miss)
126 silly packumentCache full:https://registry.npmjs.org/@aws-sdk%2fmiddleware-ssec set size:undefined disposed:false
127 silly fetch manifest @aws-sdk/middleware-user-agent@^3.972.35
128 silly packumentCache full:https://registry.npmjs.org/@aws-sdk%2fmiddleware-user-agent cache-miss
129 http fetch GET 200 https://registry.npmjs.org/@aws-sdk%2fmiddleware-bucket-endpoint 294ms (cache miss)
130 silly packumentCache full:https://registry.npmjs.org/@aws-sdk%2fmiddleware-bucket-endpoint set size:undefined disposed:false
131 silly fetch manifest @aws-sdk/region-config-resolver@^3.972.13
132 silly packumentCache full:https://registry.npmjs.org/@aws-sdk%2fregion-config-resolver cache-miss
133 http fetch GET 200 https://registry.npmjs.org/@aws-sdk%2fmiddleware-flexible-checksums 363ms (cache miss)
134 silly packumentCache full:https://registry.npmjs.org/@aws-sdk%2fmiddleware-flexible-checksums set size:undefined disposed:false
135 silly fetch manifest @aws-sdk/signature-v4-multi-region@^3.996.22
136 silly packumentCache full:https://registry.npmjs.org/@aws-sdk%2fsignature-v4-multi-region cache-miss
137 http fetch GET 200 https://registry.npmjs.org/@aws-sdk%2fmiddleware-sdk-s3 405ms (cache miss)
138 silly packumentCache full:https://registry.npmjs.org/@aws-sdk%2fmiddleware-sdk-s3 set size:undefined disposed:false
139 silly fetch manifest @aws-sdk/types@^3.973.8
140 silly packumentCache full:https://registry.npmjs.org/@aws-sdk%2ftypes cache-miss
141 http fetch GET 200 https://registry.npmjs.org/@aws-sdk%2fcore 483ms (cache miss)
142 silly packumentCache full:https://registry.npmjs.org/@aws-sdk%2fcore set size:undefined disposed:false
143 silly fetch manifest @aws-sdk/util-endpoints@^3.996.8
144 silly packumentCache full:https://registry.npmjs.org/@aws-sdk%2futil-endpoints cache-miss
145 http fetch GET 200 https://registry.npmjs.org/@aws-sdk%2fmiddleware-expect-continue 520ms (cache miss)
146 silly packumentCache full:https://registry.npmjs.org/@aws-sdk%2fmiddleware-expect-continue set size:undefined disposed:false
147 silly fetch manifest @aws-sdk/util-user-agent-browser@^3.972.10
148 silly packumentCache full:https://registry.npmjs.org/@aws-sdk%2futil-user-agent-browser cache-miss
149 http fetch GET 200 https://registry.npmjs.org/@aws-sdk%2fmiddleware-host-header 667ms (cache miss)
150 silly packumentCache full:https://registry.npmjs.org/@aws-sdk%2fmiddleware-host-header set size:undefined disposed:false
151 silly fetch manifest @aws-sdk/util-user-agent-node@^3.973.21
152 silly packumentCache full:https://registry.npmjs.org/@aws-sdk%2futil-user-agent-node cache-miss
153 http fetch GET 200 https://registry.npmjs.org/@aws-sdk%2fmiddleware-logger 690ms (cache miss)
154 silly packumentCache full:https://registry.npmjs.org/@aws-sdk%2fmiddleware-logger set size:undefined disposed:false
155 silly fetch manifest @smithy/config-resolver@^4.4.17
156 silly packumentCache full:https://registry.npmjs.org/@smithy%2fconfig-resolver cache-miss
157 http fetch GET 200 https://registry.npmjs.org/@aws-sdk%2fmiddleware-user-agent 413ms (cache miss)
158 silly packumentCache full:https://registry.npmjs.org/@aws-sdk%2fmiddleware-user-agent set size:undefined disposed:false
159 silly fetch manifest @smithy/core@^3.23.17
160 silly packumentCache full:https://registry.npmjs.org/@smithy%2fcore cache-miss
161 http fetch GET 200 https://registry.npmjs.org/@aws-sdk%2futil-endpoints 286ms (cache miss)
162 silly packumentCache full:https://registry.npmjs.org/@aws-sdk%2futil-endpoints set size:undefined disposed:false
163 silly fetch manifest @smithy/eventstream-serde-browser@^4.2.14
164 silly packumentCache full:https://registry.npmjs.org/@smithy%2feventstream-serde-browser cache-miss
165 http fetch GET 200 https://registry.npmjs.org/@smithy%2fcore 230ms (cache miss)
166 silly packumentCache full:https://registry.npmjs.org/@smithy%2fcore set size:undefined disposed:false
167 silly fetch manifest @smithy/eventstream-serde-config-resolver@^4.3.14
168 silly packumentCache full:https://registry.npmjs.org/@smithy%2feventstream-serde-config-resolver cache-miss
169 http fetch GET 200 https://registry.npmjs.org/@aws-sdk%2fmiddleware-location-constraint 937ms (cache miss)
170 silly packumentCache full:https://registry.npmjs.org/@aws-sdk%2fmiddleware-location-constraint set size:undefined disposed:false
171 silly fetch manifest @smithy/eventstream-serde-node@^4.2.14
172 silly packumentCache full:https://registry.npmjs.org/@smithy%2feventstream-serde-node cache-miss
173 http fetch GET 200 https://registry.npmjs.org/@aws-sdk%2fcredential-provider-node 1022ms (cache miss)
174 silly packumentCache full:https://registry.npmjs.org/@aws-sdk%2fcredential-provider-node set size:undefined disposed:false
175 silly fetch manifest @smithy/fetch-http-handler@^5.3.17
176 silly packumentCache full:https://registry.npmjs.org/@smithy%2ffetch-http-handler cache-miss
177 http fetch GET 200 https://registry.npmjs.org/@smithy%2feventstream-serde-node 94ms (cache miss)
178 silly packumentCache full:https://registry.npmjs.org/@smithy%2feventstream-serde-node set size:undefined disposed:false
179 silly fetch manifest @smithy/hash-blob-browser@^4.2.15
180 silly packumentCache full:https://registry.npmjs.org/@smithy%2fhash-blob-browser cache-miss
181 http fetch GET 200 https://registry.npmjs.org/@aws-crypto%2fsha256-browser 1040ms (cache miss)
182 silly packumentCache full:https://registry.npmjs.org/@aws-crypto%2fsha256-browser set size:undefined disposed:false
183 silly fetch manifest @smithy/hash-node@^4.2.14
184 silly packumentCache full:https://registry.npmjs.org/@smithy%2fhash-node cache-miss
185 http fetch GET 200 https://registry.npmjs.org/@aws-sdk%2fregion-config-resolver 762ms (cache miss)
186 silly packumentCache full:https://registry.npmjs.org/@aws-sdk%2fregion-config-resolver set size:undefined disposed:false
187 silly fetch manifest @smithy/hash-stream-node@^4.2.14
188 silly packumentCache full:https://registry.npmjs.org/@smithy%2fhash-stream-node cache-miss
189 http fetch GET 200 https://registry.npmjs.org/@smithy%2fhash-stream-node 76ms (cache miss)
190 silly packumentCache full:https://registry.npmjs.org/@smithy%2fhash-stream-node set size:undefined disposed:false
191 silly fetch manifest @smithy/invalid-dependency@^4.2.14
192 silly packumentCache full:https://registry.npmjs.org/@smithy%2finvalid-dependency cache-miss
193 http fetch GET 200 https://registry.npmjs.org/@aws-sdk%2ftypes 730ms (cache miss)
194 silly packumentCache full:https://registry.npmjs.org/@aws-sdk%2ftypes set size:undefined disposed:false
195 silly fetch manifest @smithy/md5-js@^4.2.14
196 silly packumentCache full:https://registry.npmjs.org/@smithy%2fmd5-js cache-miss
197 http fetch GET 200 https://registry.npmjs.org/@aws-sdk%2fsignature-v4-multi-region 896ms (cache miss)
198 silly packumentCache full:https://registry.npmjs.org/@aws-sdk%2fsignature-v4-multi-region set size:undefined disposed:false
199 silly fetch manifest @smithy/middleware-content-length@^4.2.14
200 silly packumentCache full:https://registry.npmjs.org/@smithy%2fmiddleware-content-length cache-miss
201 http fetch GET 200 https://registry.npmjs.org/@smithy%2finvalid-dependency 129ms (cache miss)
202 silly packumentCache full:https://registry.npmjs.org/@smithy%2finvalid-dependency set size:undefined disposed:false
203 silly fetch manifest @smithy/middleware-endpoint@^4.4.32
204 silly packumentCache full:https://registry.npmjs.org/@smithy%2fmiddleware-endpoint cache-miss
205 http fetch GET 200 https://registry.npmjs.org/@smithy%2ffetch-http-handler 256ms (cache miss)
206 silly packumentCache full:https://registry.npmjs.org/@smithy%2ffetch-http-handler set size:undefined disposed:false
207 silly fetch manifest @smithy/middleware-retry@^4.5.5
208 silly packumentCache full:https://registry.npmjs.org/@smithy%2fmiddleware-retry cache-miss
209 http fetch GET 200 https://registry.npmjs.org/@smithy%2fmiddleware-endpoint 105ms (cache miss)
210 silly packumentCache full:https://registry.npmjs.org/@smithy%2fmiddleware-endpoint set size:undefined disposed:false
211 silly fetch manifest @smithy/middleware-serde@^4.2.20
212 silly packumentCache full:https://registry.npmjs.org/@smithy%2fmiddleware-serde cache-miss
213 http fetch GET 200 https://registry.npmjs.org/@smithy%2fmiddleware-content-length 109ms (cache miss)
214 silly packumentCache full:https://registry.npmjs.org/@smithy%2fmiddleware-content-length set size:undefined disposed:false
215 silly fetch manifest @smithy/middleware-stack@^4.2.14
216 silly packumentCache full:https://registry.npmjs.org/@smithy%2fmiddleware-stack cache-miss
217 http fetch GET 200 https://registry.npmjs.org/@smithy%2fhash-blob-browser 378ms (cache miss)
218 silly packumentCache full:https://registry.npmjs.org/@smithy%2fhash-blob-browser set size:undefined disposed:false
219 silly fetch manifest @smithy/node-config-provider@^4.3.14
220 silly packumentCache full:https://registry.npmjs.org/@smithy%2fnode-config-provider cache-miss
221 http fetch GET 200 https://registry.npmjs.org/@smithy%2fmiddleware-serde 92ms (cache miss)
222 silly packumentCache full:https://registry.npmjs.org/@smithy%2fmiddleware-serde set size:undefined disposed:false
223 silly fetch manifest @smithy/node-http-handler@^4.6.1
224 silly packumentCache full:https://registry.npmjs.org/@smithy%2fnode-http-handler cache-miss
225 http fetch GET 200 https://registry.npmjs.org/@smithy%2feventstream-serde-browser 705ms (cache miss)
226 silly packumentCache full:https://registry.npmjs.org/@smithy%2feventstream-serde-browser set size:undefined disposed:false
227 silly fetch manifest @smithy/protocol-http@^5.3.14
228 silly packumentCache full:https://registry.npmjs.org/@smithy%2fprotocol-http cache-miss
229 http fetch GET 200 https://registry.npmjs.org/@aws-crypto%2fsha256-js 1505ms (cache miss)
230 silly packumentCache full:https://registry.npmjs.org/@aws-crypto%2fsha256-js set size:undefined disposed:false
231 silly fetch manifest @smithy/smithy-client@^4.12.13
232 silly packumentCache full:https://registry.npmjs.org/@smithy%2fsmithy-client cache-miss
233 http fetch GET 200 https://registry.npmjs.org/@aws-sdk%2futil-user-agent-browser 1101ms (cache miss)
234 silly packumentCache full:https://registry.npmjs.org/@aws-sdk%2futil-user-agent-browser set size:undefined disposed:false
235 silly fetch manifest @smithy/types@^4.14.1
236 silly packumentCache full:https://registry.npmjs.org/@smithy%2ftypes cache-miss
237 http fetch GET 200 https://registry.npmjs.org/@smithy%2fnode-config-provider 219ms (cache miss)
238 silly packumentCache full:https://registry.npmjs.org/@smithy%2fnode-config-provider set size:undefined disposed:false
239 silly fetch manifest @smithy/url-parser@^4.2.14
240 silly packumentCache full:https://registry.npmjs.org/@smithy%2furl-parser cache-miss
241 http fetch GET 200 https://registry.npmjs.org/@smithy%2fconfig-resolver 1014ms (cache miss)
242 silly packumentCache full:https://registry.npmjs.org/@smithy%2fconfig-resolver set size:undefined disposed:false
243 silly fetch manifest @smithy/util-base64@^4.3.2
244 silly packumentCache full:https://registry.npmjs.org/@smithy%2futil-base64 cache-miss
245 http fetch GET 200 https://registry.npmjs.org/@smithy%2furl-parser 101ms (cache miss)
246 silly packumentCache full:https://registry.npmjs.org/@smithy%2furl-parser set size:undefined disposed:false
247 silly fetch manifest @smithy/util-body-length-browser@^4.2.2
248 silly packumentCache full:https://registry.npmjs.org/@smithy%2futil-body-length-browser cache-miss
249 http fetch GET 200 https://registry.npmjs.org/@smithy%2feventstream-serde-config-resolver 812ms (cache miss)
250 silly packumentCache full:https://registry.npmjs.org/@smithy%2feventstream-serde-config-resolver set size:undefined disposed:false
251 silly fetch manifest @smithy/util-body-length-node@^4.2.3
252 silly packumentCache full:https://registry.npmjs.org/@smithy%2futil-body-length-node cache-miss
253 http fetch GET 200 https://registry.npmjs.org/@aws-sdk%2futil-user-agent-node 1097ms (cache miss)
254 silly packumentCache full:https://registry.npmjs.org/@aws-sdk%2futil-user-agent-node set size:undefined disposed:false
255 silly fetch manifest @smithy/util-defaults-mode-browser@^4.3.49
256 silly packumentCache full:https://registry.npmjs.org/@smithy%2futil-defaults-mode-browser cache-miss
257 http fetch GET 200 https://registry.npmjs.org/@aws-sdk%2fmiddleware-recursion-detection 1817ms (cache miss)
258 silly packumentCache full:https://registry.npmjs.org/@aws-sdk%2fmiddleware-recursion-detection set size:undefined disposed:false
259 silly fetch manifest @smithy/util-defaults-mode-node@^4.2.54
260 silly packumentCache full:https://registry.npmjs.org/@smithy%2futil-defaults-mode-node cache-miss
261 http fetch GET 200 https://registry.npmjs.org/@smithy%2fhash-node 780ms (cache miss)
262 silly packumentCache full:https://registry.npmjs.org/@smithy%2fhash-node set size:undefined disposed:false
263 silly fetch manifest @smithy/util-endpoints@^3.4.2
264 silly packumentCache full:https://registry.npmjs.org/@smithy%2futil-endpoints cache-miss
265 http fetch GET 200 https://registry.npmjs.org/@smithy%2fmd5-js 714ms (cache miss)
266 silly packumentCache full:https://registry.npmjs.org/@smithy%2fmd5-js set size:undefined disposed:false
267 silly fetch manifest @smithy/util-middleware@^4.2.14
268 silly packumentCache full:https://registry.npmjs.org/@smithy%2futil-middleware cache-miss
269 http fetch GET 200 https://registry.npmjs.org/@smithy%2futil-middleware 98ms (cache miss)
270 silly packumentCache full:https://registry.npmjs.org/@smithy%2futil-middleware set size:undefined disposed:false
271 silly fetch manifest @smithy/util-retry@^4.3.4
272 silly packumentCache full:https://registry.npmjs.org/@smithy%2futil-retry cache-miss
273 http fetch GET 200 https://registry.npmjs.org/@smithy%2fsmithy-client 465ms (cache miss)
274 silly packumentCache full:https://registry.npmjs.org/@smithy%2fsmithy-client set size:undefined disposed:false
275 silly fetch manifest @smithy/util-stream@^4.5.25
276 silly packumentCache full:https://registry.npmjs.org/@smithy%2futil-stream cache-miss
277 http fetch GET 200 https://registry.npmjs.org/@smithy%2fmiddleware-retry 744ms (cache miss)
278 silly packumentCache full:https://registry.npmjs.org/@smithy%2fmiddleware-retry set size:undefined disposed:false
279 silly fetch manifest @smithy/util-utf8@^4.2.2
280 silly packumentCache full:https://registry.npmjs.org/@smithy%2futil-utf8 cache-miss
281 http fetch GET 200 https://registry.npmjs.org/@smithy%2futil-retry 86ms (cache miss)
282 silly packumentCache full:https://registry.npmjs.org/@smithy%2futil-retry set size:undefined disposed:false
283 silly fetch manifest @smithy/util-waiter@^4.2.16
284 silly packumentCache full:https://registry.npmjs.org/@smithy%2futil-waiter cache-miss
285 http fetch GET 200 https://registry.npmjs.org/@smithy%2futil-body-length-browser 348ms (cache miss)
286 silly packumentCache full:https://registry.npmjs.org/@smithy%2futil-body-length-browser set size:undefined disposed:false
287 silly fetch manifest tslib@^2.6.2
288 silly packumentCache full:https://registry.npmjs.org/tslib cache-miss
289 http fetch GET 200 https://registry.npmjs.org/@smithy%2fmiddleware-stack 713ms (cache miss)
290 silly packumentCache full:https://registry.npmjs.org/@smithy%2fmiddleware-stack set size:undefined disposed:false
291 silly fetch manifest @aws-sdk/util-format-url@^3.972.10
292 silly packumentCache full:https://registry.npmjs.org/@aws-sdk%2futil-format-url cache-miss
293 http fetch GET 200 https://registry.npmjs.org/@smithy%2fprotocol-http 618ms (cache miss)
294 silly packumentCache full:https://registry.npmjs.org/@smithy%2fprotocol-http set size:undefined disposed:false
295 silly fetch manifest @smithy/types@^4.14.1
296 silly packumentCache full:https://registry.npmjs.org/@smithy%2ftypes cache-miss
297 http fetch GET 200 https://registry.npmjs.org/@smithy%2ftypes 516ms (cache miss)
298 silly packumentCache full:https://registry.npmjs.org/@smithy%2ftypes set size:undefined disposed:false
299 silly fetch manifest tslib@^2.6.2
300 silly packumentCache full:https://registry.npmjs.org/tslib cache-miss
301 http fetch GET 200 https://registry.npmjs.org/tslib 65ms (cache miss)
302 silly packumentCache full:https://registry.npmjs.org/tslib set size:undefined disposed:false
303 silly fetch manifest rewire@^7.0.0
304 silly packumentCache full:https://registry.npmjs.org/rewire cache-miss
305 http fetch GET 200 https://registry.npmjs.org/@smithy%2ftypes 71ms (cache miss)
306 silly packumentCache full:https://registry.npmjs.org/@smithy%2ftypes set size:undefined disposed:false
307 silly fetch manifest request@^2.81.0
308 silly packumentCache full:https://registry.npmjs.org/request cache-miss
309 http fetch GET 200 https://registry.npmjs.org/@smithy%2fnode-http-handler 721ms (cache miss)
310 silly packumentCache full:https://registry.npmjs.org/@smithy%2fnode-http-handler set size:undefined disposed:false
311 silly fetch manifest bluebird@^3.5.0
312 silly packumentCache full:https://registry.npmjs.org/bluebird cache-miss
313 http fetch GET 200 https://registry.npmjs.org/@smithy%2futil-body-length-node 445ms (cache miss)
314 silly packumentCache full:https://registry.npmjs.org/@smithy%2futil-body-length-node set size:undefined disposed:false
315 silly fetch manifest cookie@0.7.2
316 silly packumentCache full:https://registry.npmjs.org/cookie cache-miss
317 http fetch GET 200 https://registry.npmjs.org/tslib 62ms (cache miss)
318 silly packumentCache full:https://registry.npmjs.org/tslib set size:undefined disposed:false
319 silly fetch manifest cookie-signature@1.0.6
320 silly packumentCache full:https://registry.npmjs.org/cookie-signature cache-miss
321 http fetch GET 200 https://registry.npmjs.org/@smithy%2futil-endpoints 386ms (cache miss)
322 silly packumentCache full:https://registry.npmjs.org/@smithy%2futil-endpoints set size:undefined disposed:false
323 silly fetch manifest object-assign@^4
324 silly packumentCache full:https://registry.npmjs.org/object-assign cache-miss
325 http fetch GET 200 https://registry.npmjs.org/@smithy%2futil-base64 623ms (cache miss)
326 silly packumentCache full:https://registry.npmjs.org/@smithy%2futil-base64 set size:undefined disposed:false
327 silly fetch manifest vary@^1
328 silly packumentCache full:https://registry.npmjs.org/vary cache-miss
329 http fetch GET 200 https://registry.npmjs.org/cookie-signature 146ms (cache miss)
330 silly packumentCache full:https://registry.npmjs.org/cookie-signature set size:undefined disposed:false
331 silly fetch manifest qs@~6.14.0
332 silly packumentCache full:https://registry.npmjs.org/qs cache-miss
333 http fetch GET 200 https://registry.npmjs.org/@smithy%2futil-defaults-mode-node 539ms (cache miss)
334 silly packumentCache full:https://registry.npmjs.org/@smithy%2futil-defaults-mode-node set size:undefined disposed:false
335 silly fetch manifest depd@2.0.0
336 silly packumentCache full:https://registry.npmjs.org/depd cache-miss
337 http fetch GET 200 https://registry.npmjs.org/@smithy%2futil-defaults-mode-browser 624ms (cache miss)
338 silly packumentCache full:https://registry.npmjs.org/@smithy%2futil-defaults-mode-browser set size:undefined disposed:false
339 silly fetch manifest etag@~1.8.1
340 silly packumentCache full:https://registry.npmjs.org/etag cache-miss
341 http fetch GET 200 https://registry.npmjs.org/depd 66ms (cache miss)
342 silly packumentCache full:https://registry.npmjs.org/depd set size:undefined disposed:false
343 silly fetch manifest send@~0.19.0
344 silly packumentCache full:https://registry.npmjs.org/send cache-miss
345 http fetch GET 200 https://registry.npmjs.org/qs 82ms (cache miss)
346 silly packumentCache full:https://registry.npmjs.org/qs set size:undefined disposed:false
347 silly fetch manifest vary@~1.1.2
348 silly packumentCache full:https://registry.npmjs.org/vary cache-miss
349 http fetch GET 200 https://registry.npmjs.org/cookie 251ms (cache miss)
350 silly packumentCache full:https://registry.npmjs.org/cookie set size:undefined disposed:false
351 silly fetch manifest debug@2.6.9
352 silly packumentCache full:https://registry.npmjs.org/debug cache-miss
353 http fetch GET 200 https://registry.npmjs.org/vary 150ms (cache miss)
354 silly packumentCache full:https://registry.npmjs.org/vary set size:undefined disposed:false
355 silly fetch manifest fresh@~0.5.2
356 silly packumentCache full:https://registry.npmjs.org/fresh cache-miss
357 http fetch GET 200 https://registry.npmjs.org/etag 85ms (cache miss)
358 silly packumentCache full:https://registry.npmjs.org/etag set size:undefined disposed:false
359 silly fetch manifest cookie@~0.7.1
360 silly packumentCache full:https://registry.npmjs.org/cookie cache-miss
361 http fetch GET 200 https://registry.npmjs.org/rewire 340ms (cache miss)
362 silly packumentCache full:https://registry.npmjs.org/rewire set size:undefined disposed:false
363 silly fetch manifest accepts@~1.3.8
364 silly packumentCache full:https://registry.npmjs.org/accepts cache-miss
365 http cache https://registry.npmjs.org/cookie 10ms (cache hit)
366 silly packumentCache full:https://registry.npmjs.org/cookie set size:72891 disposed:false
367 silly fetch manifest methods@~1.1.2
368 silly packumentCache full:https://registry.npmjs.org/methods cache-miss
369 http fetch GET 200 https://registry.npmjs.org/vary 58ms (cache miss)
370 silly packumentCache full:https://registry.npmjs.org/vary set size:undefined disposed:false
371 silly fetch manifest type-is@~1.6.18
372 silly packumentCache full:https://registry.npmjs.org/type-is cache-miss
373 http fetch GET 200 https://registry.npmjs.org/send 70ms (cache miss)
374 silly packumentCache full:https://registry.npmjs.org/send set size:undefined disposed:false
375 silly fetch manifest parseurl@~1.3.3
376 silly packumentCache full:https://registry.npmjs.org/parseurl cache-miss
377 http fetch GET 200 https://registry.npmjs.org/@smithy%2futil-waiter 482ms (cache miss)
378 silly packumentCache full:https://registry.npmjs.org/@smithy%2futil-waiter set size:undefined disposed:false
379 silly fetch manifest statuses@~2.0.1
380 silly packumentCache full:https://registry.npmjs.org/statuses cache-miss
381 http fetch GET 200 https://registry.npmjs.org/fresh 57ms (cache miss)
382 silly packumentCache full:https://registry.npmjs.org/fresh set size:undefined disposed:false
383 silly fetch manifest encodeurl@~2.0.0
384 silly packumentCache full:https://registry.npmjs.org/encodeurl cache-miss
385 http fetch GET 200 https://registry.npmjs.org/parseurl 59ms (cache miss)
386 silly packumentCache full:https://registry.npmjs.org/parseurl set size:undefined disposed:false
387 silly fetch manifest proxy-addr@~2.0.7
388 silly packumentCache full:https://registry.npmjs.org/proxy-addr cache-miss
389 http fetch GET 200 https://registry.npmjs.org/accepts 78ms (cache miss)
390 silly packumentCache full:https://registry.npmjs.org/accepts set size:undefined disposed:false
391 silly fetch manifest body-parser@~1.20.3
392 silly packumentCache full:https://registry.npmjs.org/body-parser cache-miss
393 http fetch GET 200 https://registry.npmjs.org/type-is 77ms (cache miss)
394 silly packumentCache full:https://registry.npmjs.org/type-is set size:undefined disposed:false
395 silly fetch manifest escape-html@~1.0.3
396 silly packumentCache full:https://registry.npmjs.org/escape-html cache-miss
397 http fetch GET 200 https://registry.npmjs.org/methods 80ms (cache miss)
398 silly packumentCache full:https://registry.npmjs.org/methods set size:undefined disposed:false
399 silly fetch manifest http-errors@~2.0.0
400 silly packumentCache full:https://registry.npmjs.org/http-errors cache-miss
401 http fetch GET 200 https://registry.npmjs.org/encodeurl 82ms (cache miss)
402 silly packumentCache full:https://registry.npmjs.org/encodeurl set size:undefined disposed:false
403 silly fetch manifest on-finished@~2.4.1
404 silly packumentCache full:https://registry.npmjs.org/on-finished cache-miss
405 http fetch GET 200 https://registry.npmjs.org/statuses 102ms (cache miss)
406 silly packumentCache full:https://registry.npmjs.org/statuses set size:undefined disposed:false
407 silly fetch manifest safe-buffer@5.2.1
408 silly packumentCache full:https://registry.npmjs.org/safe-buffer cache-miss
409 http fetch GET 200 https://registry.npmjs.org/proxy-addr 73ms (cache miss)
410 silly packumentCache full:https://registry.npmjs.org/proxy-addr set size:undefined disposed:false
411 silly fetch manifest utils-merge@1.0.1
412 silly packumentCache full:https://registry.npmjs.org/utils-merge cache-miss
413 http fetch GET 200 https://registry.npmjs.org/escape-html 69ms (cache miss)
414 silly packumentCache full:https://registry.npmjs.org/escape-html set size:undefined disposed:false
415 silly fetch manifest content-type@~1.0.4
416 silly packumentCache full:https://registry.npmjs.org/content-type cache-miss
417 http fetch GET 200 https://registry.npmjs.org/body-parser 77ms (cache miss)
418 silly packumentCache full:https://registry.npmjs.org/body-parser set size:undefined disposed:false
419 silly fetch manifest finalhandler@~1.3.1
420 silly packumentCache full:https://registry.npmjs.org/finalhandler cache-miss
421 http fetch GET 200 https://registry.npmjs.org/bluebird 469ms (cache miss)
422 silly packumentCache full:https://registry.npmjs.org/bluebird set size:undefined disposed:false
423 silly fetch manifest range-parser@~1.2.1
424 silly packumentCache full:https://registry.npmjs.org/range-parser cache-miss
425 http fetch GET 200 https://registry.npmjs.org/object-assign 455ms (cache miss)
426 silly packumentCache full:https://registry.npmjs.org/object-assign set size:undefined disposed:false
427 silly fetch manifest serve-static@~1.16.2
428 silly packumentCache full:https://registry.npmjs.org/serve-static cache-miss
429 http fetch GET 200 https://registry.npmjs.org/debug 222ms (cache miss)
430 silly packumentCache full:https://registry.npmjs.org/debug set size:undefined disposed:false
431 silly fetch manifest array-flatten@1.1.1
432 silly packumentCache full:https://registry.npmjs.org/array-flatten cache-miss
433 http fetch GET 200 https://registry.npmjs.org/on-finished 58ms (cache miss)
434 silly packumentCache full:https://registry.npmjs.org/on-finished set size:undefined disposed:false
435 silly fetch manifest path-to-regexp@~0.1.12
436 silly packumentCache full:https://registry.npmjs.org/path-to-regexp cache-miss
437 http fetch GET 200 https://registry.npmjs.org/content-type 76ms (cache miss)
438 silly packumentCache full:https://registry.npmjs.org/content-type set size:undefined disposed:false
439 silly fetch manifest setprototypeof@1.2.0
440 silly packumentCache full:https://registry.npmjs.org/setprototypeof cache-miss
441 http fetch GET 200 https://registry.npmjs.org/request 548ms (cache miss)
442 silly packumentCache full:https://registry.npmjs.org/request set size:undefined disposed:false
443 silly fetch manifest cookie-signature@~1.0.6
444 silly packumentCache full:https://registry.npmjs.org/cookie-signature cache-miss
445 http fetch GET 200 https://registry.npmjs.org/utils-merge 90ms (cache miss)
446 silly packumentCache full:https://registry.npmjs.org/utils-merge set size:undefined disposed:false
447 silly fetch manifest merge-descriptors@1.0.3
448 silly packumentCache full:https://registry.npmjs.org/merge-descriptors cache-miss
449 http fetch GET 200 https://registry.npmjs.org/http-errors 147ms (cache miss)
450 silly packumentCache full:https://registry.npmjs.org/http-errors set size:undefined disposed:false
451 silly fetch manifest content-disposition@~0.5.4
452 silly packumentCache full:https://registry.npmjs.org/content-disposition cache-miss
453 http fetch GET 200 https://registry.npmjs.org/finalhandler 73ms (cache miss)
454 silly packumentCache full:https://registry.npmjs.org/finalhandler set size:undefined disposed:false
455 silly fetch manifest lodash@^4.18.1
456 silly packumentCache full:https://registry.npmjs.org/lodash cache-miss
457 http cache https://registry.npmjs.org/cookie-signature 6ms (cache hit)
458 silly packumentCache full:https://registry.npmjs.org/cookie-signature set size:21777 disposed:false
459 silly fetch manifest validator@~13.15.23
460 silly packumentCache full:https://registry.npmjs.org/validator cache-miss
461 http fetch GET 200 https://registry.npmjs.org/range-parser 69ms (cache miss)
462 silly packumentCache full:https://registry.npmjs.org/range-parser set size:undefined disposed:false
463 silly fetch manifest jws@^4.0.0
464 silly packumentCache full:https://registry.npmjs.org/jws cache-miss
465 http fetch GET 200 https://registry.npmjs.org/@smithy%2futil-stream 760ms (cache miss)
466 silly packumentCache full:https://registry.npmjs.org/@smithy%2futil-stream set size:undefined disposed:false
467 silly fetch manifest gaxios@^6.1.1
468 silly packumentCache full:https://registry.npmjs.org/gaxios cache-miss
469 http fetch GET 200 https://registry.npmjs.org/safe-buffer 108ms (cache miss)
470 silly packumentCache full:https://registry.npmjs.org/safe-buffer set size:undefined disposed:false
471 silly fetch manifest gtoken@^7.0.0
472 silly packumentCache full:https://registry.npmjs.org/gtoken cache-miss
473 http fetch GET 200 https://registry.npmjs.org/@smithy%2futil-utf8 707ms (cache miss)
474 silly packumentCache full:https://registry.npmjs.org/@smithy%2futil-utf8 set size:undefined disposed:false
475 silly fetch manifest base64-js@^1.3.0
476 silly packumentCache full:https://registry.npmjs.org/base64-js cache-miss
477 http fetch GET 200 https://registry.npmjs.org/array-flatten 78ms (cache miss)
478 silly packumentCache full:https://registry.npmjs.org/array-flatten set size:undefined disposed:false
479 silly fetch manifest gcp-metadata@^6.1.0
480 silly packumentCache full:https://registry.npmjs.org/gcp-metadata cache-miss
481 http fetch GET 200 https://registry.npmjs.org/@aws-sdk%2futil-format-url 658ms (cache miss)
482 silly packumentCache full:https://registry.npmjs.org/@aws-sdk%2futil-format-url set size:undefined disposed:false
483 silly fetch manifest ecdsa-sig-formatter@^1.0.11
484 silly packumentCache full:https://registry.npmjs.org/ecdsa-sig-formatter cache-miss
485 http fetch GET 200 https://registry.npmjs.org/setprototypeof 57ms (cache miss)
486 silly packumentCache full:https://registry.npmjs.org/setprototypeof set size:undefined disposed:false
487 silly fetch manifest ms@^2.1.1
488 silly packumentCache full:https://registry.npmjs.org/ms cache-miss
489 http fetch GET 200 https://registry.npmjs.org/path-to-regexp 96ms (cache miss)
490 silly packumentCache full:https://registry.npmjs.org/path-to-regexp set size:undefined disposed:false
491 silly fetch manifest jws@^4.0.1
492 silly packumentCache full:https://registry.npmjs.org/jws cache-miss
493 http fetch GET 200 https://registry.npmjs.org/serve-static 115ms (cache miss)
494 silly packumentCache full:https://registry.npmjs.org/serve-static set size:undefined disposed:false
495 silly fetch manifest semver@^7.5.4
496 silly packumentCache full:https://registry.npmjs.org/semver cache-miss
497 http fetch GET 200 https://registry.npmjs.org/content-disposition 58ms (cache miss)
498 silly packumentCache full:https://registry.npmjs.org/content-disposition set size:undefined disposed:false
499 silly fetch manifest lodash.once@^4.0.0
500 silly packumentCache full:https://registry.npmjs.org/lodash.once cache-miss
501 http fetch GET 200 https://registry.npmjs.org/merge-descriptors 71ms (cache miss)
502 silly packumentCache full:https://registry.npmjs.org/merge-descriptors set size:undefined disposed:false
503 silly fetch manifest lodash.includes@^4.3.0
504 silly packumentCache full:https://registry.npmjs.org/lodash.includes cache-miss
505 http fetch GET 200 https://registry.npmjs.org/base64-js 76ms (cache miss)
506 silly packumentCache full:https://registry.npmjs.org/base64-js set size:undefined disposed:false
507 silly fetch manifest lodash.isnumber@^3.0.3
508 silly packumentCache full:https://registry.npmjs.org/lodash.isnumber cache-miss
509 http fetch GET 200 https://registry.npmjs.org/ecdsa-sig-formatter 89ms (cache miss)
510 silly packumentCache full:https://registry.npmjs.org/ecdsa-sig-formatter set size:undefined disposed:false
511 silly fetch manifest lodash.isstring@^4.0.1
512 silly packumentCache full:https://registry.npmjs.org/lodash.isstring cache-miss
513 http fetch GET 200 https://registry.npmjs.org/lodash.once 79ms (cache miss)
514 silly packumentCache full:https://registry.npmjs.org/lodash.once set size:undefined disposed:false
515 silly fetch manifest lodash.isboolean@^3.0.3
516 silly packumentCache full:https://registry.npmjs.org/lodash.isboolean cache-miss
517 http fetch GET 200 https://registry.npmjs.org/lodash.includes 80ms (cache miss)
518 silly packumentCache full:https://registry.npmjs.org/lodash.includes set size:undefined disposed:false
519 silly fetch manifest lodash.isinteger@^4.0.4
520 silly packumentCache full:https://registry.npmjs.org/lodash.isinteger cache-miss
521 http fetch GET 200 https://registry.npmjs.org/semver 99ms (cache miss)
522 silly packumentCache full:https://registry.npmjs.org/semver set size:undefined disposed:false
523 silly fetch manifest lodash.isplainobject@^4.0.6
524 silly packumentCache full:https://registry.npmjs.org/lodash.isplainobject cache-miss
525 http fetch GET 200 https://registry.npmjs.org/lodash.isnumber 68ms (cache miss)
526 silly packumentCache full:https://registry.npmjs.org/lodash.isnumber set size:undefined disposed:false
527 silly fetch manifest bson@^6.10.4
528 silly packumentCache full:https://registry.npmjs.org/bson cache-miss
529 http fetch GET 200 https://registry.npmjs.org/lodash 202ms (cache miss)
530 silly packumentCache full:https://registry.npmjs.org/lodash set size:undefined disposed:false
531 silly fetch manifest kareem@2.6.3
532 silly packumentCache full:https://registry.npmjs.org/kareem cache-miss
533 http fetch GET 200 https://registry.npmjs.org/validator 204ms (cache miss)
534 silly packumentCache full:https://registry.npmjs.org/validator set size:undefined disposed:false
535 silly fetch manifest mongodb@~6.20.0
536 silly packumentCache full:https://registry.npmjs.org/mongodb cache-miss
537 http fetch GET 200 https://registry.npmjs.org/gaxios 202ms (cache miss)
538 silly packumentCache full:https://registry.npmjs.org/gaxios set size:undefined disposed:false
539 silly fetch manifest mpath@0.9.0
540 silly packumentCache full:https://registry.npmjs.org/mpath cache-miss
541 http fetch GET 200 https://registry.npmjs.org/gtoken 203ms (cache miss)
542 silly packumentCache full:https://registry.npmjs.org/gtoken set size:undefined disposed:false
543 silly fetch manifest mquery@5.0.0
544 silly packumentCache full:https://registry.npmjs.org/mquery cache-miss
545 http fetch GET 200 https://registry.npmjs.org/ms 162ms (cache miss)
546 silly packumentCache full:https://registry.npmjs.org/ms set size:undefined disposed:false
547 silly fetch manifest ms@2.1.3
548 silly packumentCache full:https://registry.npmjs.org/ms cache-miss
549 http fetch GET 200 https://registry.npmjs.org/lodash.isboolean 79ms (cache miss)
550 silly packumentCache full:https://registry.npmjs.org/lodash.isboolean set size:undefined disposed:false
551 silly fetch manifest sift@17.1.3
552 silly packumentCache full:https://registry.npmjs.org/sift cache-miss
553 http fetch GET 200 https://registry.npmjs.org/lodash.isinteger 68ms (cache miss)
554 silly packumentCache full:https://registry.npmjs.org/lodash.isinteger set size:undefined disposed:false
555 silly fetch manifest xtend@^4.0.0
556 silly packumentCache full:https://registry.npmjs.org/xtend cache-miss
557 http fetch GET 200 https://registry.npmjs.org/lodash.isstring 101ms (cache miss)
558 silly packumentCache full:https://registry.npmjs.org/lodash.isstring set size:undefined disposed:false
559 silly fetch manifest busboy@^1.0.0
560 silly packumentCache full:https://registry.npmjs.org/busboy cache-miss
561 http fetch GET 200 https://registry.npmjs.org/lodash.isplainobject 63ms (cache miss)
562 silly packumentCache full:https://registry.npmjs.org/lodash.isplainobject set size:undefined disposed:false
563 silly fetch manifest mkdirp@^0.5.4
564 silly packumentCache full:https://registry.npmjs.org/mkdirp cache-miss
565 http fetch GET 200 https://registry.npmjs.org/gcp-metadata 201ms (cache miss)
566 silly packumentCache full:https://registry.npmjs.org/gcp-metadata set size:undefined disposed:false
567 silly fetch manifest type-is@^1.6.4
568 silly packumentCache full:https://registry.npmjs.org/type-is cache-miss
569 http cache https://registry.npmjs.org/ms 12ms (cache hit)
570 silly packumentCache full:https://registry.npmjs.org/ms set size:92208 disposed:false
571 silly fetch manifest append-field@^1.0.0
572 silly packumentCache full:https://registry.npmjs.org/append-field cache-miss
573 http cache https://registry.npmjs.org/type-is 9ms (cache hit)
574 silly packumentCache full:https://registry.npmjs.org/type-is set size:86196 disposed:false
575 silly fetch manifest concat-stream@^1.5.2
576 silly packumentCache full:https://registry.npmjs.org/concat-stream cache-miss
577 http fetch GET 200 https://registry.npmjs.org/jws 232ms (cache miss)
578 silly packumentCache full:https://registry.npmjs.org/jws set size:undefined disposed:false
579 silly fetch manifest object-assign@^4.1.1
580 silly packumentCache full:https://registry.npmjs.org/object-assign cache-miss
581 http cache https://registry.npmjs.org/object-assign 4ms (cache hit)
582 silly packumentCache full:https://registry.npmjs.org/object-assign set size:28988 disposed:false
583 silly fetch manifest qs@^6.14.1
584 silly packumentCache full:https://registry.npmjs.org/qs cache-miss
585 http cache https://registry.npmjs.org/qs 13ms (cache hit)
586 silly packumentCache full:https://registry.npmjs.org/qs set size:353582 disposed:false
587 silly fetch manifest scmp@^2.1.0
588 silly packumentCache full:https://registry.npmjs.org/scmp cache-miss
589 http fetch GET 200 https://registry.npmjs.org/bson 98ms (cache miss)
590 silly packumentCache full:https://registry.npmjs.org/bson set size:undefined disposed:false
591 silly fetch manifest axios@^1.13.5
592 silly packumentCache full:https://registry.npmjs.org/axios cache-miss
593 http fetch GET 200 https://registry.npmjs.org/mquery 71ms (cache miss)
594 silly packumentCache full:https://registry.npmjs.org/mquery set size:undefined disposed:false
595 silly fetch manifest dayjs@^1.11.9
596 silly packumentCache full:https://registry.npmjs.org/dayjs cache-miss
597 http fetch GET 200 https://registry.npmjs.org/append-field 70ms (cache miss)
598 silly packumentCache full:https://registry.npmjs.org/append-field set size:undefined disposed:false
599 silly fetch manifest xmlbuilder@^13.0.2
600 silly packumentCache full:https://registry.npmjs.org/xmlbuilder cache-miss
601 http fetch GET 200 https://registry.npmjs.org/xtend 104ms (cache miss)
602 silly packumentCache full:https://registry.npmjs.org/xtend set size:undefined disposed:false
603 silly fetch manifest https-proxy-agent@^5.0.0
604 silly packumentCache full:https://registry.npmjs.org/https-proxy-agent cache-miss
605 http fetch GET 200 https://registry.npmjs.org/scmp 80ms (cache miss)
606 silly packumentCache full:https://registry.npmjs.org/scmp set size:undefined disposed:false
607 http fetch GET 200 https://registry.npmjs.org/https-proxy-agent 130ms (cache miss)
608 silly packumentCache full:https://registry.npmjs.org/https-proxy-agent set size:undefined disposed:false
609 http fetch GET 200 https://registry.npmjs.org/mkdirp 274ms (cache miss)
610 silly packumentCache full:https://registry.npmjs.org/mkdirp set size:undefined disposed:false
611 http fetch GET 200 https://registry.npmjs.org/axios 236ms (cache miss)
612 silly packumentCache full:https://registry.npmjs.org/axios set size:undefined disposed:false
613 http fetch GET 200 https://registry.npmjs.org/jws 488ms (cache miss)
614 silly packumentCache full:https://registry.npmjs.org/jws set size:undefined disposed:false
615 http fetch GET 200 https://registry.npmjs.org/mpath 424ms (cache miss)
616 silly packumentCache full:https://registry.npmjs.org/mpath set size:undefined disposed:false
617 http fetch GET 200 https://registry.npmjs.org/xmlbuilder 370ms (cache miss)
618 silly packumentCache full:https://registry.npmjs.org/xmlbuilder set size:undefined disposed:false
619 http fetch GET 200 https://registry.npmjs.org/mongodb 459ms (cache miss)
620 silly packumentCache full:https://registry.npmjs.org/mongodb set size:undefined disposed:false
621 http fetch GET 200 https://registry.npmjs.org/busboy 477ms (cache miss)
622 silly packumentCache full:https://registry.npmjs.org/busboy set size:undefined disposed:false
623 http fetch GET 200 https://registry.npmjs.org/dayjs 433ms (cache miss)
624 silly packumentCache full:https://registry.npmjs.org/dayjs set size:undefined disposed:false
625 http fetch GET 200 https://registry.npmjs.org/sift 509ms (cache miss)
626 silly packumentCache full:https://registry.npmjs.org/sift set size:undefined disposed:false
627 http fetch GET 200 https://registry.npmjs.org/concat-stream 612ms (cache miss)
628 silly packumentCache full:https://registry.npmjs.org/concat-stream set size:undefined disposed:false
629 http fetch GET 200 https://registry.npmjs.org/kareem 904ms (cache miss)
630 silly packumentCache full:https://registry.npmjs.org/kareem set size:undefined disposed:false
631 silly fetch manifest aws-crt@>=1.0.0
632 silly packumentCache full:https://registry.npmjs.org/aws-crt cache-miss
633 http fetch GET 200 https://registry.npmjs.org/aws-crt 294ms (cache miss)
634 silly packumentCache full:https://registry.npmjs.org/aws-crt set size:undefined disposed:false
635 silly placeDep ROOT @aws-crypto/sha1-browser@5.2.0 OK for: @aws-sdk/client-s3@3.1036.0 want: 5.2.0
636 silly placeDep ROOT @aws-crypto/sha256-browser@5.2.0 OK for: @aws-sdk/client-s3@3.1036.0 want: 5.2.0
637 silly placeDep ROOT @aws-crypto/sha256-js@5.2.0 OK for: @aws-sdk/client-s3@3.1036.0 want: 5.2.0
638 silly placeDep ROOT @aws-sdk/core@3.974.5 OK for: @aws-sdk/client-s3@3.1036.0 want: ^3.974.5
639 silly placeDep ROOT @aws-sdk/credential-provider-node@3.972.36 OK for: @aws-sdk/client-s3@3.1036.0 want: ^3.972.36
640 silly placeDep ROOT @aws-sdk/middleware-bucket-endpoint@3.972.10 OK for: @aws-sdk/client-s3@3.1036.0 want: ^3.972.10
641 silly placeDep ROOT @aws-sdk/middleware-expect-continue@3.972.10 OK for: @aws-sdk/client-s3@3.1036.0 want: ^3.972.10
642 silly placeDep ROOT @aws-sdk/middleware-flexible-checksums@3.974.13 OK for: @aws-sdk/client-s3@3.1036.0 want: ^3.974.13
643 silly placeDep ROOT @aws-sdk/middleware-host-header@3.972.10 OK for: @aws-sdk/client-s3@3.1036.0 want: ^3.972.10
644 silly placeDep ROOT @aws-sdk/middleware-location-constraint@3.972.10 OK for: @aws-sdk/client-s3@3.1036.0 want: ^3.972.10
645 silly placeDep ROOT @aws-sdk/middleware-logger@3.972.10 OK for: @aws-sdk/client-s3@3.1036.0 want: ^3.972.10
646 silly placeDep ROOT @aws-sdk/middleware-recursion-detection@3.972.11 OK for: @aws-sdk/client-s3@3.1036.0 want: ^3.972.11
647 silly placeDep ROOT @aws-sdk/middleware-sdk-s3@3.972.34 OK for: @aws-sdk/client-s3@3.1036.0 want: ^3.972.34
648 silly placeDep ROOT @aws-sdk/middleware-ssec@3.972.10 OK for: @aws-sdk/client-s3@3.1036.0 want: ^3.972.10
649 silly placeDep ROOT @aws-sdk/middleware-user-agent@3.972.35 OK for: @aws-sdk/client-s3@3.1036.0 want: ^3.972.35
650 silly placeDep ROOT @aws-sdk/region-config-resolver@3.972.13 OK for: @aws-sdk/client-s3@3.1036.0 want: ^3.972.13
651 silly placeDep ROOT @aws-sdk/signature-v4-multi-region@3.996.22 OK for: @aws-sdk/client-s3@3.1036.0 want: ^3.996.22
652 silly placeDep ROOT @aws-sdk/types@3.973.8 OK for: @aws-sdk/client-s3@3.1036.0 want: ^3.973.8
653 silly placeDep ROOT @aws-sdk/util-endpoints@3.996.8 OK for: @aws-sdk/client-s3@3.1036.0 want: ^3.996.8
654 silly placeDep ROOT @aws-sdk/util-user-agent-browser@3.972.10 OK for: @aws-sdk/client-s3@3.1036.0 want: ^3.972.10
655 silly placeDep ROOT @aws-sdk/util-user-agent-node@3.973.21 OK for: @aws-sdk/client-s3@3.1036.0 want: ^3.973.21
656 silly placeDep ROOT @smithy/config-resolver@4.4.17 OK for: @aws-sdk/client-s3@3.1036.0 want: ^4.4.17
657 silly placeDep ROOT @smithy/core@3.23.17 OK for: @aws-sdk/client-s3@3.1036.0 want: ^3.23.17
658 silly placeDep ROOT @smithy/eventstream-serde-browser@4.2.14 OK for: @aws-sdk/client-s3@3.1036.0 want: ^4.2.14
659 silly placeDep ROOT @smithy/eventstream-serde-config-resolver@4.3.14 OK for: @aws-sdk/client-s3@3.1036.0 want: ^4.3.14
660 silly placeDep ROOT @smithy/eventstream-serde-node@4.2.14 OK for: @aws-sdk/client-s3@3.1036.0 want: ^4.2.14
661 silly placeDep ROOT @smithy/fetch-http-handler@5.3.17 OK for: @aws-sdk/client-s3@3.1036.0 want: ^5.3.17
662 silly placeDep ROOT @smithy/hash-blob-browser@4.2.15 OK for: @aws-sdk/client-s3@3.1036.0 want: ^4.2.15
663 silly placeDep ROOT @smithy/hash-node@4.2.14 OK for: @aws-sdk/client-s3@3.1036.0 want: ^4.2.14
664 silly placeDep ROOT @smithy/hash-stream-node@4.2.14 OK for: @aws-sdk/client-s3@3.1036.0 want: ^4.2.14
665 silly placeDep ROOT @smithy/invalid-dependency@4.2.14 OK for: @aws-sdk/client-s3@3.1036.0 want: ^4.2.14
666 silly placeDep ROOT @smithy/md5-js@4.2.14 OK for: @aws-sdk/client-s3@3.1036.0 want: ^4.2.14
667 silly placeDep ROOT @smithy/middleware-content-length@4.2.14 OK for: @aws-sdk/client-s3@3.1036.0 want: ^4.2.14
668 silly placeDep ROOT @smithy/middleware-endpoint@4.4.32 OK for: @aws-sdk/client-s3@3.1036.0 want: ^4.4.32
669 silly placeDep ROOT @smithy/middleware-retry@4.5.5 OK for: @aws-sdk/client-s3@3.1036.0 want: ^4.5.5
670 silly placeDep ROOT @smithy/middleware-serde@4.2.20 OK for: @aws-sdk/client-s3@3.1036.0 want: ^4.2.20
671 silly placeDep ROOT @smithy/middleware-stack@4.2.14 OK for: @aws-sdk/client-s3@3.1036.0 want: ^4.2.14
672 silly placeDep ROOT @smithy/node-config-provider@4.3.14 OK for: @aws-sdk/client-s3@3.1036.0 want: ^4.3.14
673 silly placeDep ROOT @smithy/node-http-handler@4.6.1 OK for: @aws-sdk/client-s3@3.1036.0 want: ^4.6.1
674 silly placeDep ROOT @smithy/protocol-http@5.3.14 OK for: @aws-sdk/client-s3@3.1036.0 want: ^5.3.14
675 silly placeDep ROOT @smithy/smithy-client@4.12.13 OK for: @aws-sdk/client-s3@3.1036.0 want: ^4.12.13
676 silly placeDep ROOT @smithy/types@4.14.1 OK for: @aws-sdk/client-s3@3.1036.0 want: ^4.14.1
677 silly placeDep ROOT @smithy/url-parser@4.2.14 OK for: @aws-sdk/client-s3@3.1036.0 want: ^4.2.14
678 silly placeDep ROOT @smithy/util-base64@4.3.2 OK for: @aws-sdk/client-s3@3.1036.0 want: ^4.3.2
679 silly placeDep ROOT @smithy/util-body-length-browser@4.2.2 OK for: @aws-sdk/client-s3@3.1036.0 want: ^4.2.2
680 silly placeDep ROOT @smithy/util-body-length-node@4.2.3 OK for: @aws-sdk/client-s3@3.1036.0 want: ^4.2.3
681 silly placeDep ROOT @smithy/util-defaults-mode-browser@4.3.49 OK for: @aws-sdk/client-s3@3.1036.0 want: ^4.3.49
682 silly placeDep ROOT @smithy/util-defaults-mode-node@4.2.54 OK for: @aws-sdk/client-s3@3.1036.0 want: ^4.2.54
683 silly placeDep ROOT @smithy/util-endpoints@3.4.2 OK for: @aws-sdk/client-s3@3.1036.0 want: ^3.4.2
684 silly placeDep ROOT @smithy/util-middleware@4.2.14 OK for: @aws-sdk/client-s3@3.1036.0 want: ^4.2.14
685 silly placeDep ROOT @smithy/util-retry@4.3.4 OK for: @aws-sdk/client-s3@3.1036.0 want: ^4.3.4
686 silly placeDep ROOT @smithy/util-stream@4.5.25 OK for: @aws-sdk/client-s3@3.1036.0 want: ^4.5.25
687 silly placeDep ROOT @smithy/util-utf8@4.2.2 OK for: @aws-sdk/client-s3@3.1036.0 want: ^4.2.2
688 silly placeDep ROOT @smithy/util-waiter@4.2.16 OK for: @aws-sdk/client-s3@3.1036.0 want: ^4.2.16
689 silly placeDep ROOT tslib@2.8.1 OK for: @aws-sdk/client-s3@3.1036.0 want: ^2.6.2
690 silly fetch manifest @aws-sdk/types@^3.222.0
691 silly packumentCache full:https://registry.npmjs.org/@aws-sdk%2ftypes cache-miss
692 silly fetch manifest @aws-crypto/util@^5.2.0
693 silly packumentCache full:https://registry.npmjs.org/@aws-crypto%2futil cache-miss
694 silly fetch manifest @smithy/util-utf8@^2.0.0
695 silly packumentCache full:https://registry.npmjs.org/@smithy%2futil-utf8 cache-miss
696 silly fetch manifest @aws-sdk/util-locate-window@^3.0.0
697 silly packumentCache full:https://registry.npmjs.org/@aws-sdk%2futil-locate-window cache-miss
698 silly fetch manifest @aws-crypto/supports-web-crypto@^5.2.0
699 silly packumentCache full:https://registry.npmjs.org/@aws-crypto%2fsupports-web-crypto cache-miss
700 silly fetch manifest @aws-sdk/types@^3.222.0
701 silly packumentCache full:https://registry.npmjs.org/@aws-sdk%2ftypes cache-miss
702 silly fetch manifest @aws-crypto/util@^5.2.0
703 silly packumentCache full:https://registry.npmjs.org/@aws-crypto%2futil cache-miss
704 silly fetch manifest @smithy/util-utf8@^2.0.0
705 silly packumentCache full:https://registry.npmjs.org/@smithy%2futil-utf8 cache-miss
706 silly fetch manifest @aws-crypto/sha256-js@^5.2.0
707 silly packumentCache full:https://registry.npmjs.org/@aws-crypto%2fsha256-js cache-miss
708 silly fetch manifest @aws-sdk/util-locate-window@^3.0.0
709 silly packumentCache full:https://registry.npmjs.org/@aws-sdk%2futil-locate-window cache-miss
710 silly fetch manifest @aws-crypto/supports-web-crypto@^5.2.0
711 silly packumentCache full:https://registry.npmjs.org/@aws-crypto%2fsupports-web-crypto cache-miss
712 silly fetch manifest @aws-sdk/types@^3.222.0
713 silly packumentCache full:https://registry.npmjs.org/@aws-sdk%2ftypes cache-miss
714 silly fetch manifest @aws-crypto/util@^5.2.0
715 silly packumentCache full:https://registry.npmjs.org/@aws-crypto%2futil cache-miss
716 http cache https://registry.npmjs.org/@smithy%2futil-utf8 9ms (cache hit)
717 silly packumentCache full:https://registry.npmjs.org/@smithy%2futil-utf8 set size:50817 disposed:false
718 silly fetch manifest @aws-sdk/xml-builder@^3.972.19
719 silly packumentCache full:https://registry.npmjs.org/@aws-sdk%2fxml-builder cache-miss
720 http cache https://registry.npmjs.org/@smithy%2futil-utf8 9ms (cache hit)
721 silly packumentCache full:https://registry.npmjs.org/@smithy%2futil-utf8 set size:50817 disposed:false
722 silly packumentCache full:https://registry.npmjs.org/@smithy%2futil-utf8 dispose
723 silly fetch manifest @smithy/property-provider@^4.2.14
724 silly packumentCache full:https://registry.npmjs.org/@smithy%2fproperty-provider cache-miss
725 http cache https://registry.npmjs.org/@aws-crypto%2fsha256-js 10ms (cache hit)
726 silly packumentCache full:https://registry.npmjs.org/@aws-crypto%2fsha256-js set size:54628 disposed:false
727 silly fetch manifest @smithy/signature-v4@^5.3.14
728 silly packumentCache full:https://registry.npmjs.org/@smithy%2fsignature-v4 cache-miss
729 http cache https://registry.npmjs.org/@aws-sdk%2ftypes 16ms (cache hit)
730 silly packumentCache full:https://registry.npmjs.org/@aws-sdk%2ftypes set size:519855 disposed:false
731 silly fetch manifest @aws-sdk/credential-provider-env@^3.972.31
732 silly packumentCache full:https://registry.npmjs.org/@aws-sdk%2fcredential-provider-env cache-miss
733 http cache https://registry.npmjs.org/@aws-sdk%2ftypes 17ms (cache hit)
734 silly packumentCache full:https://registry.npmjs.org/@aws-sdk%2ftypes set size:519855 disposed:false
735 silly packumentCache full:https://registry.npmjs.org/@aws-sdk%2ftypes dispose
736 silly fetch manifest @aws-sdk/credential-provider-http@^3.972.33
737 silly packumentCache full:https://registry.npmjs.org/@aws-sdk%2fcredential-provider-http cache-miss
738 http cache https://registry.npmjs.org/@aws-sdk%2ftypes 20ms (cache hit)
739 silly packumentCache full:https://registry.npmjs.org/@aws-sdk%2ftypes set size:519855 disposed:true
740 silly packumentCache full:https://registry.npmjs.org/@aws-sdk%2ftypes dispose
741 silly fetch manifest @aws-sdk/credential-provider-ini@^3.972.35
742 silly packumentCache full:https://registry.npmjs.org/@aws-sdk%2fcredential-provider-ini cache-miss
743 http fetch GET 200 https://registry.npmjs.org/@aws-crypto%2fsupports-web-crypto 96ms (cache miss)
744 silly packumentCache full:https://registry.npmjs.org/@aws-crypto%2fsupports-web-crypto set size:undefined disposed:false
745 silly fetch manifest @aws-sdk/credential-provider-process@^3.972.31
746 silly packumentCache full:https://registry.npmjs.org/@aws-sdk%2fcredential-provider-process cache-miss
747 http fetch GET 200 https://registry.npmjs.org/@aws-crypto%2fsupports-web-crypto 99ms (cache miss)
748 silly packumentCache full:https://registry.npmjs.org/@aws-crypto%2fsupports-web-crypto set size:undefined disposed:false
749 silly fetch manifest @aws-sdk/credential-provider-sso@^3.972.35
750 silly packumentCache full:https://registry.npmjs.org/@aws-sdk%2fcredential-provider-sso cache-miss
751 http fetch GET 200 https://registry.npmjs.org/@smithy%2fsignature-v4 252ms (cache miss)
752 silly packumentCache full:https://registry.npmjs.org/@smithy%2fsignature-v4 set size:undefined disposed:false
753 silly fetch manifest @aws-sdk/credential-provider-web-identity@^3.972.35
754 silly packumentCache full:https://registry.npmjs.org/@aws-sdk%2fcredential-provider-web-identity cache-miss
755 http fetch GET 200 https://registry.npmjs.org/@aws-crypto%2futil 453ms (cache miss)
756 silly packumentCache full:https://registry.npmjs.org/@aws-crypto%2futil set size:undefined disposed:false
757 silly fetch manifest @smithy/credential-provider-imds@^4.2.14
758 silly packumentCache full:https://registry.npmjs.org/@smithy%2fcredential-provider-imds cache-miss
759 http fetch GET 200 https://registry.npmjs.org/@aws-sdk%2fxml-builder 461ms (cache miss)
760 silly packumentCache full:https://registry.npmjs.org/@aws-sdk%2fxml-builder set size:undefined disposed:false
761 silly fetch manifest @smithy/property-provider@^4.2.14
762 silly packumentCache full:https://registry.npmjs.org/@smithy%2fproperty-provider cache-miss
763 http fetch GET 200 https://registry.npmjs.org/@aws-crypto%2futil 473ms (cache miss)
764 silly packumentCache full:https://registry.npmjs.org/@aws-crypto%2futil set size:undefined disposed:false
765 silly fetch manifest @smithy/shared-ini-file-loader@^4.4.9
766 silly packumentCache full:https://registry.npmjs.org/@smithy%2fshared-ini-file-loader cache-miss
767 http fetch GET 200 https://registry.npmjs.org/@aws-crypto%2futil 490ms (cache miss)
768 silly packumentCache full:https://registry.npmjs.org/@aws-crypto%2futil set size:undefined disposed:false
769 silly fetch manifest @aws-sdk/util-arn-parser@^3.972.3
770 silly packumentCache full:https://registry.npmjs.org/@aws-sdk%2futil-arn-parser cache-miss
771 http fetch GET 200 https://registry.npmjs.org/@smithy%2fproperty-provider 524ms (cache miss)
772 silly packumentCache full:https://registry.npmjs.org/@smithy%2fproperty-provider set size:undefined disposed:false
773 silly fetch manifest @smithy/util-config-provider@^4.2.2
774 silly packumentCache full:https://registry.npmjs.org/@smithy%2futil-config-provider cache-miss
775 http fetch GET 200 https://registry.npmjs.org/@aws-sdk%2fcredential-provider-http 523ms (cache miss)
776 silly packumentCache full:https://registry.npmjs.org/@aws-sdk%2fcredential-provider-http set size:undefined disposed:false
777 silly fetch manifest @aws-crypto/crc32@5.2.0
778 silly packumentCache full:https://registry.npmjs.org/@aws-crypto%2fcrc32 cache-miss
779 http fetch GET 200 https://registry.npmjs.org/@aws-sdk%2fcredential-provider-env 643ms (cache miss)
780 silly packumentCache full:https://registry.npmjs.org/@aws-sdk%2fcredential-provider-env set size:undefined disposed:false
781 silly fetch manifest @aws-crypto/crc32c@5.2.0
782 silly packumentCache full:https://registry.npmjs.org/@aws-crypto%2fcrc32c cache-miss
783 http fetch GET 200 https://registry.npmjs.org/@smithy%2fproperty-provider 209ms (cache miss)
784 silly packumentCache full:https://registry.npmjs.org/@smithy%2fproperty-provider set size:undefined disposed:false
785 silly fetch manifest @aws-crypto/util@5.2.0
786 silly packumentCache full:https://registry.npmjs.org/@aws-crypto%2futil cache-miss
787 http fetch GET 200 https://registry.npmjs.org/@aws-sdk%2fcredential-provider-sso 581ms (cache miss)
788 silly packumentCache full:https://registry.npmjs.org/@aws-sdk%2fcredential-provider-sso set size:undefined disposed:false
789 silly fetch manifest @aws-sdk/crc64-nvme@^3.972.7
790 silly packumentCache full:https://registry.npmjs.org/@aws-sdk%2fcrc64-nvme cache-miss
791 http cache https://registry.npmjs.org/@aws-crypto%2futil 11ms (cache hit)
792 silly packumentCache full:https://registry.npmjs.org/@aws-crypto%2futil set size:30876 disposed:false
793 silly fetch manifest @smithy/is-array-buffer@^4.2.2
794 silly packumentCache full:https://registry.npmjs.org/@smithy%2fis-array-buffer cache-miss
795 http fetch GET 200 https://registry.npmjs.org/@aws-sdk%2fcredential-provider-web-identity 434ms (cache miss)
796 silly packumentCache full:https://registry.npmjs.org/@aws-sdk%2fcredential-provider-web-identity set size:undefined disposed:false
797 silly fetch manifest @aws/lambda-invoke-store@^0.2.2
798 silly packumentCache full:https://registry.npmjs.org/@aws%2flambda-invoke-store cache-miss
799 http fetch GET 200 https://registry.npmjs.org/@aws-sdk%2futil-locate-window 743ms (cache miss)
800 silly packumentCache full:https://registry.npmjs.org/@aws-sdk%2futil-locate-window set size:undefined disposed:false
801 silly fetch manifest @aws-sdk/util-arn-parser@^3.972.3
802 silly packumentCache full:https://registry.npmjs.org/@aws-sdk%2futil-arn-parser cache-miss
803 http fetch GET 200 https://registry.npmjs.org/@aws-sdk%2futil-locate-window 758ms (cache miss)
804 silly packumentCache full:https://registry.npmjs.org/@aws-sdk%2futil-locate-window set size:undefined disposed:false
805 silly fetch manifest @smithy/util-config-provider@^4.2.2
806 silly packumentCache full:https://registry.npmjs.org/@smithy%2futil-config-provider cache-miss
807 http fetch GET 200 https://registry.npmjs.org/@aws-crypto%2fcrc32c 100ms (cache miss)
808 silly packumentCache full:https://registry.npmjs.org/@aws-crypto%2fcrc32c set size:undefined disposed:false
809 silly fetch manifest bowser@^2.11.0
810 silly packumentCache full:https://registry.npmjs.org/bowser cache-miss
811 http fetch GET 200 https://registry.npmjs.org/@smithy%2fshared-ini-file-loader 309ms (cache miss)
812 silly packumentCache full:https://registry.npmjs.org/@smithy%2fshared-ini-file-loader set size:undefined disposed:false
813 silly fetch manifest @smithy/util-config-provider@^4.2.2
814 silly packumentCache full:https://registry.npmjs.org/@smithy%2futil-config-provider cache-miss
815 http fetch GET 200 https://registry.npmjs.org/@aws%2flambda-invoke-store 88ms (cache miss)
816 silly packumentCache full:https://registry.npmjs.org/@aws%2flambda-invoke-store set size:undefined disposed:false
817 silly fetch manifest @smithy/util-config-provider@^4.2.2
818 silly packumentCache full:https://registry.npmjs.org/@smithy%2futil-config-provider cache-miss
819 http fetch GET 200 https://registry.npmjs.org/@smithy%2fis-array-buffer 141ms (cache miss)
820 silly packumentCache full:https://registry.npmjs.org/@smithy%2fis-array-buffer set size:undefined disposed:false
821 silly fetch manifest @smithy/uuid@^1.1.2
822 silly packumentCache full:https://registry.npmjs.org/@smithy%2fuuid cache-miss
823 http fetch GET 200 https://registry.npmjs.org/@aws-sdk%2futil-arn-parser 134ms (cache miss)
824 silly packumentCache full:https://registry.npmjs.org/@aws-sdk%2futil-arn-parser set size:undefined disposed:false
825 silly fetch manifest @smithy/eventstream-serde-universal@^4.2.14
826 silly packumentCache full:https://registry.npmjs.org/@smithy%2feventstream-serde-universal cache-miss
827 http fetch GET 200 https://registry.npmjs.org/@smithy%2fcredential-provider-imds 462ms (cache miss)
828 silly packumentCache full:https://registry.npmjs.org/@smithy%2fcredential-provider-imds set size:undefined disposed:false
829 silly fetch manifest @smithy/eventstream-serde-universal@^4.2.14
830 silly packumentCache full:https://registry.npmjs.org/@smithy%2feventstream-serde-universal cache-miss
831 http fetch GET 200 https://registry.npmjs.org/@aws-sdk%2fcredential-provider-ini 897ms (cache miss)
832 silly packumentCache full:https://registry.npmjs.org/@aws-sdk%2fcredential-provider-ini set size:undefined disposed:false
833 silly fetch manifest @smithy/querystring-builder@^4.2.14
834 silly packumentCache full:https://registry.npmjs.org/@smithy%2fquerystring-builder cache-miss
835 http fetch GET 200 https://registry.npmjs.org/bowser 161ms (cache miss)
836 silly packumentCache full:https://registry.npmjs.org/bowser set size:undefined disposed:false
837 silly fetch manifest @smithy/chunked-blob-reader@^5.2.2
838 silly packumentCache full:https://registry.npmjs.org/@smithy%2fchunked-blob-reader cache-miss
839 http fetch GET 200 https://registry.npmjs.org/@smithy%2futil-config-provider 429ms (cache miss)
840 silly packumentCache full:https://registry.npmjs.org/@smithy%2futil-config-provider set size:undefined disposed:false
841 silly fetch manifest @smithy/chunked-blob-reader-native@^4.2.3
842 silly packumentCache full:https://registry.npmjs.org/@smithy%2fchunked-blob-reader-native cache-miss
843 http fetch GET 200 https://registry.npmjs.org/@smithy%2futil-config-provider 206ms (cache miss)
844 silly packumentCache full:https://registry.npmjs.org/@smithy%2futil-config-provider set size:undefined disposed:false
845 silly fetch manifest @smithy/util-buffer-from@^4.2.2
846 silly packumentCache full:https://registry.npmjs.org/@smithy%2futil-buffer-from cache-miss
847 http fetch GET 200 https://registry.npmjs.org/@smithy%2futil-config-provider 180ms (cache miss)
848 silly packumentCache full:https://registry.npmjs.org/@smithy%2futil-config-provider set size:undefined disposed:false
849 silly fetch manifest @smithy/service-error-classification@^4.3.0
850 silly packumentCache full:https://registry.npmjs.org/@smithy%2fservice-error-classification cache-miss
851 http fetch GET 200 https://registry.npmjs.org/@smithy%2futil-config-provider 190ms (cache miss)
852 silly packumentCache full:https://registry.npmjs.org/@smithy%2futil-config-provider set size:undefined disposed:false
853 silly fetch manifest @smithy/uuid@^1.1.2
854 silly packumentCache full:https://registry.npmjs.org/@smithy%2fuuid cache-miss
855 http fetch GET 200 https://registry.npmjs.org/@smithy%2fchunked-blob-reader 111ms (cache miss)
856 silly packumentCache full:https://registry.npmjs.org/@smithy%2fchunked-blob-reader set size:undefined disposed:false
857 silly fetch manifest @smithy/querystring-builder@^4.2.14
858 silly packumentCache full:https://registry.npmjs.org/@smithy%2fquerystring-builder cache-miss
859 http fetch GET 200 https://registry.npmjs.org/@aws-crypto%2fcrc32 496ms (cache miss)
860 silly packumentCache full:https://registry.npmjs.org/@aws-crypto%2fcrc32 set size:undefined disposed:false
861 silly fetch manifest @smithy/querystring-parser@^4.2.14
862 silly packumentCache full:https://registry.npmjs.org/@smithy%2fquerystring-parser cache-miss
863 http fetch GET 200 https://registry.npmjs.org/@aws-sdk%2futil-arn-parser 559ms (cache miss)
864 silly packumentCache full:https://registry.npmjs.org/@aws-sdk%2futil-arn-parser set size:undefined disposed:false
865 silly fetch manifest @smithy/util-buffer-from@^4.2.2
866 silly packumentCache full:https://registry.npmjs.org/@smithy%2futil-buffer-from cache-miss
867 http fetch GET 200 https://registry.npmjs.org/@aws-sdk%2fcredential-provider-process 956ms (cache miss)
868 silly packumentCache full:https://registry.npmjs.org/@aws-sdk%2fcredential-provider-process set size:undefined disposed:false
869 silly fetch manifest @smithy/service-error-classification@^4.3.0
870 silly packumentCache full:https://registry.npmjs.org/@smithy%2fservice-error-classification cache-miss
871 http fetch GET 200 https://registry.npmjs.org/@aws-sdk%2fcrc64-nvme 439ms (cache miss)
872 silly packumentCache full:https://registry.npmjs.org/@aws-sdk%2fcrc64-nvme set size:undefined disposed:false
873 silly fetch manifest @smithy/util-buffer-from@^4.2.2
874 silly packumentCache full:https://registry.npmjs.org/@smithy%2futil-buffer-from cache-miss
875 http fetch GET 200 https://registry.npmjs.org/@smithy%2fquerystring-parser 106ms (cache miss)
876 silly packumentCache full:https://registry.npmjs.org/@smithy%2fquerystring-parser set size:undefined disposed:false
877 silly fetch manifest @smithy/util-hex-encoding@^4.2.2
878 silly packumentCache full:https://registry.npmjs.org/@smithy%2futil-hex-encoding cache-miss
879 http fetch GET 200 https://registry.npmjs.org/@smithy%2fuuid 202ms (cache miss)
880 silly packumentCache full:https://registry.npmjs.org/@smithy%2fuuid set size:undefined disposed:false
881 silly fetch manifest @smithy/util-buffer-from@^4.2.2
882 silly packumentCache full:https://registry.npmjs.org/@smithy%2futil-buffer-from cache-miss
883 http fetch GET 200 https://registry.npmjs.org/@smithy%2fuuid 346ms (cache miss)
884 silly packumentCache full:https://registry.npmjs.org/@smithy%2fuuid set size:undefined disposed:false
885 http fetch GET 200 https://registry.npmjs.org/@smithy%2futil-buffer-from 161ms (cache miss)
886 silly packumentCache full:https://registry.npmjs.org/@smithy%2futil-buffer-from set size:undefined disposed:false
887 http fetch GET 200 https://registry.npmjs.org/@smithy%2futil-buffer-from 351ms (cache miss)
888 silly packumentCache full:https://registry.npmjs.org/@smithy%2futil-buffer-from set size:undefined disposed:false
889 http fetch GET 200 https://registry.npmjs.org/@smithy%2futil-buffer-from 140ms (cache miss)
890 silly packumentCache full:https://registry.npmjs.org/@smithy%2futil-buffer-from set size:undefined disposed:false
891 http fetch GET 200 https://registry.npmjs.org/@smithy%2futil-buffer-from 191ms (cache miss)
892 silly packumentCache full:https://registry.npmjs.org/@smithy%2futil-buffer-from set size:undefined disposed:false
893 http fetch GET 200 https://registry.npmjs.org/@smithy%2fservice-error-classification 263ms (cache miss)
894 silly packumentCache full:https://registry.npmjs.org/@smithy%2fservice-error-classification set size:undefined disposed:false
895 http fetch GET 200 https://registry.npmjs.org/@smithy%2fservice-error-classification 352ms (cache miss)
896 silly packumentCache full:https://registry.npmjs.org/@smithy%2fservice-error-classification set size:undefined disposed:false
897 http fetch GET 200 https://registry.npmjs.org/@smithy%2feventstream-serde-universal 450ms (cache miss)
898 silly packumentCache full:https://registry.npmjs.org/@smithy%2feventstream-serde-universal set size:undefined disposed:false
899 http fetch GET 200 https://registry.npmjs.org/@smithy%2feventstream-serde-universal 415ms (cache miss)
900 silly packumentCache full:https://registry.npmjs.org/@smithy%2feventstream-serde-universal set size:undefined disposed:false
901 http fetch GET 200 https://registry.npmjs.org/@smithy%2fquerystring-builder 462ms (cache miss)
902 silly packumentCache full:https://registry.npmjs.org/@smithy%2fquerystring-builder set size:undefined disposed:false
903 http fetch GET 200 https://registry.npmjs.org/@smithy%2fquerystring-builder 364ms (cache miss)
904 silly packumentCache full:https://registry.npmjs.org/@smithy%2fquerystring-builder set size:undefined disposed:false
905 http fetch GET 200 https://registry.npmjs.org/@smithy%2futil-hex-encoding 445ms (cache miss)
906 silly packumentCache full:https://registry.npmjs.org/@smithy%2futil-hex-encoding set size:undefined disposed:false
907 http fetch GET 200 https://registry.npmjs.org/@smithy%2fchunked-blob-reader-native 733ms (cache miss)
908 silly packumentCache full:https://registry.npmjs.org/@smithy%2fchunked-blob-reader-native set size:undefined disposed:false
909 silly placeDep ROOT @aws-crypto/supports-web-crypto@5.2.0 OK for: @aws-crypto/sha1-browser@5.2.0 want: ^5.2.0
910 silly placeDep ROOT @aws-crypto/util@5.2.0 OK for: @aws-crypto/sha1-browser@5.2.0 want: ^5.2.0
911 silly placeDep ROOT @aws-sdk/util-locate-window@3.965.5 OK for: @aws-crypto/sha1-browser@5.2.0 want: ^3.0.0
912 silly placeDep node_modules/@aws-crypto/sha1-browser @smithy/util-utf8@2.3.0 OK for: @aws-crypto/sha1-browser@5.2.0 want: ^2.0.0
913 silly fetch manifest @smithy/util-buffer-from@^2.2.0
914 silly packumentCache full:https://registry.npmjs.org/@smithy%2futil-buffer-from cache-miss
915 http cache https://registry.npmjs.org/@smithy%2futil-buffer-from 7ms (cache hit)
916 silly packumentCache full:https://registry.npmjs.org/@smithy%2futil-buffer-from set size:44356 disposed:false
917 silly placeDep node_modules/@aws-crypto/sha256-browser @smithy/util-utf8@2.3.0 OK for: @aws-crypto/sha256-browser@5.2.0 want: ^2.0.0
918 silly placeDep node_modules/@aws-crypto/util @smithy/util-utf8@2.3.0 OK for: @aws-crypto/util@5.2.0 want: ^2.0.0
919 silly placeDep ROOT @aws-sdk/xml-builder@3.972.19 OK for: @aws-sdk/core@3.974.5 want: ^3.972.19
920 silly placeDep ROOT @smithy/property-provider@4.2.14 OK for: @aws-sdk/core@3.974.5 want: ^4.2.14
921 silly placeDep ROOT @smithy/signature-v4@5.3.14 OK for: @aws-sdk/core@3.974.5 want: ^5.3.14
922 silly fetch manifest fast-xml-parser@5.7.1
923 silly packumentCache full:https://registry.npmjs.org/fast-xml-parser cache-miss
924 silly fetch manifest @smithy/util-uri-escape@^4.2.2
925 silly packumentCache full:https://registry.npmjs.org/@smithy%2futil-uri-escape cache-miss
926 http fetch GET 200 https://registry.npmjs.org/fast-xml-parser 374ms (cache miss)
927 silly packumentCache full:https://registry.npmjs.org/fast-xml-parser set size:undefined disposed:false
928 http fetch GET 200 https://registry.npmjs.org/@smithy%2futil-uri-escape 473ms (cache miss)
929 silly packumentCache full:https://registry.npmjs.org/@smithy%2futil-uri-escape set size:undefined disposed:false
930 silly placeDep ROOT @aws-sdk/credential-provider-env@3.972.31 OK for: @aws-sdk/credential-provider-node@3.972.36 want: ^3.972.31
931 silly placeDep ROOT @aws-sdk/credential-provider-http@3.972.33 OK for: @aws-sdk/credential-provider-node@3.972.36 want: ^3.972.33
932 silly placeDep ROOT @aws-sdk/credential-provider-ini@3.972.35 OK for: @aws-sdk/credential-provider-node@3.972.36 want: ^3.972.35
933 silly placeDep ROOT @aws-sdk/credential-provider-process@3.972.31 OK for: @aws-sdk/credential-provider-node@3.972.36 want: ^3.972.31
934 silly placeDep ROOT @aws-sdk/credential-provider-sso@3.972.35 OK for: @aws-sdk/credential-provider-node@3.972.36 want: ^3.972.35
935 silly placeDep ROOT @aws-sdk/credential-provider-web-identity@3.972.35 OK for: @aws-sdk/credential-provider-node@3.972.36 want: ^3.972.35
936 silly placeDep ROOT @smithy/credential-provider-imds@4.2.14 OK for: @aws-sdk/credential-provider-node@3.972.36 want: ^4.2.14
937 silly placeDep ROOT @smithy/shared-ini-file-loader@4.4.9 OK for: @aws-sdk/credential-provider-node@3.972.36 want: ^4.4.9
938 silly fetch manifest @aws-sdk/credential-provider-login@^3.972.35
939 silly packumentCache full:https://registry.npmjs.org/@aws-sdk%2fcredential-provider-login cache-miss
940 silly fetch manifest @aws-sdk/nested-clients@^3.997.3
941 silly packumentCache full:https://registry.npmjs.org/@aws-sdk%2fnested-clients cache-miss
942 silly fetch manifest @aws-sdk/nested-clients@^3.997.3
943 silly packumentCache full:https://registry.npmjs.org/@aws-sdk%2fnested-clients cache-miss
944 silly fetch manifest @aws-sdk/token-providers@3.1036.0
945 silly packumentCache full:https://registry.npmjs.org/@aws-sdk%2ftoken-providers cache-miss
946 silly fetch manifest @aws-sdk/nested-clients@^3.997.3
947 silly packumentCache full:https://registry.npmjs.org/@aws-sdk%2fnested-clients cache-miss
948 http fetch GET 200 https://registry.npmjs.org/@aws-sdk%2fcredential-provider-login 445ms (cache miss)
949 silly packumentCache full:https://registry.npmjs.org/@aws-sdk%2fcredential-provider-login set size:undefined disposed:false
950 http fetch GET 200 https://registry.npmjs.org/@aws-sdk%2fnested-clients 476ms (cache miss)
951 silly packumentCache full:https://registry.npmjs.org/@aws-sdk%2fnested-clients set size:undefined disposed:false
952 http fetch GET 200 https://registry.npmjs.org/@aws-sdk%2fnested-clients 548ms (cache miss)
953 silly packumentCache full:https://registry.npmjs.org/@aws-sdk%2fnested-clients set size:undefined disposed:false
954 http fetch GET 200 https://registry.npmjs.org/@aws-sdk%2fnested-clients 618ms (cache miss)
955 silly packumentCache full:https://registry.npmjs.org/@aws-sdk%2fnested-clients set size:undefined disposed:false
956 http fetch GET 200 https://registry.npmjs.org/@aws-sdk%2ftoken-providers 1037ms (cache miss)
957 silly packumentCache full:https://registry.npmjs.org/@aws-sdk%2ftoken-providers set size:undefined disposed:false
958 silly placeDep ROOT @aws-sdk/credential-provider-login@3.972.35 OK for: @aws-sdk/credential-provider-ini@3.972.35 want: ^3.972.35
959 silly placeDep ROOT @aws-sdk/nested-clients@3.997.3 OK for: @aws-sdk/credential-provider-ini@3.972.35 want: ^3.997.3
960 silly placeDep ROOT @aws-sdk/token-providers@3.1036.0 OK for: @aws-sdk/credential-provider-sso@3.972.35 want: 3.1036.0
961 silly placeDep ROOT @aws-sdk/util-arn-parser@3.972.3 OK for: @aws-sdk/middleware-bucket-endpoint@3.972.10 want: ^3.972.3
962 silly placeDep ROOT @smithy/util-config-provider@4.2.2 OK for: @aws-sdk/middleware-bucket-endpoint@3.972.10 want: ^4.2.2
963 silly placeDep ROOT @aws-crypto/crc32@5.2.0 OK for: @aws-sdk/middleware-flexible-checksums@3.974.13 want: 5.2.0
964 silly placeDep ROOT @aws-crypto/crc32c@5.2.0 OK for: @aws-sdk/middleware-flexible-checksums@3.974.13 want: 5.2.0
965 silly placeDep ROOT @aws-sdk/crc64-nvme@3.972.7 OK for: @aws-sdk/middleware-flexible-checksums@3.974.13 want: ^3.972.7
966 silly placeDep ROOT @smithy/is-array-buffer@4.2.2 OK for: @aws-sdk/middleware-flexible-checksums@3.974.13 want: ^4.2.2
967 silly placeDep ROOT @aws/lambda-invoke-store@0.2.4 OK for: @aws-sdk/middleware-recursion-detection@3.972.11 want: ^0.2.2
968 silly placeDep ROOT @aws-sdk/util-format-url@3.972.10 OK for: @aws-sdk/s3-request-presigner@3.1036.0 want: ^3.972.10
969 silly placeDep ROOT @smithy/querystring-builder@4.2.14 OK for: @aws-sdk/util-format-url@3.972.10 want: ^4.2.14
970 silly placeDep ROOT bowser@2.14.1 OK for: @aws-sdk/util-user-agent-browser@3.972.10 want: ^2.11.0
971 silly placeDep ROOT fast-xml-parser@5.7.1 OK for: @aws-sdk/xml-builder@3.972.19 want: 5.7.1
972 silly fetch manifest @nodable/entities@^2.1.0
973 silly packumentCache full:https://registry.npmjs.org/@nodable%2fentities cache-miss
974 silly fetch manifest fast-xml-builder@^1.1.5
975 silly packumentCache full:https://registry.npmjs.org/fast-xml-builder cache-miss
976 silly fetch manifest path-expression-matcher@^1.5.0
977 silly packumentCache full:https://registry.npmjs.org/path-expression-matcher cache-miss
978 silly fetch manifest strnum@^2.2.3
979 silly packumentCache full:https://registry.npmjs.org/strnum cache-miss
980 http fetch GET 200 https://registry.npmjs.org/fast-xml-builder 59ms (cache miss)
981 silly packumentCache full:https://registry.npmjs.org/fast-xml-builder set size:undefined disposed:false
982 http fetch GET 200 https://registry.npmjs.org/strnum 153ms (cache miss)
983 silly packumentCache full:https://registry.npmjs.org/strnum set size:undefined disposed:false
984 http fetch GET 200 https://registry.npmjs.org/path-expression-matcher 154ms (cache miss)
985 silly packumentCache full:https://registry.npmjs.org/path-expression-matcher set size:undefined disposed:false
986 http fetch GET 200 https://registry.npmjs.org/@nodable%2fentities 453ms (cache miss)
987 silly packumentCache full:https://registry.npmjs.org/@nodable%2fentities set size:undefined disposed:false
988 silly placeDep ROOT bluebird@3.7.2 OK for: @getbrevo/brevo@2.5.0 want: ^3.5.0
989 silly placeDep ROOT request@2.88.2 OK for: @getbrevo/brevo@2.5.0 want: ^2.81.0
990 silly placeDep ROOT rewire@7.0.0 OK for: @getbrevo/brevo@2.5.0 want: ^7.0.0
991 silly fetch manifest qs@~6.5.2
992 silly packumentCache full:https://registry.npmjs.org/qs cache-hit
993 silly fetch manifest aws4@^1.8.0
994 silly packumentCache full:https://registry.npmjs.org/aws4 cache-miss
995 silly fetch manifest uuid@^3.3.2
996 silly packumentCache full:https://registry.npmjs.org/uuid cache-miss
997 silly fetch manifest extend@~3.0.2
998 silly packumentCache full:https://registry.npmjs.org/extend cache-miss
999 silly fetch manifest caseless@~0.12.0
1000 silly packumentCache full:https://registry.npmjs.org/caseless cache-miss
1001 silly fetch manifest isstream@~0.1.2
1002 silly packumentCache full:https://registry.npmjs.org/isstream cache-miss
1003 silly fetch manifest aws-sign2@~0.7.0
1004 silly packumentCache full:https://registry.npmjs.org/aws-sign2 cache-miss
1005 silly fetch manifest form-data@~2.3.2
1006 silly packumentCache full:https://registry.npmjs.org/form-data cache-miss
1007 silly fetch manifest mime-types@~2.1.19
1008 silly packumentCache full:https://registry.npmjs.org/mime-types cache-miss
1009 silly fetch manifest oauth-sign@~0.9.0
1010 silly packumentCache full:https://registry.npmjs.org/oauth-sign cache-miss
1011 silly fetch manifest safe-buffer@^5.1.2
1012 silly packumentCache full:https://registry.npmjs.org/safe-buffer cache-miss
1013 silly fetch manifest tough-cookie@~2.5.0
1014 silly packumentCache full:https://registry.npmjs.org/tough-cookie cache-miss
1015 silly fetch manifest tunnel-agent@^0.6.0
1016 silly packumentCache full:https://registry.npmjs.org/tunnel-agent cache-miss
1017 silly fetch manifest forever-agent@~0.6.1
1018 silly packumentCache full:https://registry.npmjs.org/forever-agent cache-miss
1019 http cache https://registry.npmjs.org/safe-buffer 6ms (cache hit)
1020 silly packumentCache full:https://registry.npmjs.org/safe-buffer set size:41183 disposed:false
1021 silly fetch manifest har-validator@~5.1.3
1022 silly packumentCache full:https://registry.npmjs.org/har-validator cache-miss
1023 http fetch GET 200 https://registry.npmjs.org/tunnel-agent 62ms (cache miss)
1024 silly packumentCache full:https://registry.npmjs.org/tunnel-agent set size:undefined disposed:false
1025 silly fetch manifest is-typedarray@~1.0.0
1026 silly packumentCache full:https://registry.npmjs.org/is-typedarray cache-miss
1027 http fetch GET 200 https://registry.npmjs.org/tough-cookie 65ms (cache miss)
1028 silly packumentCache full:https://registry.npmjs.org/tough-cookie set size:undefined disposed:false
1029 silly fetch manifest http-signature@~1.2.0
1030 silly packumentCache full:https://registry.npmjs.org/http-signature cache-miss
1031 http fetch GET 200 https://registry.npmjs.org/oauth-sign 81ms (cache miss)
1032 silly packumentCache full:https://registry.npmjs.org/oauth-sign set size:undefined disposed:false
1033 silly fetch manifest combined-stream@~1.0.6
1034 silly packumentCache full:https://registry.npmjs.org/combined-stream cache-miss
1035 http fetch GET 200 https://registry.npmjs.org/aws-sign2 83ms (cache miss)
1036 silly packumentCache full:https://registry.npmjs.org/aws-sign2 set size:undefined disposed:false
1037 silly fetch manifest performance-now@^2.1.0
1038 silly packumentCache full:https://registry.npmjs.org/performance-now cache-miss
1039 http fetch GET 200 https://registry.npmjs.org/isstream 84ms (cache miss)
1040 silly packumentCache full:https://registry.npmjs.org/isstream set size:undefined disposed:false
1041 silly fetch manifest json-stringify-safe@~5.0.1
1042 silly packumentCache full:https://registry.npmjs.org/json-stringify-safe cache-miss
1043 http fetch GET 200 https://registry.npmjs.org/extend 86ms (cache miss)
1044 silly packumentCache full:https://registry.npmjs.org/extend set size:undefined disposed:false
1045 silly fetch manifest eslint@^8.47.0
1046 silly packumentCache full:https://registry.npmjs.org/eslint cache-miss
1047 http fetch GET 200 https://registry.npmjs.org/har-validator 79ms (cache miss)
1048 silly packumentCache full:https://registry.npmjs.org/har-validator set size:undefined disposed:false
1049 http fetch GET 200 https://registry.npmjs.org/aws4 105ms (cache miss)
1050 silly packumentCache full:https://registry.npmjs.org/aws4 set size:undefined disposed:false
1051 http fetch GET 200 https://registry.npmjs.org/form-data 106ms (cache miss)
1052 silly packumentCache full:https://registry.npmjs.org/form-data set size:undefined disposed:false
1053 http fetch GET 200 https://registry.npmjs.org/http-signature 62ms (cache miss)
1054 silly packumentCache full:https://registry.npmjs.org/http-signature set size:undefined disposed:false
1055 http fetch GET 200 https://registry.npmjs.org/uuid 136ms (cache miss)
1056 silly packumentCache full:https://registry.npmjs.org/uuid set size:undefined disposed:false
1057 http fetch GET 200 https://registry.npmjs.org/mime-types 166ms (cache miss)
1058 silly packumentCache full:https://registry.npmjs.org/mime-types set size:undefined disposed:false
1059 http fetch GET 200 https://registry.npmjs.org/json-stringify-safe 105ms (cache miss)
1060 silly packumentCache full:https://registry.npmjs.org/json-stringify-safe set size:undefined disposed:false
1061 http fetch GET 200 https://registry.npmjs.org/combined-stream 107ms (cache miss)
1062 silly packumentCache full:https://registry.npmjs.org/combined-stream set size:undefined disposed:false
1063 http fetch GET 200 https://registry.npmjs.org/performance-now 115ms (cache miss)
1064 silly packumentCache full:https://registry.npmjs.org/performance-now set size:undefined disposed:false
1065 http fetch GET 200 https://registry.npmjs.org/forever-agent 337ms (cache miss)
1066 silly packumentCache full:https://registry.npmjs.org/forever-agent set size:undefined disposed:false
1067 http fetch GET 200 https://registry.npmjs.org/eslint 254ms (cache miss)
1068 silly packumentCache full:https://registry.npmjs.org/eslint set size:undefined disposed:false
1069 http fetch GET 200 https://registry.npmjs.org/caseless 371ms (cache miss)
1070 silly packumentCache full:https://registry.npmjs.org/caseless set size:undefined disposed:false
1071 http fetch GET 200 https://registry.npmjs.org/is-typedarray 344ms (cache miss)
1072 silly packumentCache full:https://registry.npmjs.org/is-typedarray set size:undefined disposed:false
1073 silly placeDep ROOT @smithy/uuid@1.1.2 OK for: @smithy/core@3.23.17 want: ^1.1.2
1074 silly placeDep ROOT @smithy/eventstream-serde-universal@4.2.14 OK for: @smithy/eventstream-serde-browser@4.2.14 want: ^4.2.14
1075 silly fetch manifest @smithy/eventstream-codec@^4.2.14
1076 silly packumentCache full:https://registry.npmjs.org/@smithy%2feventstream-codec cache-miss
1077 http fetch GET 200 https://registry.npmjs.org/@smithy%2feventstream-codec 380ms (cache miss)
1078 silly packumentCache full:https://registry.npmjs.org/@smithy%2feventstream-codec set size:undefined disposed:false
1079 silly placeDep ROOT @smithy/eventstream-codec@4.2.14 OK for: @smithy/eventstream-serde-universal@4.2.14 want: ^4.2.14
1080 silly placeDep ROOT @smithy/util-hex-encoding@4.2.2 OK for: @smithy/eventstream-codec@4.2.14 want: ^4.2.2
1081 silly placeDep ROOT @smithy/chunked-blob-reader@5.2.2 OK for: @smithy/hash-blob-browser@4.2.15 want: ^5.2.2
1082 silly placeDep ROOT @smithy/chunked-blob-reader-native@4.2.3 OK for: @smithy/hash-blob-browser@4.2.15 want: ^4.2.3
1083 silly placeDep ROOT @smithy/util-buffer-from@4.2.2 OK for: @smithy/hash-node@4.2.14 want: ^4.2.2
1084 silly placeDep ROOT @smithy/service-error-classification@4.3.0 OK for: @smithy/middleware-retry@4.5.5 want: ^4.3.0
1085 silly placeDep ROOT @smithy/util-uri-escape@4.2.2 OK for: @smithy/querystring-builder@4.2.14 want: ^4.2.2
1086 silly placeDep ROOT @smithy/querystring-parser@4.2.14 OK for: @smithy/url-parser@4.2.14 want: ^4.2.14
1087 silly placeDep ROOT cookie@0.7.2 OK for: cookie-parser@1.4.7 want: 0.7.2
1088 silly placeDep ROOT cookie-signature@1.0.6 OK for: cookie-parser@1.4.7 want: 1.0.6
1089 silly placeDep ROOT object-assign@4.1.1 OK for: cors@2.8.6 want: ^4
1090 silly placeDep ROOT vary@1.1.2 OK for: cors@2.8.6 want: ^1
1091 silly placeDep ROOT accepts@1.3.8 OK for: express@4.22.1 want: ~1.3.8
1092 silly placeDep ROOT array-flatten@1.1.1 OK for: express@4.22.1 want: 1.1.1
1093 silly placeDep ROOT body-parser@1.20.4 OK for: express@4.22.1 want: ~1.20.3
1094 silly placeDep ROOT content-disposition@0.5.4 OK for: express@4.22.1 want: ~0.5.4
1095 silly placeDep ROOT content-type@1.0.5 OK for: express@4.22.1 want: ~1.0.4
1096 silly placeDep ROOT debug@2.6.9 OK for: express@4.22.1 want: 2.6.9
1097 silly placeDep ROOT depd@2.0.0 OK for: express@4.22.1 want: 2.0.0
1098 silly placeDep ROOT encodeurl@2.0.0 OK for: express@4.22.1 want: ~2.0.0
1099 silly placeDep ROOT escape-html@1.0.3 OK for: express@4.22.1 want: ~1.0.3
1100 silly placeDep ROOT etag@1.8.1 OK for: express@4.22.1 want: ~1.8.1
1101 silly placeDep ROOT finalhandler@1.3.2 OK for: express@4.22.1 want: ~1.3.1
1102 silly placeDep ROOT fresh@0.5.2 OK for: express@4.22.1 want: ~0.5.2
1103 silly placeDep ROOT http-errors@2.0.1 OK for: express@4.22.1 want: ~2.0.0
1104 silly placeDep ROOT merge-descriptors@1.0.3 OK for: express@4.22.1 want: 1.0.3
1105 silly placeDep ROOT methods@1.1.2 OK for: express@4.22.1 want: ~1.1.2
1106 silly placeDep ROOT on-finished@2.4.1 OK for: express@4.22.1 want: ~2.4.1
1107 silly placeDep ROOT parseurl@1.3.3 OK for: express@4.22.1 want: ~1.3.3
1108 silly placeDep ROOT path-to-regexp@0.1.13 OK for: express@4.22.1 want: ~0.1.12
1109 silly placeDep ROOT proxy-addr@2.0.7 OK for: express@4.22.1 want: ~2.0.7
1110 silly placeDep ROOT qs@6.14.2 OK for: express@4.22.1 want: ~6.14.0
1111 silly placeDep ROOT range-parser@1.2.1 OK for: express@4.22.1 want: ~1.2.1
1112 silly placeDep ROOT safe-buffer@5.2.1 OK for: express@4.22.1 want: 5.2.1
1113 silly placeDep ROOT send@0.19.2 OK for: express@4.22.1 want: ~0.19.0
1114 silly placeDep ROOT serve-static@1.16.3 OK for: express@4.22.1 want: ~1.16.2
1115 silly placeDep ROOT setprototypeof@1.2.0 OK for: express@4.22.1 want: 1.2.0
1116 silly placeDep ROOT statuses@2.0.2 OK for: express@4.22.1 want: ~2.0.1
1117 silly placeDep ROOT type-is@1.6.18 OK for: express@4.22.1 want: ~1.6.18
1118 silly placeDep ROOT utils-merge@1.0.1 OK for: express@4.22.1 want: 1.0.1
1119 silly fetch manifest mime-types@~2.1.34
1120 silly packumentCache full:https://registry.npmjs.org/mime-types cache-miss
1121 silly fetch manifest negotiator@0.6.3
1122 silly packumentCache full:https://registry.npmjs.org/negotiator cache-miss
1123 silly fetch manifest bytes@~3.1.2
1124 silly packumentCache full:https://registry.npmjs.org/bytes cache-miss
1125 silly fetch manifest unpipe@~1.0.0
1126 silly packumentCache full:https://registry.npmjs.org/unpipe cache-miss
1127 silly fetch manifest destroy@~1.2.0
1128 silly packumentCache full:https://registry.npmjs.org/destroy cache-miss
1129 silly fetch manifest raw-body@~2.5.3
1130 silly packumentCache full:https://registry.npmjs.org/raw-body cache-miss
1131 silly fetch manifest iconv-lite@~0.4.24
1132 silly packumentCache full:https://registry.npmjs.org/iconv-lite cache-miss
1133 silly fetch manifest http-errors@~2.0.1
1134 silly packumentCache full:https://registry.npmjs.org/http-errors cache-miss
1135 silly fetch manifest content-type@~1.0.5
1136 silly packumentCache full:https://registry.npmjs.org/content-type cache-miss
1137 silly fetch manifest ms@2.0.0
1138 silly packumentCache full:https://registry.npmjs.org/ms cache-hit
1139 silly fetch manifest unpipe@~1.0.0
1140 silly packumentCache full:https://registry.npmjs.org/unpipe cache-miss
1141 silly fetch manifest statuses@~2.0.2
1142 silly packumentCache full:https://registry.npmjs.org/statuses cache-miss
1143 silly fetch manifest inherits@~2.0.4
1144 silly packumentCache full:https://registry.npmjs.org/inherits cache-miss
1145 silly fetch manifest setprototypeof@~1.2.0
1146 silly packumentCache full:https://registry.npmjs.org/setprototypeof cache-miss
1147 http cache https://registry.npmjs.org/setprototypeof 6ms (cache hit)
1148 silly packumentCache full:https://registry.npmjs.org/setprototypeof set size:14532 disposed:false
1149 silly fetch manifest statuses@~2.0.2
1150 silly packumentCache full:https://registry.npmjs.org/statuses cache-miss
1151 http cache https://registry.npmjs.org/statuses 7ms (cache hit)
1152 silly packumentCache full:https://registry.npmjs.org/statuses set size:37117 disposed:false
1153 silly fetch manifest toidentifier@~1.0.1
1154 silly packumentCache full:https://registry.npmjs.org/toidentifier cache-miss
1155 http cache https://registry.npmjs.org/content-type 9ms (cache hit)
1156 silly packumentCache full:https://registry.npmjs.org/content-type set size:17311 disposed:false
1157 silly fetch manifest ee-first@1.1.1
1158 silly packumentCache full:https://registry.npmjs.org/ee-first cache-miss
1159 http cache https://registry.npmjs.org/http-errors 10ms (cache hit)
1160 silly packumentCache full:https://registry.npmjs.org/http-errors set size:71987 disposed:false
1161 silly fetch manifest forwarded@0.2.0
1162 silly packumentCache full:https://registry.npmjs.org/forwarded cache-miss
1163 http cache https://registry.npmjs.org/mime-types 12ms (cache hit)
1164 silly packumentCache full:https://registry.npmjs.org/mime-types set size:139110 disposed:false
1165 silly fetch manifest ipaddr.js@1.9.1
1166 silly packumentCache full:https://registry.npmjs.org/ipaddr.js cache-miss
1167 http cache https://registry.npmjs.org/statuses 5ms (cache hit)
1168 silly packumentCache full:https://registry.npmjs.org/statuses set size:37117 disposed:false
1169 silly packumentCache full:https://registry.npmjs.org/statuses dispose
1170 silly fetch manifest side-channel@^1.1.0
1171 silly packumentCache full:https://registry.npmjs.org/side-channel cache-miss
1172 http fetch GET 200 https://registry.npmjs.org/destroy 62ms (cache miss)
1173 silly packumentCache full:https://registry.npmjs.org/destroy set size:undefined disposed:false
1174 silly fetch manifest mime@1.6.0
1175 silly packumentCache full:https://registry.npmjs.org/mime cache-miss
1176 http fetch GET 200 https://registry.npmjs.org/unpipe 62ms (cache miss)
1177 silly packumentCache full:https://registry.npmjs.org/unpipe set size:undefined disposed:false
1178 silly fetch manifest destroy@1.2.0
1179 silly packumentCache full:https://registry.npmjs.org/destroy cache-miss
1180 http cache https://registry.npmjs.org/destroy 3ms (cache hit)
1181 silly packumentCache full:https://registry.npmjs.org/destroy set size:15738 disposed:false
1182 silly fetch manifest mime-types@~2.1.24
1183 silly packumentCache full:https://registry.npmjs.org/mime-types cache-hit
1184 silly fetch manifest media-typer@0.3.0
1185 silly packumentCache full:https://registry.npmjs.org/media-typer cache-miss
1186 http fetch GET 200 https://registry.npmjs.org/inherits 68ms (cache miss)
1187 silly packumentCache full:https://registry.npmjs.org/inherits set size:undefined disposed:false
1188 http fetch GET 200 https://registry.npmjs.org/unpipe 71ms (cache miss)
1189 silly packumentCache full:https://registry.npmjs.org/unpipe set size:undefined disposed:false
1190 http fetch GET 200 https://registry.npmjs.org/toidentifier 65ms (cache miss)
1191 silly packumentCache full:https://registry.npmjs.org/toidentifier set size:undefined disposed:false
1192 http fetch GET 200 https://registry.npmjs.org/ee-first 65ms (cache miss)
1193 silly packumentCache full:https://registry.npmjs.org/ee-first set size:undefined disposed:false
1194 http fetch GET 200 https://registry.npmjs.org/negotiator 81ms (cache miss)
1195 silly packumentCache full:https://registry.npmjs.org/negotiator set size:undefined disposed:false
1196 http fetch GET 200 https://registry.npmjs.org/bytes 83ms (cache miss)
1197 silly packumentCache full:https://registry.npmjs.org/bytes set size:undefined disposed:false
1198 http fetch GET 200 https://registry.npmjs.org/side-channel 75ms (cache miss)
1199 silly packumentCache full:https://registry.npmjs.org/side-channel set size:undefined disposed:false
1200 http fetch GET 200 https://registry.npmjs.org/ipaddr.js 78ms (cache miss)
1201 silly packumentCache full:https://registry.npmjs.org/ipaddr.js set size:undefined disposed:false
1202 http fetch GET 200 https://registry.npmjs.org/iconv-lite 89ms (cache miss)
1203 silly packumentCache full:https://registry.npmjs.org/iconv-lite set size:undefined disposed:false
1204 http fetch GET 200 https://registry.npmjs.org/forwarded 80ms (cache miss)
1205 silly packumentCache full:https://registry.npmjs.org/forwarded set size:undefined disposed:false
1206 http fetch GET 200 https://registry.npmjs.org/raw-body 144ms (cache miss)
1207 silly packumentCache full:https://registry.npmjs.org/raw-body set size:undefined disposed:false
1208 http fetch GET 200 https://registry.npmjs.org/mime 83ms (cache miss)
1209 silly packumentCache full:https://registry.npmjs.org/mime set size:undefined disposed:false
1210 http fetch GET 200 https://registry.npmjs.org/media-typer 79ms (cache miss)
1211 silly packumentCache full:https://registry.npmjs.org/media-typer set size:undefined disposed:false
1212 silly placeDep ROOT mime-types@2.1.35 OK for: accepts@1.3.8 want: ~2.1.34
1213 silly placeDep ROOT negotiator@0.6.3 OK for: accepts@1.3.8 want: 0.6.3
1214 silly fetch manifest mime-db@1.52.0
1215 silly packumentCache full:https://registry.npmjs.org/mime-db cache-miss
1216 http fetch GET 200 https://registry.npmjs.org/mime-db 95ms (cache miss)
1217 silly packumentCache full:https://registry.npmjs.org/mime-db set size:undefined disposed:false
1218 silly placeDep ROOT bytes@3.1.2 OK for: body-parser@1.20.4 want: ~3.1.2
1219 silly placeDep ROOT destroy@1.2.0 OK for: body-parser@1.20.4 want: ~1.2.0
1220 silly placeDep ROOT iconv-lite@0.4.24 OK for: body-parser@1.20.4 want: ~0.4.24
1221 silly placeDep ROOT raw-body@2.5.3 OK for: body-parser@1.20.4 want: ~2.5.3
1222 silly placeDep ROOT unpipe@1.0.0 OK for: body-parser@1.20.4 want: ~1.0.0
1223 silly fetch manifest safer-buffer@>= 2.1.2 < 3
1224 silly packumentCache full:https://registry.npmjs.org/safer-buffer cache-miss
1225 http fetch GET 200 https://registry.npmjs.org/safer-buffer 81ms (cache miss)
1226 silly packumentCache full:https://registry.npmjs.org/safer-buffer set size:undefined disposed:false
1227 silly placeDep ROOT ms@2.0.0 OK for: debug@2.6.9 want: 2.0.0
1228 silly placeDep ROOT lodash@4.18.1 OK for: express-validator@7.3.2 want: ^4.18.1
1229 silly placeDep ROOT validator@13.15.35 OK for: express-validator@7.3.2 want: ~13.15.23
1230 silly placeDep ROOT @nodable/entities@2.1.0 OK for: fast-xml-parser@5.7.1 want: ^2.1.0
1231 silly placeDep ROOT fast-xml-builder@1.1.5 OK for: fast-xml-parser@5.7.1 want: ^1.1.5
1232 silly placeDep ROOT path-expression-matcher@1.5.0 OK for: fast-xml-parser@5.7.1 want: ^1.5.0
1233 silly placeDep ROOT strnum@2.2.3 OK for: fast-xml-parser@5.7.1 want: ^2.2.3
1234 silly fetch manifest path-expression-matcher@^1.1.3
1235 silly packumentCache full:https://registry.npmjs.org/path-expression-matcher cache-miss
1236 http cache https://registry.npmjs.org/path-expression-matcher 5ms (cache hit)
1237 silly packumentCache full:https://registry.npmjs.org/path-expression-matcher set size:48511 disposed:false
1238 silly placeDep ROOT base64-js@1.5.1 OK for: google-auth-library@9.15.1 want: ^1.3.0
1239 silly placeDep ROOT ecdsa-sig-formatter@1.0.11 OK for: google-auth-library@9.15.1 want: ^1.0.11
1240 silly placeDep ROOT gaxios@6.7.1 OK for: google-auth-library@9.15.1 want: ^6.1.1
1241 silly placeDep ROOT gcp-metadata@6.1.1 OK for: google-auth-library@9.15.1 want: ^6.1.0
1242 silly placeDep ROOT gtoken@7.1.0 OK for: google-auth-library@9.15.1 want: ^7.0.0
1243 silly placeDep ROOT jws@4.0.1 OK for: google-auth-library@9.15.1 want: ^4.0.0
1244 silly fetch manifest uuid@^9.0.1
1245 silly packumentCache full:https://registry.npmjs.org/uuid cache-miss
1246 silly fetch manifest extend@^3.0.2
1247 silly packumentCache full:https://registry.npmjs.org/extend cache-miss
1248 silly fetch manifest is-stream@^2.0.0
1249 silly packumentCache full:https://registry.npmjs.org/is-stream cache-miss
1250 silly fetch manifest node-fetch@^2.6.9
1251 silly packumentCache full:https://registry.npmjs.org/node-fetch cache-miss
1252 silly fetch manifest https-proxy-agent@^7.0.1
1253 silly packumentCache full:https://registry.npmjs.org/https-proxy-agent cache-miss
1254 silly fetch manifest json-bigint@^1.0.0
1255 silly packumentCache full:https://registry.npmjs.org/json-bigint cache-miss
1256 silly fetch manifest google-logging-utils@^0.0.2
1257 silly packumentCache full:https://registry.npmjs.org/google-logging-utils cache-miss
1258 silly fetch manifest jwa@^2.0.1
1259 silly packumentCache full:https://registry.npmjs.org/jwa cache-miss
1260 http cache https://registry.npmjs.org/extend 14ms (cache hit)
1261 silly packumentCache full:https://registry.npmjs.org/extend set size:25974 disposed:false
1262 http cache https://registry.npmjs.org/https-proxy-agent 13ms (cache hit)
1263 silly packumentCache full:https://registry.npmjs.org/https-proxy-agent set size:81258 disposed:false
1264 http cache https://registry.npmjs.org/uuid 16ms (cache hit)
1265 silly packumentCache full:https://registry.npmjs.org/uuid set size:233177 disposed:false
1266 http fetch GET 200 https://registry.npmjs.org/jwa 92ms (cache miss)
1267 silly packumentCache full:https://registry.npmjs.org/jwa set size:undefined disposed:false
1268 http fetch GET 200 https://registry.npmjs.org/json-bigint 99ms (cache miss)
1269 silly packumentCache full:https://registry.npmjs.org/json-bigint set size:undefined disposed:false
1270 http fetch GET 200 https://registry.npmjs.org/google-logging-utils 116ms (cache miss)
1271 silly packumentCache full:https://registry.npmjs.org/google-logging-utils set size:undefined disposed:false
1272 http fetch GET 200 https://registry.npmjs.org/node-fetch 334ms (cache miss)
1273 silly packumentCache full:https://registry.npmjs.org/node-fetch set size:undefined disposed:false
1274 http fetch GET 200 https://registry.npmjs.org/is-stream 366ms (cache miss)
1275 silly packumentCache full:https://registry.npmjs.org/is-stream set size:undefined disposed:false
1276 silly fetch manifest encoding@^0.1.0
1277 silly packumentCache full:https://registry.npmjs.org/encoding cache-miss
1278 http fetch GET 200 https://registry.npmjs.org/encoding 62ms (cache miss)
1279 silly packumentCache full:https://registry.npmjs.org/encoding set size:undefined disposed:false
1280 silly placeDep ROOT extend@3.0.2 OK for: gaxios@6.7.1 want: ^3.0.2
1281 silly placeDep ROOT https-proxy-agent@7.0.6 OK for: gaxios@6.7.1 want: ^7.0.1
1282 silly placeDep ROOT is-stream@2.0.1 OK for: gaxios@6.7.1 want: ^2.0.0
1283 silly placeDep ROOT node-fetch@2.7.0 OK for: gaxios@6.7.1 want: ^2.6.9
1284 silly placeDep ROOT uuid@9.0.1 OK for: gaxios@6.7.1 want: ^9.0.1
1285 silly fetch manifest debug@4
1286 silly packumentCache full:https://registry.npmjs.org/debug cache-miss
1287 silly fetch manifest agent-base@^7.1.2
1288 silly packumentCache full:https://registry.npmjs.org/agent-base cache-miss
1289 silly fetch manifest whatwg-url@^5.0.0
1290 silly packumentCache full:https://registry.npmjs.org/whatwg-url cache-miss
1291 http cache https://registry.npmjs.org/debug 9ms (cache hit)
1292 silly packumentCache full:https://registry.npmjs.org/debug set size:195840 disposed:false
1293 http fetch GET 200 https://registry.npmjs.org/agent-base 121ms (cache miss)
1294 silly packumentCache full:https://registry.npmjs.org/agent-base set size:undefined disposed:false
1295 http fetch GET 200 https://registry.npmjs.org/whatwg-url 217ms (cache miss)
1296 silly packumentCache full:https://registry.npmjs.org/whatwg-url set size:undefined disposed:false
1297 silly placeDep ROOT google-logging-utils@0.0.2 OK for: gcp-metadata@6.1.1 want: ^0.0.2
1298 silly placeDep ROOT json-bigint@1.0.0 OK for: gcp-metadata@6.1.1 want: ^1.0.0
1299 silly fetch manifest bignumber.js@^9.0.0
1300 silly packumentCache full:https://registry.npmjs.org/bignumber.js cache-miss
1301 http fetch GET 200 https://registry.npmjs.org/bignumber.js 64ms (cache miss)
1302 silly packumentCache full:https://registry.npmjs.org/bignumber.js set size:undefined disposed:false
1303 silly placeDep ROOT inherits@2.0.4 OK for: http-errors@2.0.1 want: ~2.0.4
1304 silly placeDep ROOT toidentifier@1.0.1 OK for: http-errors@2.0.1 want: ~1.0.1
1305 silly placeDep ROOT agent-base@7.1.4 OK for: https-proxy-agent@7.0.6 want: ^7.1.2
1306 silly placeDep node_modules/https-proxy-agent debug@4.4.3 OK for: https-proxy-agent@7.0.6 want: 4
1307 silly fetch manifest ms@^2.1.3
1308 silly packumentCache full:https://registry.npmjs.org/ms cache-hit
1309 silly placeDep ROOT safer-buffer@2.1.2 OK for: iconv-lite@0.4.24 want: >= 2.1.2 < 3
1310 silly placeDep ROOT bignumber.js@9.3.1 OK for: json-bigint@1.0.0 want: ^9.0.0
1311 silly placeDep ROOT lodash.includes@4.3.0 OK for: jsonwebtoken@9.0.3 want: ^4.3.0
1312 silly placeDep ROOT lodash.isboolean@3.0.3 OK for: jsonwebtoken@9.0.3 want: ^3.0.3
1313 silly placeDep ROOT lodash.isinteger@4.0.4 OK for: jsonwebtoken@9.0.3 want: ^4.0.4
1314 silly placeDep ROOT lodash.isnumber@3.0.3 OK for: jsonwebtoken@9.0.3 want: ^3.0.3
1315 silly placeDep ROOT lodash.isplainobject@4.0.6 OK for: jsonwebtoken@9.0.3 want: ^4.0.6
1316 silly placeDep ROOT lodash.isstring@4.0.1 OK for: jsonwebtoken@9.0.3 want: ^4.0.1
1317 silly placeDep ROOT lodash.once@4.1.1 OK for: jsonwebtoken@9.0.3 want: ^4.0.0
1318 silly placeDep node_modules/jsonwebtoken ms@2.1.3 OK for: jsonwebtoken@9.0.3 want: ^2.1.1
1319 silly placeDep ROOT semver@7.7.4 OK for: jsonwebtoken@9.0.3 want: ^7.5.4
1320 silly placeDep ROOT jwa@2.0.1 OK for: jws@4.0.1 want: ^2.0.1
1321 silly fetch manifest buffer-equal-constant-time@^1.0.1
1322 silly packumentCache full:https://registry.npmjs.org/buffer-equal-constant-time cache-miss
1323 http fetch GET 200 https://registry.npmjs.org/buffer-equal-constant-time 80ms (cache miss)
1324 silly packumentCache full:https://registry.npmjs.org/buffer-equal-constant-time set size:undefined disposed:false
1325 silly placeDep ROOT buffer-equal-constant-time@1.0.1 OK for: jwa@2.0.1 want: ^1.0.1
1326 silly placeDep ROOT mime-db@1.52.0 OK for: mime-types@2.1.35 want: 1.52.0
1327 silly fetch manifest @aws-sdk/credential-providers@^3.188.0
1328 silly packumentCache full:https://registry.npmjs.org/@aws-sdk%2fcredential-providers cache-miss
1329 http fetch GET 200 https://registry.npmjs.org/@aws-sdk%2fcredential-providers 589ms (cache miss)
1330 silly packumentCache full:https://registry.npmjs.org/@aws-sdk%2fcredential-providers set size:undefined disposed:false
1331 silly fetch manifest @mongodb-js/zstd@^1.1.0 || ^2.0.0
1332 silly packumentCache full:https://registry.npmjs.org/@mongodb-js%2fzstd cache-miss
1333 http fetch GET 200 https://registry.npmjs.org/@mongodb-js%2fzstd 109ms (cache miss)
1334 silly packumentCache full:https://registry.npmjs.org/@mongodb-js%2fzstd set size:undefined disposed:false
1335 silly fetch manifest gcp-metadata@^5.2.0
1336 silly packumentCache full:https://registry.npmjs.org/gcp-metadata cache-miss
1337 http cache https://registry.npmjs.org/gcp-metadata 13ms (cache hit)
1338 silly packumentCache full:https://registry.npmjs.org/gcp-metadata set size:191448 disposed:false
1339 silly fetch manifest kerberos@^2.0.1
1340 silly packumentCache full:https://registry.npmjs.org/kerberos cache-miss
1341 http fetch GET 200 https://registry.npmjs.org/kerberos 167ms (cache miss)
1342 silly packumentCache full:https://registry.npmjs.org/kerberos set size:undefined disposed:false
1343 silly fetch manifest mongodb-client-encryption@>=6.0.0 <7
1344 silly packumentCache full:https://registry.npmjs.org/mongodb-client-encryption cache-miss
1345 http fetch GET 200 https://registry.npmjs.org/mongodb-client-encryption 101ms (cache miss)
1346 silly packumentCache full:https://registry.npmjs.org/mongodb-client-encryption set size:undefined disposed:false
1347 silly fetch manifest snappy@^7.3.2
1348 silly packumentCache full:https://registry.npmjs.org/snappy cache-miss
1349 http fetch GET 200 https://registry.npmjs.org/snappy 119ms (cache miss)
1350 silly packumentCache full:https://registry.npmjs.org/snappy set size:undefined disposed:false
1351 silly fetch manifest socks@^2.7.1
1352 silly packumentCache full:https://registry.npmjs.org/socks cache-miss
1353 http fetch GET 200 https://registry.npmjs.org/socks 153ms (cache miss)
1354 silly packumentCache full:https://registry.npmjs.org/socks set size:undefined disposed:false
1355 silly placeDep ROOT bson@6.10.4 OK for: mongoose@8.23.1 want: ^6.10.4
1356 silly placeDep ROOT kareem@2.6.3 OK for: mongoose@8.23.1 want: 2.6.3
1357 silly placeDep node_modules/mongoose mongodb@6.20.0 OK for: mongoose@8.23.1 want: ~6.20.0
1358 silly placeDep node_modules/mongoose gcp-metadata@5.3.0 OK for: mongodb@6.20.0 want: ^5.2.0
1359 silly placeDep ROOT mpath@0.9.0 OK for: mongoose@8.23.1 want: 0.9.0
1360 silly placeDep ROOT mquery@5.0.0 OK for: mongoose@8.23.1 want: 5.0.0
1361 silly placeDep node_modules/mongoose ms@2.1.3 OK for: mongoose@8.23.1 want: 2.1.3
1362 silly placeDep ROOT sift@17.1.3 OK for: mongoose@8.23.1 want: 17.1.3
1363 silly fetch manifest @mongodb-js/saslprep@^1.3.0
1364 silly packumentCache full:https://registry.npmjs.org/@mongodb-js%2fsaslprep cache-miss
1365 silly fetch manifest mongodb-connection-string-url@^3.0.2
1366 silly packumentCache full:https://registry.npmjs.org/mongodb-connection-string-url cache-miss
1367 silly fetch manifest gaxios@^5.0.0
1368 silly packumentCache full:https://registry.npmjs.org/gaxios cache-miss
1369 silly fetch manifest debug@4.x
1370 silly packumentCache full:https://registry.npmjs.org/debug cache-hit
1371 http cache https://registry.npmjs.org/gaxios 13ms (cache hit)
1372 silly packumentCache full:https://registry.npmjs.org/gaxios set size:345358 disposed:false
1373 http fetch GET 200 https://registry.npmjs.org/mongodb-connection-string-url 106ms (cache miss)
1374 silly packumentCache full:https://registry.npmjs.org/mongodb-connection-string-url set size:undefined disposed:false
1375 http fetch GET 200 https://registry.npmjs.org/@mongodb-js%2fsaslprep 455ms (cache miss)
1376 silly packumentCache full:https://registry.npmjs.org/@mongodb-js%2fsaslprep set size:undefined disposed:false
1377 silly placeDep node_modules/mquery debug@4.4.3 OK for: mquery@5.0.0 want: 4.x
1378 silly placeDep ROOT append-field@1.0.0 OK for: multer@1.4.5-lts.2 want: ^1.0.0
1379 silly placeDep ROOT busboy@1.6.0 OK for: multer@1.4.5-lts.2 want: ^1.0.0
1380 silly placeDep ROOT concat-stream@1.6.2 OK for: multer@1.4.5-lts.2 want: ^1.5.2
1381 silly placeDep ROOT mkdirp@0.5.6 OK for: multer@1.4.5-lts.2 want: ^0.5.4
1382 silly placeDep ROOT xtend@4.0.2 OK for: multer@1.4.5-lts.2 want: ^4.0.0
1383 silly fetch manifest streamsearch@^1.1.0
1384 silly packumentCache full:https://registry.npmjs.org/streamsearch cache-miss
1385 silly fetch manifest buffer-from@^1.0.0
1386 silly packumentCache full:https://registry.npmjs.org/buffer-from cache-miss
1387 silly fetch manifest readable-stream@^2.2.2
1388 silly packumentCache full:https://registry.npmjs.org/readable-stream cache-miss
1389 silly fetch manifest typedarray@^0.0.6
1390 silly packumentCache full:https://registry.npmjs.org/typedarray cache-miss
1391 silly fetch manifest minimist@^1.2.6
1392 silly packumentCache full:https://registry.npmjs.org/minimist cache-miss
1393 http fetch GET 200 https://registry.npmjs.org/streamsearch 66ms (cache miss)
1394 silly packumentCache full:https://registry.npmjs.org/streamsearch set size:undefined disposed:false
1395 http fetch GET 200 https://registry.npmjs.org/typedarray 66ms (cache miss)
1396 silly packumentCache full:https://registry.npmjs.org/typedarray set size:undefined disposed:false
1397 http fetch GET 200 https://registry.npmjs.org/buffer-from 76ms (cache miss)
1398 silly packumentCache full:https://registry.npmjs.org/buffer-from set size:undefined disposed:false
1399 http fetch GET 200 https://registry.npmjs.org/minimist 207ms (cache miss)
1400 silly packumentCache full:https://registry.npmjs.org/minimist set size:undefined disposed:false
1401 http fetch GET 200 https://registry.npmjs.org/readable-stream 208ms (cache miss)
1402 silly packumentCache full:https://registry.npmjs.org/readable-stream set size:undefined disposed:false
1403 silly placeDep ROOT streamsearch@1.1.0 OK for: busboy@1.6.0 want: ^1.1.0
1404 silly placeDep ROOT buffer-from@1.1.2 OK for: concat-stream@1.6.2 want: ^1.0.0
1405 silly placeDep ROOT readable-stream@2.3.8 OK for: concat-stream@1.6.2 want: ^2.2.2
1406 silly placeDep ROOT typedarray@0.0.6 OK for: concat-stream@1.6.2 want: ^0.0.6
1407 silly fetch manifest isarray@~1.0.0
1408 silly packumentCache full:https://registry.npmjs.org/isarray cache-miss
1409 silly fetch manifest safe-buffer@~5.1.1
1410 silly packumentCache full:https://registry.npmjs.org/safe-buffer cache-hit
1411 silly fetch manifest core-util-is@~1.0.0
1412 silly packumentCache full:https://registry.npmjs.org/core-util-is cache-miss
1413 silly fetch manifest string_decoder@~1.1.1
1414 silly packumentCache full:https://registry.npmjs.org/string_decoder cache-miss
1415 silly fetch manifest util-deprecate@~1.0.1
1416 silly packumentCache full:https://registry.npmjs.org/util-deprecate cache-miss
1417 silly fetch manifest process-nextick-args@~2.0.0
1418 silly packumentCache full:https://registry.npmjs.org/process-nextick-args cache-miss
1419 http fetch GET 200 https://registry.npmjs.org/util-deprecate 59ms (cache miss)
1420 silly packumentCache full:https://registry.npmjs.org/util-deprecate set size:undefined disposed:false
1421 http fetch GET 200 https://registry.npmjs.org/core-util-is 62ms (cache miss)
1422 silly packumentCache full:https://registry.npmjs.org/core-util-is set size:undefined disposed:false
1423 http fetch GET 200 https://registry.npmjs.org/isarray 77ms (cache miss)
1424 silly packumentCache full:https://registry.npmjs.org/isarray set size:undefined disposed:false
1425 http fetch GET 200 https://registry.npmjs.org/process-nextick-args 76ms (cache miss)
1426 silly packumentCache full:https://registry.npmjs.org/process-nextick-args set size:undefined disposed:false
1427 http fetch GET 200 https://registry.npmjs.org/string_decoder 77ms (cache miss)
1428 silly packumentCache full:https://registry.npmjs.org/string_decoder set size:undefined disposed:false
1429 silly placeDep ROOT minimist@1.2.8 OK for: mkdirp@0.5.6 want: ^1.2.6
1430 silly placeDep ROOT whatwg-url@5.0.0 OK for: node-fetch@2.7.0 want: ^5.0.0
1431 silly fetch manifest tr46@~0.0.3
1432 silly packumentCache full:https://registry.npmjs.org/tr46 cache-miss
1433 silly fetch manifest webidl-conversions@^3.0.0
1434 silly packumentCache full:https://registry.npmjs.org/webidl-conversions cache-miss
1435 http fetch GET 200 https://registry.npmjs.org/webidl-conversions 76ms (cache miss)
1436 silly packumentCache full:https://registry.npmjs.org/webidl-conversions set size:undefined disposed:false
1437 http fetch GET 200 https://registry.npmjs.org/tr46 84ms (cache miss)
1438 silly packumentCache full:https://registry.npmjs.org/tr46 set size:undefined disposed:false
1439 silly placeDep ROOT ee-first@1.1.1 OK for: on-finished@2.4.1 want: 1.1.1
1440 silly placeDep ROOT forwarded@0.2.0 OK for: proxy-addr@2.0.7 want: 0.2.0
1441 silly placeDep ROOT ipaddr.js@1.9.1 OK for: proxy-addr@2.0.7 want: 1.9.1
1442 silly placeDep ROOT side-channel@1.1.0 OK for: qs@6.14.2 want: ^1.1.0
1443 silly fetch manifest es-errors@^1.3.0
1444 silly packumentCache full:https://registry.npmjs.org/es-errors cache-miss
1445 silly fetch manifest object-inspect@^1.13.3
1446 silly packumentCache full:https://registry.npmjs.org/object-inspect cache-miss
1447 silly fetch manifest side-channel-list@^1.0.0
1448 silly packumentCache full:https://registry.npmjs.org/side-channel-list cache-miss
1449 silly fetch manifest side-channel-map@^1.0.1
1450 silly packumentCache full:https://registry.npmjs.org/side-channel-map cache-miss
1451 silly fetch manifest side-channel-weakmap@^1.0.2
1452 silly packumentCache full:https://registry.npmjs.org/side-channel-weakmap cache-miss
1453 http fetch GET 200 https://registry.npmjs.org/side-channel-list 66ms (cache miss)
1454 silly packumentCache full:https://registry.npmjs.org/side-channel-list set size:undefined disposed:false
1455 http fetch GET 200 https://registry.npmjs.org/es-errors 73ms (cache miss)
1456 silly packumentCache full:https://registry.npmjs.org/es-errors set size:undefined disposed:false
1457 http fetch GET 200 https://registry.npmjs.org/side-channel-weakmap 86ms (cache miss)
1458 silly packumentCache full:https://registry.npmjs.org/side-channel-weakmap set size:undefined disposed:false
1459 http fetch GET 200 https://registry.npmjs.org/side-channel-map 92ms (cache miss)
1460 silly packumentCache full:https://registry.npmjs.org/side-channel-map set size:undefined disposed:false
1461 http fetch GET 200 https://registry.npmjs.org/object-inspect 93ms (cache miss)
1462 silly packumentCache full:https://registry.npmjs.org/object-inspect set size:undefined disposed:false
1463 silly placeDep ROOT core-util-is@1.0.3 OK for: readable-stream@2.3.8 want: ~1.0.0
1464 silly placeDep ROOT isarray@1.0.0 OK for: readable-stream@2.3.8 want: ~1.0.0
1465 silly placeDep ROOT process-nextick-args@2.0.1 OK for: readable-stream@2.3.8 want: ~2.0.0
1466 silly placeDep node_modules/readable-stream safe-buffer@5.1.2 OK for: readable-stream@2.3.8 want: ~5.1.1
1467 silly placeDep ROOT string_decoder@1.1.1 OK for: readable-stream@2.3.8 want: ~1.1.1
1468 silly placeDep ROOT util-deprecate@1.0.2 OK for: readable-stream@2.3.8 want: ~1.0.1
1469 silly fetch manifest safe-buffer@~5.1.0
1470 silly packumentCache full:https://registry.npmjs.org/safe-buffer cache-hit
1471 silly placeDep ROOT aws-sign2@0.7.0 OK for: request@2.88.2 want: ~0.7.0
1472 silly placeDep ROOT aws4@1.13.2 OK for: request@2.88.2 want: ^1.8.0
1473 silly placeDep ROOT caseless@0.12.0 OK for: request@2.88.2 want: ~0.12.0
1474 silly placeDep ROOT combined-stream@1.0.8 OK for: request@2.88.2 want: ~1.0.6
1475 silly placeDep ROOT forever-agent@0.6.1 OK for: request@2.88.2 want: ~0.6.1
1476 silly placeDep ROOT form-data@2.3.3 OK for: request@2.88.2 want: ~2.3.2
1477 silly placeDep ROOT har-validator@5.1.5 OK for: request@2.88.2 want: ~5.1.3
1478 silly placeDep ROOT http-signature@1.2.0 OK for: request@2.88.2 want: ~1.2.0
1479 silly placeDep ROOT is-typedarray@1.0.0 OK for: request@2.88.2 want: ~1.0.0
1480 silly placeDep ROOT isstream@0.1.2 OK for: request@2.88.2 want: ~0.1.2
1481 silly placeDep ROOT json-stringify-safe@5.0.1 OK for: request@2.88.2 want: ~5.0.1
1482 silly placeDep ROOT oauth-sign@0.9.0 OK for: request@2.88.2 want: ~0.9.0
1483 silly placeDep ROOT performance-now@2.1.0 OK for: request@2.88.2 want: ^2.1.0
1484 silly placeDep node_modules/request qs@6.5.5 OK for: request@2.88.2 want: ~6.5.2
1485 silly placeDep ROOT tough-cookie@2.5.0 OK for: request@2.88.2 want: ~2.5.0
1486 silly placeDep ROOT tunnel-agent@0.6.0 OK for: request@2.88.2 want: ^0.6.0
1487 silly placeDep node_modules/request uuid@3.4.0 OK for: request@2.88.2 want: ^3.3.2
1488 silly fetch manifest delayed-stream@~1.0.0
1489 silly packumentCache full:https://registry.npmjs.org/delayed-stream cache-miss
1490 silly fetch manifest asynckit@^0.4.0
1491 silly packumentCache full:https://registry.npmjs.org/asynckit cache-miss
1492 silly fetch manifest ajv@^6.12.3
1493 silly packumentCache full:https://registry.npmjs.org/ajv cache-miss
1494 silly fetch manifest har-schema@^2.0.0
1495 silly packumentCache full:https://registry.npmjs.org/har-schema cache-miss
1496 silly fetch manifest sshpk@^1.7.0
1497 silly packumentCache full:https://registry.npmjs.org/sshpk cache-miss
1498 silly fetch manifest jsprim@^1.2.2
1499 silly packumentCache full:https://registry.npmjs.org/jsprim cache-miss
1500 silly fetch manifest assert-plus@^1.0.0
1501 silly packumentCache full:https://registry.npmjs.org/assert-plus cache-miss
1502 silly fetch manifest psl@^1.1.28
1503 silly packumentCache full:https://registry.npmjs.org/psl cache-miss
1504 silly fetch manifest punycode@^2.1.1
1505 silly packumentCache full:https://registry.npmjs.org/punycode cache-miss
1506 http fetch GET 200 https://registry.npmjs.org/asynckit 59ms (cache miss)
1507 silly packumentCache full:https://registry.npmjs.org/asynckit set size:undefined disposed:false
1508 http fetch GET 200 https://registry.npmjs.org/punycode 69ms (cache miss)
1509 silly packumentCache full:https://registry.npmjs.org/punycode set size:undefined disposed:false
1510 http fetch GET 200 https://registry.npmjs.org/sshpk 73ms (cache miss)
1511 silly packumentCache full:https://registry.npmjs.org/sshpk set size:undefined disposed:false
1512 http fetch GET 200 https://registry.npmjs.org/assert-plus 78ms (cache miss)
1513 silly packumentCache full:https://registry.npmjs.org/assert-plus set size:undefined disposed:false
1514 http fetch GET 200 https://registry.npmjs.org/delayed-stream 78ms (cache miss)
1515 silly packumentCache full:https://registry.npmjs.org/delayed-stream set size:undefined disposed:false
1516 http fetch GET 200 https://registry.npmjs.org/jsprim 89ms (cache miss)
1517 silly packumentCache full:https://registry.npmjs.org/jsprim set size:undefined disposed:false
1518 http fetch GET 200 https://registry.npmjs.org/psl 175ms (cache miss)
1519 silly packumentCache full:https://registry.npmjs.org/psl set size:undefined disposed:false
1520 http fetch GET 200 https://registry.npmjs.org/ajv 176ms (cache miss)
1521 silly packumentCache full:https://registry.npmjs.org/ajv set size:undefined disposed:false
1522 http fetch GET 200 https://registry.npmjs.org/har-schema 349ms (cache miss)
1523 silly packumentCache full:https://registry.npmjs.org/har-schema set size:undefined disposed:false
1524 silly placeDep ROOT delayed-stream@1.0.0 OK for: combined-stream@1.0.8 want: ~1.0.0
1525 silly placeDep ROOT asynckit@0.4.0 OK for: form-data@2.3.3 want: ^0.4.0
1526 silly placeDep ROOT ajv@6.15.0 OK for: har-validator@5.1.5 want: ^6.12.3
1527 silly placeDep ROOT har-schema@2.0.0 OK for: har-validator@5.1.5 want: ^2.0.0
1528 silly fetch manifest uri-js@^4.2.2
1529 silly packumentCache full:https://registry.npmjs.org/uri-js cache-miss
1530 silly fetch manifest fast-deep-equal@^3.1.1
1531 silly packumentCache full:https://registry.npmjs.org/fast-deep-equal cache-miss
1532 silly fetch manifest json-schema-traverse@^0.4.1
1533 silly packumentCache full:https://registry.npmjs.org/json-schema-traverse cache-miss
1534 silly fetch manifest fast-json-stable-stringify@^2.0.0
1535 silly packumentCache full:https://registry.npmjs.org/fast-json-stable-stringify cache-miss
1536 http fetch GET 200 https://registry.npmjs.org/uri-js 69ms (cache miss)
1537 silly packumentCache full:https://registry.npmjs.org/uri-js set size:undefined disposed:false
1538 http fetch GET 200 https://registry.npmjs.org/fast-json-stable-stringify 71ms (cache miss)
1539 silly packumentCache full:https://registry.npmjs.org/fast-json-stable-stringify set size:undefined disposed:false
1540 http fetch GET 200 https://registry.npmjs.org/json-schema-traverse 82ms (cache miss)
1541 silly packumentCache full:https://registry.npmjs.org/json-schema-traverse set size:undefined disposed:false
1542 http fetch GET 200 https://registry.npmjs.org/fast-deep-equal 107ms (cache miss)
1543 silly packumentCache full:https://registry.npmjs.org/fast-deep-equal set size:undefined disposed:false
1544 silly placeDep ROOT fast-deep-equal@3.1.3 OK for: ajv@6.15.0 want: ^3.1.1
1545 silly placeDep ROOT fast-json-stable-stringify@2.1.0 OK for: ajv@6.15.0 want: ^2.0.0
1546 silly placeDep ROOT json-schema-traverse@0.4.1 OK for: ajv@6.15.0 want: ^0.4.1
1547 silly placeDep ROOT uri-js@4.4.1 OK for: ajv@6.15.0 want: ^4.2.2
1548 silly fetch manifest punycode@^2.1.0
1549 silly packumentCache full:https://registry.npmjs.org/punycode cache-miss
1550 http cache https://registry.npmjs.org/punycode 4ms (cache hit)
1551 silly packumentCache full:https://registry.npmjs.org/punycode set size:61302 disposed:false
1552 silly placeDep ROOT assert-plus@1.0.0 OK for: http-signature@1.2.0 want: ^1.0.0
1553 silly placeDep ROOT jsprim@1.4.2 OK for: http-signature@1.2.0 want: ^1.2.2
1554 silly placeDep ROOT sshpk@1.18.0 OK for: http-signature@1.2.0 want: ^1.7.0
1555 silly fetch manifest verror@1.10.0
1556 silly packumentCache full:https://registry.npmjs.org/verror cache-miss
1557 silly fetch manifest extsprintf@1.3.0
1558 silly packumentCache full:https://registry.npmjs.org/extsprintf cache-miss
1559 silly fetch manifest json-schema@0.4.0
1560 silly packumentCache full:https://registry.npmjs.org/json-schema cache-miss
1561 silly fetch manifest asn1@~0.2.3
1562 silly packumentCache full:https://registry.npmjs.org/asn1 cache-miss
1563 silly fetch manifest jsbn@~0.1.0
1564 silly packumentCache full:https://registry.npmjs.org/jsbn cache-miss
1565 silly fetch manifest getpass@^0.1.1
1566 silly packumentCache full:https://registry.npmjs.org/getpass cache-miss
1567 silly fetch manifest dashdash@^1.12.0
1568 silly packumentCache full:https://registry.npmjs.org/dashdash cache-miss
1569 silly fetch manifest ecc-jsbn@~0.1.1
1570 silly packumentCache full:https://registry.npmjs.org/ecc-jsbn cache-miss
1571 silly fetch manifest tweetnacl@~0.14.0
1572 silly packumentCache full:https://registry.npmjs.org/tweetnacl cache-miss
1573 silly fetch manifest bcrypt-pbkdf@^1.0.0
1574 silly packumentCache full:https://registry.npmjs.org/bcrypt-pbkdf cache-miss
1575 http fetch GET 200 https://registry.npmjs.org/getpass 70ms (cache miss)
1576 silly packumentCache full:https://registry.npmjs.org/getpass set size:undefined disposed:false
1577 http fetch GET 200 https://registry.npmjs.org/json-schema 71ms (cache miss)
1578 silly packumentCache full:https://registry.npmjs.org/json-schema set size:undefined disposed:false
1579 http fetch GET 200 https://registry.npmjs.org/ecc-jsbn 74ms (cache miss)
1580 silly packumentCache full:https://registry.npmjs.org/ecc-jsbn set size:undefined disposed:false
1581 http fetch GET 200 https://registry.npmjs.org/dashdash 79ms (cache miss)
1582 silly packumentCache full:https://registry.npmjs.org/dashdash set size:undefined disposed:false
1583 http fetch GET 200 https://registry.npmjs.org/asn1 100ms (cache miss)
1584 silly packumentCache full:https://registry.npmjs.org/asn1 set size:undefined disposed:false
1585 http fetch GET 200 https://registry.npmjs.org/jsbn 328ms (cache miss)
1586 silly packumentCache full:https://registry.npmjs.org/jsbn set size:undefined disposed:false
1587 http fetch GET 200 https://registry.npmjs.org/verror 330ms (cache miss)
1588 silly packumentCache full:https://registry.npmjs.org/verror set size:undefined disposed:false
1589 http fetch GET 200 https://registry.npmjs.org/bcrypt-pbkdf 344ms (cache miss)
1590 silly packumentCache full:https://registry.npmjs.org/bcrypt-pbkdf set size:undefined disposed:false
1591 http fetch GET 200 https://registry.npmjs.org/tweetnacl 352ms (cache miss)
1592 silly packumentCache full:https://registry.npmjs.org/tweetnacl set size:undefined disposed:false
1593 http fetch GET 200 https://registry.npmjs.org/extsprintf 884ms (cache miss)
1594 silly packumentCache full:https://registry.npmjs.org/extsprintf set size:undefined disposed:false
1595 silly placeDep ROOT extsprintf@1.3.0 OK for: jsprim@1.4.2 want: 1.3.0
1596 silly placeDep ROOT json-schema@0.4.0 OK for: jsprim@1.4.2 want: 0.4.0
1597 silly placeDep ROOT verror@1.10.0 OK for: jsprim@1.4.2 want: 1.10.0
1598 silly fetch manifest core-util-is@1.0.2
1599 silly packumentCache full:https://registry.npmjs.org/core-util-is cache-miss
1600 http cache https://registry.npmjs.org/core-util-is 7ms (cache hit)
1601 silly packumentCache full:https://registry.npmjs.org/core-util-is set size:7163 disposed:false
1602 silly placeDep ROOT eslint@8.57.1 OK for: rewire@7.0.0 want: ^8.47.0
1603 silly fetch manifest levn@^0.4.1
1604 silly packumentCache full:https://registry.npmjs.org/levn cache-miss
1605 silly fetch manifest chalk@^4.0.0
1606 silly packumentCache full:https://registry.npmjs.org/chalk cache-miss
1607 silly fetch manifest debug@^4.3.2
1608 silly packumentCache full:https://registry.npmjs.org/debug cache-hit
1609 silly fetch manifest espree@^9.6.1
1610 silly packumentCache full:https://registry.npmjs.org/espree cache-miss
1611 silly fetch manifest ignore@^5.2.0
1612 silly packumentCache full:https://registry.npmjs.org/ignore cache-miss
1613 silly fetch manifest esquery@^1.4.2
1614 silly packumentCache full:https://registry.npmjs.org/esquery cache-miss
1615 silly fetch manifest esutils@^2.0.2
1616 silly packumentCache full:https://registry.npmjs.org/esutils cache-miss
1617 silly fetch manifest find-up@^5.0.0
1618 silly packumentCache full:https://registry.npmjs.org/find-up cache-miss
1619 silly fetch manifest globals@^13.19.0
1620 silly packumentCache full:https://registry.npmjs.org/globals cache-miss
1621 silly fetch manifest is-glob@^4.0.0
1622 silly packumentCache full:https://registry.npmjs.org/is-glob cache-miss
1623 silly fetch manifest js-yaml@^4.1.0
1624 silly packumentCache full:https://registry.npmjs.org/js-yaml cache-miss
1625 silly fetch manifest doctrine@^3.0.0
1626 silly packumentCache full:https://registry.npmjs.org/doctrine cache-miss
1627 silly fetch manifest graphemer@^1.4.0
1628 silly packumentCache full:https://registry.npmjs.org/graphemer cache-miss
1629 silly fetch manifest minimatch@^3.1.2
1630 silly packumentCache full:https://registry.npmjs.org/minimatch cache-miss
1631 http fetch GET 200 https://registry.npmjs.org/esquery 71ms (cache miss)
1632 silly packumentCache full:https://registry.npmjs.org/esquery set size:undefined disposed:false
1633 silly fetch manifest @eslint/js@8.57.1
1634 silly packumentCache full:https://registry.npmjs.org/@eslint%2fjs cache-miss
1635 http fetch GET 200 https://registry.npmjs.org/find-up 80ms (cache miss)
1636 silly packumentCache full:https://registry.npmjs.org/find-up set size:undefined disposed:false
1637 silly fetch manifest optionator@^0.9.3
1638 silly packumentCache full:https://registry.npmjs.org/optionator cache-miss
1639 http fetch GET 200 https://registry.npmjs.org/levn 85ms (cache miss)
1640 silly packumentCache full:https://registry.npmjs.org/levn set size:undefined disposed:false
1641 silly fetch manifest strip-ansi@^6.0.1
1642 silly packumentCache full:https://registry.npmjs.org/strip-ansi cache-miss
1643 http fetch GET 200 https://registry.npmjs.org/graphemer 174ms (cache miss)
1644 silly packumentCache full:https://registry.npmjs.org/graphemer set size:undefined disposed:false
1645 silly fetch manifest text-table@^0.2.0
1646 silly packumentCache full:https://registry.npmjs.org/text-table cache-miss
1647 http fetch GET 200 https://registry.npmjs.org/esutils 176ms (cache miss)
1648 silly packumentCache full:https://registry.npmjs.org/esutils set size:undefined disposed:false
1649 silly fetch manifest cross-spawn@^7.0.2
1650 silly packumentCache full:https://registry.npmjs.org/cross-spawn cache-miss
1651 http fetch GET 200 https://registry.npmjs.org/optionator 96ms (cache miss)
1652 silly packumentCache full:https://registry.npmjs.org/optionator set size:undefined disposed:false
1653 silly fetch manifest glob-parent@^6.0.2
1654 silly packumentCache full:https://registry.npmjs.org/glob-parent cache-miss
1655 http fetch GET 200 https://registry.npmjs.org/js-yaml 176ms (cache miss)
1656 silly packumentCache full:https://registry.npmjs.org/js-yaml set size:undefined disposed:false
1657 silly fetch manifest imurmurhash@^0.1.4
1658 silly packumentCache full:https://registry.npmjs.org/imurmurhash cache-miss
1659 http fetch GET 200 https://registry.npmjs.org/minimatch 180ms (cache miss)
1660 silly packumentCache full:https://registry.npmjs.org/minimatch set size:undefined disposed:false
1661 silly fetch manifest eslint-scope@^7.2.2
1662 silly packumentCache full:https://registry.npmjs.org/eslint-scope cache-miss
1663 http fetch GET 200 https://registry.npmjs.org/chalk 197ms (cache miss)
1664 silly packumentCache full:https://registry.npmjs.org/chalk set size:undefined disposed:false
1665 silly fetch manifest lodash.merge@^4.6.2
1666 silly packumentCache full:https://registry.npmjs.org/lodash.merge cache-miss
1667 http fetch GET 200 https://registry.npmjs.org/is-glob 198ms (cache miss)
1668 silly packumentCache full:https://registry.npmjs.org/is-glob set size:undefined disposed:false
1669 silly fetch manifest is-path-inside@^3.0.3
1670 silly packumentCache full:https://registry.npmjs.org/is-path-inside cache-miss
1671 http fetch GET 200 https://registry.npmjs.org/doctrine 223ms (cache miss)
1672 silly packumentCache full:https://registry.npmjs.org/doctrine set size:undefined disposed:false
1673 silly fetch manifest natural-compare@^1.4.0
1674 silly packumentCache full:https://registry.npmjs.org/natural-compare cache-miss
1675 http fetch GET 200 https://registry.npmjs.org/ignore 226ms (cache miss)
1676 silly packumentCache full:https://registry.npmjs.org/ignore set size:undefined disposed:false
1677 silly fetch manifest @eslint/eslintrc@^2.1.4
1678 silly packumentCache full:https://registry.npmjs.org/@eslint%2feslintrc cache-miss
1679 http fetch GET 200 https://registry.npmjs.org/text-table 60ms (cache miss)
1680 silly packumentCache full:https://registry.npmjs.org/text-table set size:undefined disposed:false
1681 silly fetch manifest @nodelib/fs.walk@^1.2.8
1682 silly packumentCache full:https://registry.npmjs.org/@nodelib%2ffs.walk cache-miss
1683 http fetch GET 200 https://registry.npmjs.org/espree 237ms (cache miss)
1684 silly packumentCache full:https://registry.npmjs.org/espree set size:undefined disposed:false
1685 silly fetch manifest file-entry-cache@^6.0.1
1686 silly packumentCache full:https://registry.npmjs.org/file-entry-cache cache-miss
1687 http fetch GET 200 https://registry.npmjs.org/eslint-scope 64ms (cache miss)
1688 silly packumentCache full:https://registry.npmjs.org/eslint-scope set size:undefined disposed:false
1689 silly fetch manifest eslint-visitor-keys@^3.4.3
1690 silly packumentCache full:https://registry.npmjs.org/eslint-visitor-keys cache-miss
1691 http fetch GET 200 https://registry.npmjs.org/imurmurhash 70ms (cache miss)
1692 silly packumentCache full:https://registry.npmjs.org/imurmurhash set size:undefined disposed:false
1693 silly fetch manifest escape-string-regexp@^4.0.0
1694 silly packumentCache full:https://registry.npmjs.org/escape-string-regexp cache-miss
1695 http fetch GET 200 https://registry.npmjs.org/strip-ansi 164ms (cache miss)
1696 silly packumentCache full:https://registry.npmjs.org/strip-ansi set size:undefined disposed:false
1697 silly fetch manifest @ungap/structured-clone@^1.2.0
1698 silly packumentCache full:https://registry.npmjs.org/@ungap%2fstructured-clone cache-miss
1699 http fetch GET 200 https://registry.npmjs.org/glob-parent 75ms (cache miss)
1700 silly packumentCache full:https://registry.npmjs.org/glob-parent set size:undefined disposed:false
1701 silly fetch manifest @eslint-community/regexpp@^4.6.1
1702 silly packumentCache full:https://registry.npmjs.org/@eslint-community%2fregexpp cache-miss
1703 http fetch GET 200 https://registry.npmjs.org/is-path-inside 69ms (cache miss)
1704 silly packumentCache full:https://registry.npmjs.org/is-path-inside set size:undefined disposed:false
1705 silly fetch manifest @humanwhocodes/config-array@^0.13.0
1706 silly packumentCache full:https://registry.npmjs.org/@humanwhocodes%2fconfig-array cache-miss
1707 http fetch GET 200 https://registry.npmjs.org/globals 273ms (cache miss)
1708 silly packumentCache full:https://registry.npmjs.org/globals set size:undefined disposed:false
1709 silly fetch manifest @eslint-community/eslint-utils@^4.2.0
1710 silly packumentCache full:https://registry.npmjs.org/@eslint-community%2feslint-utils cache-miss
1711 http fetch GET 200 https://registry.npmjs.org/natural-compare 59ms (cache miss)
1712 silly packumentCache full:https://registry.npmjs.org/natural-compare set size:undefined disposed:false
1713 silly fetch manifest @humanwhocodes/module-importer@^1.0.1
1714 silly packumentCache full:https://registry.npmjs.org/@humanwhocodes%2fmodule-importer cache-miss
1715 http fetch GET 200 https://registry.npmjs.org/cross-spawn 118ms (cache miss)
1716 silly packumentCache full:https://registry.npmjs.org/cross-spawn set size:undefined disposed:false
1717 silly fetch manifest json-stable-stringify-without-jsonify@^1.0.1
1718 silly packumentCache full:https://registry.npmjs.org/json-stable-stringify-without-jsonify cache-miss
1719 http fetch GET 200 https://registry.npmjs.org/lodash.merge 101ms (cache miss)
1720 silly packumentCache full:https://registry.npmjs.org/lodash.merge set size:undefined disposed:false
1721 http fetch GET 200 https://registry.npmjs.org/@nodelib%2ffs.walk 78ms (cache miss)
1722 silly packumentCache full:https://registry.npmjs.org/@nodelib%2ffs.walk set size:undefined disposed:false
1723 http fetch GET 200 https://registry.npmjs.org/eslint-visitor-keys 66ms (cache miss)
1724 silly packumentCache full:https://registry.npmjs.org/eslint-visitor-keys set size:undefined disposed:false
1725 http fetch GET 200 https://registry.npmjs.org/@eslint-community%2fregexpp 92ms (cache miss)
1726 silly packumentCache full:https://registry.npmjs.org/@eslint-community%2fregexpp set size:undefined disposed:false
1727 http fetch GET 200 https://registry.npmjs.org/escape-string-regexp 97ms (cache miss)
1728 silly packumentCache full:https://registry.npmjs.org/escape-string-regexp set size:undefined disposed:false
1729 http fetch GET 200 https://registry.npmjs.org/json-stable-stringify-without-jsonify 56ms (cache miss)
1730 silly packumentCache full:https://registry.npmjs.org/json-stable-stringify-without-jsonify set size:undefined disposed:false
1731 http fetch GET 200 https://registry.npmjs.org/@ungap%2fstructured-clone 102ms (cache miss)
1732 silly packumentCache full:https://registry.npmjs.org/@ungap%2fstructured-clone set size:undefined disposed:false
1733 http fetch GET 200 https://registry.npmjs.org/@humanwhocodes%2fmodule-importer 72ms (cache miss)
1734 silly packumentCache full:https://registry.npmjs.org/@humanwhocodes%2fmodule-importer set size:undefined disposed:false
1735 http fetch GET 200 https://registry.npmjs.org/file-entry-cache 116ms (cache miss)
1736 silly packumentCache full:https://registry.npmjs.org/file-entry-cache set size:undefined disposed:false
1737 http fetch GET 200 https://registry.npmjs.org/@humanwhocodes%2fconfig-array 190ms (cache miss)
1738 silly packumentCache full:https://registry.npmjs.org/@humanwhocodes%2fconfig-array set size:undefined disposed:false
1739 http fetch GET 200 https://registry.npmjs.org/@eslint%2fjs 425ms (cache miss)
1740 silly packumentCache full:https://registry.npmjs.org/@eslint%2fjs set size:undefined disposed:false
1741 http fetch GET 200 https://registry.npmjs.org/@eslint-community%2feslint-utils 262ms (cache miss)
1742 silly packumentCache full:https://registry.npmjs.org/@eslint-community%2feslint-utils set size:undefined disposed:false
1743 http fetch GET 200 https://registry.npmjs.org/@eslint%2feslintrc 408ms (cache miss)
1744 silly packumentCache full:https://registry.npmjs.org/@eslint%2feslintrc set size:undefined disposed:false
1745 silly fetch manifest eslint@^6.0.0 || ^7.0.0 || >=8.0.0
1746 silly packumentCache full:https://registry.npmjs.org/eslint cache-miss
1747 http cache https://registry.npmjs.org/eslint 14ms (cache hit)
1748 silly packumentCache full:https://registry.npmjs.org/eslint set size:1983515 disposed:false
1749 silly fetch manifest jiti@*
1750 silly packumentCache full:https://registry.npmjs.org/jiti cache-miss
1751 http fetch GET 200 https://registry.npmjs.org/jiti 339ms (cache miss)
1752 silly packumentCache full:https://registry.npmjs.org/jiti set size:undefined disposed:false
1753 silly placeDep ROOT @eslint-community/eslint-utils@4.9.1 OK for: eslint@8.57.1 want: ^4.2.0
1754 silly placeDep ROOT @eslint-community/regexpp@4.12.2 OK for: eslint@8.57.1 want: ^4.6.1
1755 silly placeDep ROOT @eslint/eslintrc@2.1.4 OK for: eslint@8.57.1 want: ^2.1.4
1756 silly placeDep ROOT @eslint/js@8.57.1 OK for: eslint@8.57.1 want: 8.57.1
1757 silly placeDep ROOT @humanwhocodes/config-array@0.13.0 OK for: eslint@8.57.1 want: ^0.13.0
1758 silly placeDep ROOT @humanwhocodes/module-importer@1.0.1 OK for: eslint@8.57.1 want: ^1.0.1
1759 silly placeDep ROOT @nodelib/fs.walk@1.2.8 OK for: eslint@8.57.1 want: ^1.2.8
1760 silly placeDep ROOT @ungap/structured-clone@1.3.0 OK for: eslint@8.57.1 want: ^1.2.0
1761 silly placeDep ROOT chalk@4.1.2 OK for: eslint@8.57.1 want: ^4.0.0
1762 silly placeDep ROOT cross-spawn@7.0.6 OK for: eslint@8.57.1 want: ^7.0.2
1763 silly placeDep node_modules/eslint debug@4.4.3 OK for: eslint@8.57.1 want: ^4.3.2
1764 silly placeDep ROOT doctrine@3.0.0 OK for: eslint@8.57.1 want: ^3.0.0
1765 silly placeDep ROOT escape-string-regexp@4.0.0 OK for: eslint@8.57.1 want: ^4.0.0
1766 silly placeDep ROOT eslint-scope@7.2.2 OK for: eslint@8.57.1 want: ^7.2.2
1767 silly placeDep ROOT eslint-visitor-keys@3.4.3 OK for: eslint@8.57.1 want: ^3.4.3
1768 silly placeDep ROOT espree@9.6.1 OK for: eslint@8.57.1 want: ^9.6.1
1769 silly placeDep ROOT esquery@1.7.0 OK for: eslint@8.57.1 want: ^1.4.2
1770 silly placeDep ROOT esutils@2.0.3 OK for: eslint@8.57.1 want: ^2.0.2
1771 silly placeDep ROOT file-entry-cache@6.0.1 OK for: eslint@8.57.1 want: ^6.0.1
1772 silly placeDep ROOT find-up@5.0.0 OK for: eslint@8.57.1 want: ^5.0.0
1773 silly placeDep ROOT glob-parent@6.0.2 OK for: eslint@8.57.1 want: ^6.0.2
1774 silly placeDep ROOT globals@13.24.0 OK for: eslint@8.57.1 want: ^13.19.0
1775 silly placeDep ROOT graphemer@1.4.0 OK for: eslint@8.57.1 want: ^1.4.0
1776 silly placeDep ROOT ignore@5.3.2 OK for: eslint@8.57.1 want: ^5.2.0
1777 silly placeDep ROOT imurmurhash@0.1.4 OK for: eslint@8.57.1 want: ^0.1.4
1778 silly placeDep ROOT is-glob@4.0.3 OK for: eslint@8.57.1 want: ^4.0.0
1779 silly placeDep ROOT is-path-inside@3.0.3 OK for: eslint@8.57.1 want: ^3.0.3
1780 silly placeDep ROOT js-yaml@4.1.1 OK for: eslint@8.57.1 want: ^4.1.0
1781 silly placeDep ROOT json-stable-stringify-without-jsonify@1.0.1 OK for: eslint@8.57.1 want: ^1.0.1
1782 silly placeDep ROOT levn@0.4.1 OK for: eslint@8.57.1 want: ^0.4.1
1783 silly placeDep ROOT lodash.merge@4.6.2 OK for: eslint@8.57.1 want: ^4.6.2
1784 silly placeDep ROOT minimatch@3.1.5 OK for: eslint@8.57.1 want: ^3.1.2
1785 silly placeDep ROOT natural-compare@1.4.0 OK for: eslint@8.57.1 want: ^1.4.0
1786 silly placeDep ROOT optionator@0.9.4 OK for: eslint@8.57.1 want: ^0.9.3
1787 silly placeDep ROOT strip-ansi@6.0.1 OK for: eslint@8.57.1 want: ^6.0.1
1788 silly placeDep ROOT text-table@0.2.0 OK for: eslint@8.57.1 want: ^0.2.0
1789 silly fetch manifest espree@^9.6.0
1790 silly packumentCache full:https://registry.npmjs.org/espree cache-miss
1791 silly fetch manifest import-fresh@^3.2.1
1792 silly packumentCache full:https://registry.npmjs.org/import-fresh cache-miss
1793 silly fetch manifest strip-json-comments@^3.1.1
1794 silly packumentCache full:https://registry.npmjs.org/strip-json-comments cache-miss
1795 silly fetch manifest debug@^4.3.1
1796 silly packumentCache full:https://registry.npmjs.org/debug cache-hit
1797 silly fetch manifest minimatch@^3.0.5
1798 silly packumentCache full:https://registry.npmjs.org/minimatch cache-miss
1799 silly fetch manifest @humanwhocodes/object-schema@^2.0.3
1800 silly packumentCache full:https://registry.npmjs.org/@humanwhocodes%2fobject-schema cache-miss
1801 silly fetch manifest fastq@^1.6.0
1802 silly packumentCache full:https://registry.npmjs.org/fastq cache-miss
1803 silly fetch manifest @nodelib/fs.scandir@2.1.5
1804 silly packumentCache full:https://registry.npmjs.org/@nodelib%2ffs.scandir cache-miss
1805 silly fetch manifest ansi-styles@^4.1.0
1806 silly packumentCache full:https://registry.npmjs.org/ansi-styles cache-miss
1807 silly fetch manifest supports-color@^7.1.0
1808 silly packumentCache full:https://registry.npmjs.org/supports-color cache-miss
1809 silly fetch manifest which@^2.0.1
1810 silly packumentCache full:https://registry.npmjs.org/which cache-miss
1811 silly fetch manifest path-key@^3.1.0
1812 silly packumentCache full:https://registry.npmjs.org/path-key cache-miss
1813 silly fetch manifest shebang-command@^2.0.0
1814 silly packumentCache full:https://registry.npmjs.org/shebang-command cache-miss
1815 silly fetch manifest esrecurse@^4.3.0
1816 silly packumentCache full:https://registry.npmjs.org/esrecurse cache-miss
1817 http cache https://registry.npmjs.org/espree 15ms (cache hit)
1818 silly packumentCache full:https://registry.npmjs.org/espree set size:326080 disposed:false
1819 silly fetch manifest estraverse@^5.2.0
1820 silly packumentCache full:https://registry.npmjs.org/estraverse cache-miss
1821 http cache https://registry.npmjs.org/minimatch 16ms (cache hit)
1822 silly packumentCache full:https://registry.npmjs.org/minimatch set size:375282 disposed:false
1823 silly fetch manifest acorn@^8.9.0
1824 silly packumentCache full:https://registry.npmjs.org/acorn cache-miss
1825 http fetch GET 200 https://registry.npmjs.org/import-fresh 53ms (cache miss)
1826 silly packumentCache full:https://registry.npmjs.org/import-fresh set size:undefined disposed:false
1827 silly fetch manifest acorn-jsx@^5.3.2
1828 silly packumentCache full:https://registry.npmjs.org/acorn-jsx cache-miss
1829 http fetch GET 200 https://registry.npmjs.org/strip-json-comments 65ms (cache miss)
1830 silly packumentCache full:https://registry.npmjs.org/strip-json-comments set size:undefined disposed:false
1831 silly fetch manifest estraverse@^5.1.0
1832 silly packumentCache full:https://registry.npmjs.org/estraverse cache-miss
1833 http fetch GET 200 https://registry.npmjs.org/path-key 67ms (cache miss)
1834 silly packumentCache full:https://registry.npmjs.org/path-key set size:undefined disposed:false
1835 silly fetch manifest flat-cache@^3.0.4
1836 silly packumentCache full:https://registry.npmjs.org/flat-cache cache-miss
1837 http fetch GET 200 https://registry.npmjs.org/esrecurse 76ms (cache miss)
1838 silly packumentCache full:https://registry.npmjs.org/esrecurse set size:undefined disposed:false
1839 silly fetch manifest locate-path@^6.0.0
1840 silly packumentCache full:https://registry.npmjs.org/locate-path cache-miss
1841 http fetch GET 200 https://registry.npmjs.org/shebang-command 88ms (cache miss)
1842 silly packumentCache full:https://registry.npmjs.org/shebang-command set size:undefined disposed:false
1843 silly fetch manifest path-exists@^4.0.0
1844 silly packumentCache full:https://registry.npmjs.org/path-exists cache-miss
1845 http fetch GET 200 https://registry.npmjs.org/which 89ms (cache miss)
1846 silly packumentCache full:https://registry.npmjs.org/which set size:undefined disposed:false
1847 silly fetch manifest is-glob@^4.0.3
1848 silly packumentCache full:https://registry.npmjs.org/is-glob cache-miss
1849 http cache https://registry.npmjs.org/is-glob 4ms (cache hit)
1850 silly packumentCache full:https://registry.npmjs.org/is-glob set size:40530 disposed:false
1851 silly fetch manifest type-fest@^0.20.2
1852 silly packumentCache full:https://registry.npmjs.org/type-fest cache-miss
1853 http fetch GET 200 https://registry.npmjs.org/supports-color 115ms (cache miss)
1854 silly packumentCache full:https://registry.npmjs.org/supports-color set size:undefined disposed:false
1855 silly fetch manifest is-extglob@^2.1.1
1856 silly packumentCache full:https://registry.npmjs.org/is-extglob cache-miss
1857 http fetch GET 200 https://registry.npmjs.org/acorn-jsx 63ms (cache miss)
1858 silly packumentCache full:https://registry.npmjs.org/acorn-jsx set size:undefined disposed:false
1859 silly fetch manifest argparse@^2.0.1
1860 silly packumentCache full:https://registry.npmjs.org/argparse cache-miss
1861 http fetch GET 200 https://registry.npmjs.org/estraverse 101ms (cache miss)
1862 silly packumentCache full:https://registry.npmjs.org/estraverse set size:undefined disposed:false
1863 silly fetch manifest prelude-ls@^1.2.1
1864 silly packumentCache full:https://registry.npmjs.org/prelude-ls cache-miss
1865 http fetch GET 200 https://registry.npmjs.org/ansi-styles 118ms (cache miss)
1866 silly packumentCache full:https://registry.npmjs.org/ansi-styles set size:undefined disposed:false
1867 silly fetch manifest type-check@~0.4.0
1868 silly packumentCache full:https://registry.npmjs.org/type-check cache-miss
1869 http fetch GET 200 https://registry.npmjs.org/@nodelib%2ffs.scandir 121ms (cache miss)
1870 silly packumentCache full:https://registry.npmjs.org/@nodelib%2ffs.scandir set size:undefined disposed:false
1871 silly fetch manifest brace-expansion@^1.1.7
1872 silly packumentCache full:https://registry.npmjs.org/brace-expansion cache-miss
1873 http fetch GET 200 https://registry.npmjs.org/estraverse 67ms (cache miss)
1874 silly packumentCache full:https://registry.npmjs.org/estraverse set size:undefined disposed:false
1875 silly fetch manifest prelude-ls@^1.2.1
1876 silly packumentCache full:https://registry.npmjs.org/prelude-ls cache-miss
1877 http fetch GET 200 https://registry.npmjs.org/is-extglob 58ms (cache miss)
1878 silly packumentCache full:https://registry.npmjs.org/is-extglob set size:undefined disposed:false
1879 silly fetch manifest deep-is@^0.1.3
1880 silly packumentCache full:https://registry.npmjs.org/deep-is cache-miss
1881 http fetch GET 200 https://registry.npmjs.org/fastq 177ms (cache miss)
1882 silly packumentCache full:https://registry.npmjs.org/fastq set size:undefined disposed:false
1883 silly fetch manifest word-wrap@^1.2.5
1884 silly packumentCache full:https://registry.npmjs.org/word-wrap cache-miss
1885 http fetch GET 200 https://registry.npmjs.org/prelude-ls 63ms (cache miss)
1886 silly packumentCache full:https://registry.npmjs.org/prelude-ls set size:undefined disposed:false
1887 silly fetch manifest type-check@^0.4.0
1888 silly packumentCache full:https://registry.npmjs.org/type-check cache-miss
1889 http fetch GET 200 https://registry.npmjs.org/prelude-ls 56ms (cache miss)
1890 silly packumentCache full:https://registry.npmjs.org/prelude-ls set size:undefined disposed:false
1891 silly fetch manifest fast-levenshtein@^2.0.6
1892 silly packumentCache full:https://registry.npmjs.org/fast-levenshtein cache-miss
1893 http fetch GET 200 https://registry.npmjs.org/argparse 73ms (cache miss)
1894 silly packumentCache full:https://registry.npmjs.org/argparse set size:undefined disposed:false
1895 silly fetch manifest ansi-regex@^5.0.1
1896 silly packumentCache full:https://registry.npmjs.org/ansi-regex cache-miss
1897 http fetch GET 200 https://registry.npmjs.org/type-check 75ms (cache miss)
1898 silly packumentCache full:https://registry.npmjs.org/type-check set size:undefined disposed:false
1899 http fetch GET 200 https://registry.npmjs.org/flat-cache 132ms (cache miss)
1900 silly packumentCache full:https://registry.npmjs.org/flat-cache set size:undefined disposed:false
1901 http fetch GET 200 https://registry.npmjs.org/brace-expansion 84ms (cache miss)
1902 silly packumentCache full:https://registry.npmjs.org/brace-expansion set size:undefined disposed:false
1903 http fetch GET 200 https://registry.npmjs.org/deep-is 48ms (cache miss)
1904 silly packumentCache full:https://registry.npmjs.org/deep-is set size:undefined disposed:false
1905 http fetch GET 200 https://registry.npmjs.org/type-check 87ms (cache miss)
1906 silly packumentCache full:https://registry.npmjs.org/type-check set size:undefined disposed:false
1907 http fetch GET 200 https://registry.npmjs.org/ansi-regex 85ms (cache miss)
1908 silly packumentCache full:https://registry.npmjs.org/ansi-regex set size:undefined disposed:false
1909 http fetch GET 200 https://registry.npmjs.org/fast-levenshtein 91ms (cache miss)
1910 silly packumentCache full:https://registry.npmjs.org/fast-levenshtein set size:undefined disposed:false
1911 http fetch GET 200 https://registry.npmjs.org/acorn 325ms (cache miss)
1912 silly packumentCache full:https://registry.npmjs.org/acorn set size:undefined disposed:false
1913 http fetch GET 200 https://registry.npmjs.org/locate-path 403ms (cache miss)
1914 silly packumentCache full:https://registry.npmjs.org/locate-path set size:undefined disposed:false
1915 http fetch GET 200 https://registry.npmjs.org/path-exists 394ms (cache miss)
1916 silly packumentCache full:https://registry.npmjs.org/path-exists set size:undefined disposed:false
1917 http fetch GET 200 https://registry.npmjs.org/@humanwhocodes%2fobject-schema 487ms (cache miss)
1918 silly packumentCache full:https://registry.npmjs.org/@humanwhocodes%2fobject-schema set size:undefined disposed:false
1919 http fetch GET 200 https://registry.npmjs.org/word-wrap 373ms (cache miss)
1920 silly packumentCache full:https://registry.npmjs.org/word-wrap set size:undefined disposed:false
1921 http fetch GET 200 https://registry.npmjs.org/type-fest 1083ms (cache miss)
1922 silly packumentCache full:https://registry.npmjs.org/type-fest set size:undefined disposed:false
1923 silly placeDep node_modules/@eslint/eslintrc debug@4.4.3 OK for: @eslint/eslintrc@2.1.4 want: ^4.3.2
1924 silly placeDep ROOT import-fresh@3.3.1 OK for: @eslint/eslintrc@2.1.4 want: ^3.2.1
1925 silly placeDep ROOT strip-json-comments@3.1.1 OK for: @eslint/eslintrc@2.1.4 want: ^3.1.1
1926 silly fetch manifest resolve-from@^4.0.0
1927 silly packumentCache full:https://registry.npmjs.org/resolve-from cache-miss
1928 silly fetch manifest parent-module@^1.0.0
1929 silly packumentCache full:https://registry.npmjs.org/parent-module cache-miss
1930 http fetch GET 200 https://registry.npmjs.org/parent-module 77ms (cache miss)
1931 silly packumentCache full:https://registry.npmjs.org/parent-module set size:undefined disposed:false
1932 http fetch GET 200 https://registry.npmjs.org/resolve-from 349ms (cache miss)
1933 silly packumentCache full:https://registry.npmjs.org/resolve-from set size:undefined disposed:false
1934 silly placeDep ROOT @humanwhocodes/object-schema@2.0.3 OK for: @humanwhocodes/config-array@0.13.0 want: ^2.0.3
1935 silly placeDep node_modules/@humanwhocodes/config-array debug@4.4.3 OK for: @humanwhocodes/config-array@0.13.0 want: ^4.3.1
1936 silly placeDep ROOT @nodelib/fs.scandir@2.1.5 OK for: @nodelib/fs.walk@1.2.8 want: 2.1.5
1937 silly placeDep ROOT fastq@1.20.1 OK for: @nodelib/fs.walk@1.2.8 want: ^1.6.0
1938 silly fetch manifest run-parallel@^1.1.9
1939 silly packumentCache full:https://registry.npmjs.org/run-parallel cache-miss
1940 silly fetch manifest @nodelib/fs.stat@2.0.5
1941 silly packumentCache full:https://registry.npmjs.org/@nodelib%2ffs.stat cache-miss
1942 silly fetch manifest reusify@^1.0.4
1943 silly packumentCache full:https://registry.npmjs.org/reusify cache-miss
1944 http fetch GET 200 https://registry.npmjs.org/reusify 86ms (cache miss)
1945 silly packumentCache full:https://registry.npmjs.org/reusify set size:undefined disposed:false
1946 http fetch GET 200 https://registry.npmjs.org/run-parallel 87ms (cache miss)
1947 silly packumentCache full:https://registry.npmjs.org/run-parallel set size:undefined disposed:false
1948 http fetch GET 200 https://registry.npmjs.org/@nodelib%2ffs.stat 93ms (cache miss)
1949 silly packumentCache full:https://registry.npmjs.org/@nodelib%2ffs.stat set size:undefined disposed:false
1950 silly placeDep ROOT @nodelib/fs.stat@2.0.5 OK for: @nodelib/fs.scandir@2.1.5 want: 2.0.5
1951 silly placeDep ROOT run-parallel@1.2.0 OK for: @nodelib/fs.scandir@2.1.5 want: ^1.1.9
1952 silly fetch manifest queue-microtask@^1.2.2
1953 silly packumentCache full:https://registry.npmjs.org/queue-microtask cache-miss
1954 http fetch GET 200 https://registry.npmjs.org/queue-microtask 67ms (cache miss)
1955 silly packumentCache full:https://registry.npmjs.org/queue-microtask set size:undefined disposed:false
1956 silly placeDep ROOT ansi-styles@4.3.0 OK for: chalk@4.1.2 want: ^4.1.0
1957 silly placeDep ROOT supports-color@7.2.0 OK for: chalk@4.1.2 want: ^7.1.0
1958 silly fetch manifest color-convert@^2.0.1
1959 silly packumentCache full:https://registry.npmjs.org/color-convert cache-miss
1960 silly fetch manifest has-flag@^4.0.0
1961 silly packumentCache full:https://registry.npmjs.org/has-flag cache-miss
1962 http fetch GET 200 https://registry.npmjs.org/has-flag 82ms (cache miss)
1963 silly packumentCache full:https://registry.npmjs.org/has-flag set size:undefined disposed:false
1964 http fetch GET 200 https://registry.npmjs.org/color-convert 96ms (cache miss)
1965 silly packumentCache full:https://registry.npmjs.org/color-convert set size:undefined disposed:false
1966 silly placeDep ROOT color-convert@2.0.1 OK for: ansi-styles@4.3.0 want: ^2.0.1
1967 silly fetch manifest color-name@~1.1.4
1968 silly packumentCache full:https://registry.npmjs.org/color-name cache-miss
1969 http fetch GET 200 https://registry.npmjs.org/color-name 72ms (cache miss)
1970 silly packumentCache full:https://registry.npmjs.org/color-name set size:undefined disposed:false
1971 silly placeDep ROOT color-name@1.1.4 OK for: color-convert@2.0.1 want: ~1.1.4
1972 silly placeDep ROOT path-key@3.1.1 OK for: cross-spawn@7.0.6 want: ^3.1.0
1973 silly placeDep ROOT shebang-command@2.0.0 OK for: cross-spawn@7.0.6 want: ^2.0.0
1974 silly placeDep ROOT which@2.0.2 OK for: cross-spawn@7.0.6 want: ^2.0.1
1975 silly fetch manifest shebang-regex@^3.0.0
1976 silly packumentCache full:https://registry.npmjs.org/shebang-regex cache-miss
1977 silly fetch manifest isexe@^2.0.0
1978 silly packumentCache full:https://registry.npmjs.org/isexe cache-miss
1979 http fetch GET 200 https://registry.npmjs.org/isexe 58ms (cache miss)
1980 silly packumentCache full:https://registry.npmjs.org/isexe set size:undefined disposed:false
1981 http fetch GET 200 https://registry.npmjs.org/shebang-regex 88ms (cache miss)
1982 silly packumentCache full:https://registry.npmjs.org/shebang-regex set size:undefined disposed:false
1983 silly placeDep ROOT esrecurse@4.3.0 OK for: eslint-scope@7.2.2 want: ^4.3.0
1984 silly placeDep ROOT estraverse@5.3.0 OK for: eslint-scope@7.2.2 want: ^5.2.0
1985 silly placeDep ROOT acorn@8.16.0 OK for: espree@9.6.1 want: ^8.9.0
1986 silly placeDep ROOT acorn-jsx@5.3.2 OK for: espree@9.6.1 want: ^5.3.2
1987 silly placeDep ROOT reusify@1.1.0 OK for: fastq@1.20.1 want: ^1.0.4
1988 silly placeDep ROOT flat-cache@3.2.0 OK for: file-entry-cache@6.0.1 want: ^3.0.4
1989 silly fetch manifest keyv@^4.5.3
1990 silly packumentCache full:https://registry.npmjs.org/keyv cache-miss
1991 silly fetch manifest rimraf@^3.0.2
1992 silly packumentCache full:https://registry.npmjs.org/rimraf cache-miss
1993 silly fetch manifest flatted@^3.2.9
1994 silly packumentCache full:https://registry.npmjs.org/flatted cache-miss
1995 http fetch GET 200 https://registry.npmjs.org/flatted 139ms (cache miss)
1996 silly packumentCache full:https://registry.npmjs.org/flatted set size:undefined disposed:false
1997 http fetch GET 200 https://registry.npmjs.org/keyv 276ms (cache miss)
1998 silly packumentCache full:https://registry.npmjs.org/keyv set size:undefined disposed:false
1999 http fetch GET 200 https://registry.npmjs.org/rimraf 281ms (cache miss)
2000 silly packumentCache full:https://registry.npmjs.org/rimraf set size:undefined disposed:false
2001 silly placeDep ROOT locate-path@6.0.0 OK for: find-up@5.0.0 want: ^6.0.0
2002 silly placeDep ROOT path-exists@4.0.0 OK for: find-up@5.0.0 want: ^4.0.0
2003 silly fetch manifest p-locate@^5.0.0
2004 silly packumentCache full:https://registry.npmjs.org/p-locate cache-miss
2005 http fetch GET 200 https://registry.npmjs.org/p-locate 92ms (cache miss)
2006 silly packumentCache full:https://registry.npmjs.org/p-locate set size:undefined disposed:false
2007 silly placeDep ROOT flatted@3.4.2 OK for: flat-cache@3.2.0 want: ^3.2.9
2008 silly placeDep ROOT keyv@4.5.4 OK for: flat-cache@3.2.0 want: ^4.5.3
2009 silly placeDep ROOT rimraf@3.0.2 OK for: flat-cache@3.2.0 want: ^3.0.2
2010 silly fetch manifest json-buffer@3.0.1
2011 silly packumentCache full:https://registry.npmjs.org/json-buffer cache-miss
2012 silly fetch manifest glob@^7.1.3
2013 silly packumentCache full:https://registry.npmjs.org/glob cache-miss
2014 http fetch GET 200 https://registry.npmjs.org/json-buffer 68ms (cache miss)
2015 silly packumentCache full:https://registry.npmjs.org/json-buffer set size:undefined disposed:false
2016 http fetch GET 200 https://registry.npmjs.org/glob 236ms (cache miss)
2017 silly packumentCache full:https://registry.npmjs.org/glob set size:undefined disposed:false
2018 silly placeDep ROOT type-fest@0.20.2 OK for: globals@13.24.0 want: ^0.20.2
2019 silly placeDep ROOT parent-module@1.0.1 OK for: import-fresh@3.3.1 want: ^1.0.0
2020 silly placeDep ROOT resolve-from@4.0.0 OK for: import-fresh@3.3.1 want: ^4.0.0
2021 silly fetch manifest callsites@^3.0.0
2022 silly packumentCache full:https://registry.npmjs.org/callsites cache-miss
2023 http fetch GET 200 https://registry.npmjs.org/callsites 71ms (cache miss)
2024 silly packumentCache full:https://registry.npmjs.org/callsites set size:undefined disposed:false
2025 silly placeDep ROOT is-extglob@2.1.1 OK for: is-glob@4.0.3 want: ^2.1.1
2026 silly placeDep ROOT argparse@2.0.1 OK for: js-yaml@4.1.1 want: ^2.0.1
2027 silly placeDep ROOT json-buffer@3.0.1 OK for: keyv@4.5.4 want: 3.0.1
2028 silly placeDep ROOT prelude-ls@1.2.1 OK for: levn@0.4.1 want: ^1.2.1
2029 silly placeDep ROOT type-check@0.4.0 OK for: levn@0.4.1 want: ~0.4.0
2030 silly placeDep ROOT p-locate@5.0.0 OK for: locate-path@6.0.0 want: ^5.0.0
2031 silly fetch manifest p-limit@^3.0.2
2032 silly packumentCache full:https://registry.npmjs.org/p-limit cache-miss
2033 http fetch GET 200 https://registry.npmjs.org/p-limit 98ms (cache miss)
2034 silly packumentCache full:https://registry.npmjs.org/p-limit set size:undefined disposed:false
2035 silly placeDep ROOT brace-expansion@1.1.14 OK for: minimatch@3.1.5 want: ^1.1.7
2036 silly fetch manifest concat-map@0.0.1
2037 silly packumentCache full:https://registry.npmjs.org/concat-map cache-miss
2038 silly fetch manifest balanced-match@^1.0.0
2039 silly packumentCache full:https://registry.npmjs.org/balanced-match cache-miss
2040 http fetch GET 200 https://registry.npmjs.org/balanced-match 68ms (cache miss)
2041 silly packumentCache full:https://registry.npmjs.org/balanced-match set size:undefined disposed:false
2042 http fetch GET 200 https://registry.npmjs.org/concat-map 87ms (cache miss)
2043 silly packumentCache full:https://registry.npmjs.org/concat-map set size:undefined disposed:false
2044 silly placeDep ROOT balanced-match@1.0.2 OK for: brace-expansion@1.1.14 want: ^1.0.0
2045 silly placeDep ROOT concat-map@0.0.1 OK for: brace-expansion@1.1.14 want: 0.0.1
2046 silly placeDep ROOT deep-is@0.1.4 OK for: optionator@0.9.4 want: ^0.1.3
2047 silly placeDep ROOT fast-levenshtein@2.0.6 OK for: optionator@0.9.4 want: ^2.0.6
2048 silly placeDep ROOT word-wrap@1.2.5 OK for: optionator@0.9.4 want: ^1.2.5
2049 silly placeDep ROOT p-limit@3.1.0 OK for: p-locate@5.0.0 want: ^3.0.2
2050 silly fetch manifest yocto-queue@^0.1.0
2051 silly packumentCache full:https://registry.npmjs.org/yocto-queue cache-miss
2052 http fetch GET 200 https://registry.npmjs.org/yocto-queue 86ms (cache miss)
2053 silly packumentCache full:https://registry.npmjs.org/yocto-queue set size:undefined disposed:false
2054 silly placeDep ROOT yocto-queue@0.1.0 OK for: p-limit@3.1.0 want: ^0.1.0
2055 silly placeDep ROOT callsites@3.1.0 OK for: parent-module@1.0.1 want: ^3.0.0
2056 silly placeDep ROOT glob@7.2.3 OK for: rimraf@3.0.2 want: ^7.1.3
2057 silly fetch manifest once@^1.3.0
2058 silly packumentCache full:https://registry.npmjs.org/once cache-miss
2059 silly fetch manifest inflight@^1.0.4
2060 silly packumentCache full:https://registry.npmjs.org/inflight cache-miss
2061 silly fetch manifest fs.realpath@^1.0.0
2062 silly packumentCache full:https://registry.npmjs.org/fs.realpath cache-miss
2063 silly fetch manifest path-is-absolute@^1.0.0
2064 silly packumentCache full:https://registry.npmjs.org/path-is-absolute cache-miss
2065 http fetch GET 200 https://registry.npmjs.org/fs.realpath 59ms (cache miss)
2066 silly packumentCache full:https://registry.npmjs.org/fs.realpath set size:undefined disposed:false
2067 http fetch GET 200 https://registry.npmjs.org/once 66ms (cache miss)
2068 silly packumentCache full:https://registry.npmjs.org/once set size:undefined disposed:false
2069 http fetch GET 200 https://registry.npmjs.org/inflight 67ms (cache miss)
2070 silly packumentCache full:https://registry.npmjs.org/inflight set size:undefined disposed:false
2071 http fetch GET 200 https://registry.npmjs.org/path-is-absolute 66ms (cache miss)
2072 silly packumentCache full:https://registry.npmjs.org/path-is-absolute set size:undefined disposed:false
2073 silly placeDep ROOT fs.realpath@1.0.0 OK for: glob@7.2.3 want: ^1.0.0
2074 silly placeDep ROOT inflight@1.0.6 OK for: glob@7.2.3 want: ^1.0.4
2075 silly placeDep ROOT once@1.4.0 OK for: glob@7.2.3 want: ^1.3.0
2076 silly placeDep ROOT path-is-absolute@1.0.1 OK for: glob@7.2.3 want: ^1.0.0
2077 silly fetch manifest wrappy@1
2078 silly packumentCache full:https://registry.npmjs.org/wrappy cache-miss
2079 silly fetch manifest wrappy@1
2080 silly packumentCache full:https://registry.npmjs.org/wrappy cache-miss
2081 http fetch GET 200 https://registry.npmjs.org/wrappy 60ms (cache miss)
2082 silly packumentCache full:https://registry.npmjs.org/wrappy set size:undefined disposed:false
2083 http fetch GET 200 https://registry.npmjs.org/wrappy 73ms (cache miss)
2084 silly packumentCache full:https://registry.npmjs.org/wrappy set size:undefined disposed:false
2085 silly placeDep ROOT wrappy@1.0.2 OK for: inflight@1.0.6 want: 1
2086 silly placeDep ROOT queue-microtask@1.2.3 OK for: run-parallel@1.2.0 want: ^1.2.2
2087 silly placeDep ROOT mime@1.6.0 OK for: send@0.19.2 want: 1.6.0
2088 silly placeDep node_modules/send ms@2.1.3 OK for: send@0.19.2 want: 2.1.3
2089 silly placeDep ROOT shebang-regex@3.0.0 OK for: shebang-command@2.0.0 want: ^3.0.0
2090 silly placeDep ROOT es-errors@1.3.0 OK for: side-channel@1.1.0 want: ^1.3.0
2091 silly placeDep ROOT object-inspect@1.13.4 OK for: side-channel@1.1.0 want: ^1.13.3
2092 silly placeDep ROOT side-channel-list@1.0.1 OK for: side-channel@1.1.0 want: ^1.0.0
2093 silly placeDep ROOT side-channel-map@1.0.1 OK for: side-channel@1.1.0 want: ^1.0.1
2094 silly placeDep ROOT side-channel-weakmap@1.0.2 OK for: side-channel@1.1.0 want: ^1.0.2
2095 silly fetch manifest call-bound@^1.0.2
2096 silly packumentCache full:https://registry.npmjs.org/call-bound cache-miss
2097 silly fetch manifest get-intrinsic@^1.2.5
2098 silly packumentCache full:https://registry.npmjs.org/get-intrinsic cache-miss
2099 silly fetch manifest call-bound@^1.0.2
2100 silly packumentCache full:https://registry.npmjs.org/call-bound cache-miss
2101 silly fetch manifest get-intrinsic@^1.2.5
2102 silly packumentCache full:https://registry.npmjs.org/get-intrinsic cache-miss
2103 http fetch GET 200 https://registry.npmjs.org/call-bound 55ms (cache miss)
2104 silly packumentCache full:https://registry.npmjs.org/call-bound set size:undefined disposed:false
2105 http fetch GET 200 https://registry.npmjs.org/get-intrinsic 63ms (cache miss)
2106 silly packumentCache full:https://registry.npmjs.org/get-intrinsic set size:undefined disposed:false
2107 http fetch GET 200 https://registry.npmjs.org/call-bound 64ms (cache miss)
2108 silly packumentCache full:https://registry.npmjs.org/call-bound set size:undefined disposed:false
2109 http fetch GET 200 https://registry.npmjs.org/get-intrinsic 70ms (cache miss)
2110 silly packumentCache full:https://registry.npmjs.org/get-intrinsic set size:undefined disposed:false
2111 silly placeDep ROOT call-bound@1.0.4 OK for: side-channel-map@1.0.1 want: ^1.0.2
2112 silly placeDep ROOT get-intrinsic@1.3.0 OK for: side-channel-map@1.0.1 want: ^1.2.5
2113 silly fetch manifest call-bind-apply-helpers@^1.0.2
2114 silly packumentCache full:https://registry.npmjs.org/call-bind-apply-helpers cache-miss
2115 silly fetch manifest get-intrinsic@^1.3.0
2116 silly packumentCache full:https://registry.npmjs.org/get-intrinsic cache-miss
2117 silly fetch manifest gopd@^1.2.0
2118 silly packumentCache full:https://registry.npmjs.org/gopd cache-miss
2119 silly fetch manifest hasown@^2.0.2
2120 silly packumentCache full:https://registry.npmjs.org/hasown cache-miss
2121 silly fetch manifest get-proto@^1.0.1
2122 silly packumentCache full:https://registry.npmjs.org/get-proto cache-miss
2123 silly fetch manifest has-symbols@^1.1.0
2124 silly packumentCache full:https://registry.npmjs.org/has-symbols cache-miss
2125 silly fetch manifest function-bind@^1.1.2
2126 silly packumentCache full:https://registry.npmjs.org/function-bind cache-miss
2127 silly fetch manifest es-object-atoms@^1.1.1
2128 silly packumentCache full:https://registry.npmjs.org/es-object-atoms cache-miss
2129 silly fetch manifest math-intrinsics@^1.1.0
2130 silly packumentCache full:https://registry.npmjs.org/math-intrinsics cache-miss
2131 silly fetch manifest es-define-property@^1.0.1
2132 silly packumentCache full:https://registry.npmjs.org/es-define-property cache-miss
2133 silly fetch manifest call-bind-apply-helpers@^1.0.2
2134 silly packumentCache full:https://registry.npmjs.org/call-bind-apply-helpers cache-miss
2135 http cache https://registry.npmjs.org/get-intrinsic 7ms (cache hit)
2136 silly packumentCache full:https://registry.npmjs.org/get-intrinsic set size:60985 disposed:false
2137 http fetch GET 200 https://registry.npmjs.org/get-proto 74ms (cache miss)
2138 silly packumentCache full:https://registry.npmjs.org/get-proto set size:undefined disposed:false
2139 http fetch GET 200 https://registry.npmjs.org/es-object-atoms 74ms (cache miss)
2140 silly packumentCache full:https://registry.npmjs.org/es-object-atoms set size:undefined disposed:false
2141 http fetch GET 200 https://registry.npmjs.org/math-intrinsics 74ms (cache miss)
2142 silly packumentCache full:https://registry.npmjs.org/math-intrinsics set size:undefined disposed:false
2143 http fetch GET 200 https://registry.npmjs.org/has-symbols 75ms (cache miss)
2144 silly packumentCache full:https://registry.npmjs.org/has-symbols set size:undefined disposed:false
2145 http fetch GET 200 https://registry.npmjs.org/call-bind-apply-helpers 75ms (cache miss)
2146 silly packumentCache full:https://registry.npmjs.org/call-bind-apply-helpers set size:undefined disposed:false
2147 http fetch GET 200 https://registry.npmjs.org/call-bind-apply-helpers 76ms (cache miss)
2148 silly packumentCache full:https://registry.npmjs.org/call-bind-apply-helpers set size:undefined disposed:false
2149 http fetch GET 200 https://registry.npmjs.org/es-define-property 78ms (cache miss)
2150 silly packumentCache full:https://registry.npmjs.org/es-define-property set size:undefined disposed:false
2151 http fetch GET 200 https://registry.npmjs.org/gopd 101ms (cache miss)
2152 silly packumentCache full:https://registry.npmjs.org/gopd set size:undefined disposed:false
2153 http fetch GET 200 https://registry.npmjs.org/hasown 125ms (cache miss)
2154 silly packumentCache full:https://registry.npmjs.org/hasown set size:undefined disposed:false
2155 http fetch GET 200 https://registry.npmjs.org/function-bind 335ms (cache miss)
2156 silly packumentCache full:https://registry.npmjs.org/function-bind set size:undefined disposed:false
2157 silly placeDep ROOT call-bind-apply-helpers@1.0.2 OK for: call-bound@1.0.4 want: ^1.0.2
2158 silly placeDep ROOT function-bind@1.1.2 OK for: call-bind-apply-helpers@1.0.2 want: ^1.1.2
2159 silly placeDep ROOT es-define-property@1.0.1 OK for: get-intrinsic@1.3.0 want: ^1.0.1
2160 silly placeDep ROOT es-object-atoms@1.1.1 OK for: get-intrinsic@1.3.0 want: ^1.1.1
2161 silly placeDep ROOT get-proto@1.0.1 OK for: get-intrinsic@1.3.0 want: ^1.0.1
2162 silly placeDep ROOT gopd@1.2.0 OK for: get-intrinsic@1.3.0 want: ^1.2.0
2163 silly placeDep ROOT has-symbols@1.1.0 OK for: get-intrinsic@1.3.0 want: ^1.1.0
2164 silly placeDep ROOT hasown@2.0.3 OK for: get-intrinsic@1.3.0 want: ^2.0.2
2165 silly placeDep ROOT math-intrinsics@1.1.0 OK for: get-intrinsic@1.3.0 want: ^1.1.0
2166 silly fetch manifest dunder-proto@^1.0.1
2167 silly packumentCache full:https://registry.npmjs.org/dunder-proto cache-miss
2168 http fetch GET 200 https://registry.npmjs.org/dunder-proto 130ms (cache miss)
2169 silly packumentCache full:https://registry.npmjs.org/dunder-proto set size:undefined disposed:false
2170 silly placeDep ROOT dunder-proto@1.0.1 OK for: get-proto@1.0.1 want: ^1.0.1
2171 silly placeDep ROOT asn1@0.2.6 OK for: sshpk@1.18.0 want: ~0.2.3
2172 silly placeDep ROOT bcrypt-pbkdf@1.0.2 OK for: sshpk@1.18.0 want: ^1.0.0
2173 silly placeDep ROOT dashdash@1.14.1 OK for: sshpk@1.18.0 want: ^1.12.0
2174 silly placeDep ROOT ecc-jsbn@0.1.2 OK for: sshpk@1.18.0 want: ~0.1.1
2175 silly placeDep ROOT getpass@0.1.7 OK for: sshpk@1.18.0 want: ^0.1.1
2176 silly placeDep ROOT jsbn@0.1.1 OK for: sshpk@1.18.0 want: ~0.1.0
2177 silly placeDep ROOT tweetnacl@0.14.5 OK for: sshpk@1.18.0 want: ~0.14.0
2178 silly fetch manifest tweetnacl@^0.14.3
2179 silly packumentCache full:https://registry.npmjs.org/tweetnacl cache-miss
2180 http cache https://registry.npmjs.org/tweetnacl 7ms (cache hit)
2181 silly packumentCache full:https://registry.npmjs.org/tweetnacl set size:79790 disposed:false
2182 silly placeDep node_modules/string_decoder safe-buffer@5.1.2 OK for: string_decoder@1.1.1 want: ~5.1.0
2183 silly placeDep ROOT ansi-regex@5.0.1 OK for: strip-ansi@6.0.1 want: ^5.0.1
2184 silly placeDep ROOT has-flag@4.0.0 OK for: supports-color@7.2.0 want: ^4.0.0
2185 silly placeDep ROOT psl@1.15.0 OK for: tough-cookie@2.5.0 want: ^1.1.28
2186 silly placeDep ROOT punycode@2.3.1 OK for: tough-cookie@2.5.0 want: ^2.1.1
2187 silly fetch manifest punycode@^2.3.1
2188 silly packumentCache full:https://registry.npmjs.org/punycode cache-hit
2189 silly placeDep ROOT axios@1.15.2 OK for: twilio@5.13.1 want: ^1.13.5
2190 silly placeDep ROOT dayjs@1.11.20 OK for: twilio@5.13.1 want: ^1.11.9
2191 silly placeDep node_modules/twilio https-proxy-agent@5.0.1 OK for: twilio@5.13.1 want: ^5.0.0
2192 silly placeDep ROOT scmp@2.1.0 OK for: twilio@5.13.1 want: ^2.1.0
2193 silly placeDep ROOT xmlbuilder@13.0.2 OK for: twilio@5.13.1 want: ^13.0.2
2194 silly fetch manifest follow-redirects@^1.15.11
2195 silly packumentCache full:https://registry.npmjs.org/follow-redirects cache-miss
2196 silly fetch manifest form-data@^4.0.5
2197 silly packumentCache full:https://registry.npmjs.org/form-data cache-miss
2198 silly fetch manifest proxy-from-env@^2.1.0
2199 silly packumentCache full:https://registry.npmjs.org/proxy-from-env cache-miss
2200 silly fetch manifest agent-base@6
2201 silly packumentCache full:https://registry.npmjs.org/agent-base cache-miss
2202 http cache https://registry.npmjs.org/agent-base 6ms (cache hit)
2203 silly packumentCache full:https://registry.npmjs.org/agent-base set size:72085 disposed:false
2204 http cache https://registry.npmjs.org/form-data 8ms (cache hit)
2205 silly packumentCache full:https://registry.npmjs.org/form-data set size:153646 disposed:false
2206 http fetch GET 200 https://registry.npmjs.org/proxy-from-env 85ms (cache miss)
2207 silly packumentCache full:https://registry.npmjs.org/proxy-from-env set size:undefined disposed:false
2208 http fetch GET 200 https://registry.npmjs.org/follow-redirects 176ms (cache miss)
2209 silly packumentCache full:https://registry.npmjs.org/follow-redirects set size:undefined disposed:false
2210 silly placeDep ROOT follow-redirects@1.16.0 OK for: axios@1.15.2 want: ^1.15.11
2211 silly placeDep node_modules/axios form-data@4.0.5 OK for: axios@1.15.2 want: ^4.0.5
2212 silly placeDep ROOT proxy-from-env@2.1.0 OK for: axios@1.15.2 want: ^2.1.0
2213 silly fetch manifest es-set-tostringtag@^2.1.0
2214 silly packumentCache full:https://registry.npmjs.org/es-set-tostringtag cache-miss
2215 http fetch GET 200 https://registry.npmjs.org/es-set-tostringtag 64ms (cache miss)
2216 silly packumentCache full:https://registry.npmjs.org/es-set-tostringtag set size:undefined disposed:false
2217 silly placeDep ROOT media-typer@0.3.0 OK for: type-is@1.6.18 want: 0.3.0
2218 silly placeDep node_modules/verror core-util-is@1.0.2 OK for: verror@1.10.0 want: 1.0.2
2219 silly placeDep ROOT tr46@0.0.3 OK for: whatwg-url@5.0.0 want: ~0.0.3
2220 silly placeDep ROOT webidl-conversions@3.0.1 OK for: whatwg-url@5.0.0 want: ^3.0.0
2221 silly placeDep ROOT isexe@2.0.0 OK for: which@2.0.2 want: ^2.0.0
2222 silly placeDep node_modules/@aws-crypto/sha1-browser @smithy/util-buffer-from@2.2.0 OK for: @smithy/util-utf8@2.3.0 want: ^2.2.0
2223 silly fetch manifest @smithy/is-array-buffer@^2.2.0
2224 silly packumentCache full:https://registry.npmjs.org/@smithy%2fis-array-buffer cache-miss
2225 http cache https://registry.npmjs.org/@smithy%2fis-array-buffer 5ms (cache hit)
2226 silly packumentCache full:https://registry.npmjs.org/@smithy%2fis-array-buffer set size:40555 disposed:false
2227 silly placeDep node_modules/@aws-crypto/sha1-browser @smithy/is-array-buffer@2.2.0 OK for: @smithy/util-buffer-from@2.2.0 want: ^2.2.0
2228 silly placeDep node_modules/@aws-crypto/sha256-browser @smithy/util-buffer-from@2.2.0 OK for: @smithy/util-utf8@2.3.0 want: ^2.2.0
2229 silly placeDep node_modules/@aws-crypto/sha256-browser @smithy/is-array-buffer@2.2.0 OK for: @smithy/util-buffer-from@2.2.0 want: ^2.2.0
2230 silly placeDep node_modules/@aws-crypto/util @smithy/util-buffer-from@2.2.0 OK for: @smithy/util-utf8@2.3.0 want: ^2.2.0
2231 silly placeDep node_modules/@aws-crypto/util @smithy/is-array-buffer@2.2.0 OK for: @smithy/util-buffer-from@2.2.0 want: ^2.2.0
2232 silly placeDep node_modules/@eslint/eslintrc ms@2.1.3 OK for: debug@4.4.3 want: ^2.1.3
2233 silly placeDep node_modules/@humanwhocodes/config-array ms@2.1.3 OK for: debug@4.4.3 want: ^2.1.3
2234 silly placeDep ROOT es-set-tostringtag@2.1.0 OK for: form-data@4.0.5 want: ^2.1.0
2235 silly fetch manifest has-tostringtag@^1.0.2
2236 silly packumentCache full:https://registry.npmjs.org/has-tostringtag cache-miss
2237 http fetch GET 200 https://registry.npmjs.org/has-tostringtag 70ms (cache miss)
2238 silly packumentCache full:https://registry.npmjs.org/has-tostringtag set size:undefined disposed:false
2239 silly placeDep ROOT has-tostringtag@1.0.2 OK for: es-set-tostringtag@2.1.0 want: ^1.0.2
2240 silly placeDep node_modules/eslint ms@2.1.3 OK for: debug@4.4.3 want: ^2.1.3
2241 silly placeDep node_modules/https-proxy-agent ms@2.1.3 OK for: debug@4.4.3 want: ^2.1.3
2242 silly placeDep node_modules/mongoose gaxios@5.1.3 OK for: gcp-metadata@5.3.0 want: ^5.0.0
2243 silly placeDep node_modules/mongoose https-proxy-agent@5.0.1 OK for: gaxios@5.1.3 want: ^5.0.0
2244 silly placeDep node_modules/mongoose agent-base@6.0.2 OK for: https-proxy-agent@5.0.1 want: 6
2245 silly placeDep node_modules/mongoose debug@4.4.3 OK for: https-proxy-agent@5.0.1 want: 4
2246 silly placeDep ROOT @mongodb-js/saslprep@1.4.9 OK for: mongodb@6.20.0 want: ^1.3.0
2247 silly placeDep ROOT mongodb-connection-string-url@3.0.2 OK for: mongodb@6.20.0 want: ^3.0.2
2248 silly fetch manifest sparse-bitfield@^3.0.3
2249 silly packumentCache full:https://registry.npmjs.org/sparse-bitfield cache-miss
2250 silly fetch manifest whatwg-url@^14.1.0 || ^13.0.0
2251 silly packumentCache full:https://registry.npmjs.org/whatwg-url cache-miss
2252 silly fetch manifest @types/whatwg-url@^11.0.2
2253 silly packumentCache full:https://registry.npmjs.org/@types%2fwhatwg-url cache-miss
2254 http cache https://registry.npmjs.org/whatwg-url 11ms (cache hit)
2255 silly packumentCache full:https://registry.npmjs.org/whatwg-url set size:170765 disposed:false
2256 http fetch GET 200 https://registry.npmjs.org/sparse-bitfield 73ms (cache miss)
2257 silly packumentCache full:https://registry.npmjs.org/sparse-bitfield set size:undefined disposed:false
2258 http fetch GET 200 https://registry.npmjs.org/@types%2fwhatwg-url 123ms (cache miss)
2259 silly packumentCache full:https://registry.npmjs.org/@types%2fwhatwg-url set size:undefined disposed:false
2260 silly placeDep ROOT sparse-bitfield@3.0.3 OK for: @mongodb-js/saslprep@1.4.9 want: ^3.0.3
2261 silly fetch manifest memory-pager@^1.0.2
2262 silly packumentCache full:https://registry.npmjs.org/memory-pager cache-miss
2263 http fetch GET 200 https://registry.npmjs.org/memory-pager 375ms (cache miss)
2264 silly packumentCache full:https://registry.npmjs.org/memory-pager set size:undefined disposed:false
2265 silly placeDep ROOT @types/whatwg-url@11.0.5 OK for: mongodb-connection-string-url@3.0.2 want: ^11.0.2
2266 silly placeDep node_modules/mongodb-connection-string-url whatwg-url@14.2.0 OK for: mongodb-connection-string-url@3.0.2 want: ^14.1.0 || ^13.0.0
2267 silly fetch manifest @types/webidl-conversions@*
2268 silly packumentCache full:https://registry.npmjs.org/@types%2fwebidl-conversions cache-miss
2269 silly fetch manifest tr46@^5.1.0
2270 silly packumentCache full:https://registry.npmjs.org/tr46 cache-miss
2271 silly fetch manifest webidl-conversions@^7.0.0
2272 silly packumentCache full:https://registry.npmjs.org/webidl-conversions cache-miss
2273 http cache https://registry.npmjs.org/webidl-conversions 7ms (cache hit)
2274 silly packumentCache full:https://registry.npmjs.org/webidl-conversions set size:46073 disposed:false
2275 http cache https://registry.npmjs.org/tr46 8ms (cache hit)
2276 silly packumentCache full:https://registry.npmjs.org/tr46 set size:47377 disposed:false
2277 http fetch GET 200 https://registry.npmjs.org/@types%2fwebidl-conversions 362ms (cache miss)
2278 silly packumentCache full:https://registry.npmjs.org/@types%2fwebidl-conversions set size:undefined disposed:false
2279 silly placeDep ROOT @types/webidl-conversions@7.0.3 OK for: @types/whatwg-url@11.0.5 want: *
2280 silly placeDep ROOT memory-pager@1.5.0 OK for: sparse-bitfield@3.0.3 want: ^1.0.2
2281 silly placeDep node_modules/mongodb-connection-string-url tr46@5.1.1 OK for: whatwg-url@14.2.0 want: ^5.1.0
2282 silly placeDep node_modules/mongodb-connection-string-url webidl-conversions@7.0.0 OK for: whatwg-url@14.2.0 want: ^7.0.0
2283 silly placeDep node_modules/mquery ms@2.1.3 OK for: debug@4.4.3 want: ^2.1.3
2284 silly placeDep node_modules/twilio agent-base@6.0.2 OK for: https-proxy-agent@5.0.1 want: 6
2285 silly placeDep node_modules/twilio debug@4.4.3 OK for: https-proxy-agent@5.0.1 want: 4
2286 silly placeDep node_modules/twilio ms@2.1.3 OK for: debug@4.4.3 want: ^2.1.3
2287 silly reify moves {}
2288 silly audit bulk request {
2288 silly audit   '@aws-sdk/client-s3': [ '3.1036.0' ],
2288 silly audit   '@aws-sdk/s3-request-presigner': [ '3.1036.0' ],
2288 silly audit   '@getbrevo/brevo': [ '2.5.0' ],
2288 silly audit   bcryptjs: [ '2.4.3' ],
2288 silly audit   'cookie-parser': [ '1.4.7' ],
2288 silly audit   cors: [ '2.8.6' ],
2288 silly audit   dotenv: [ '16.6.1' ],
2288 silly audit   express: [ '4.22.1' ],
2288 silly audit   'express-validator': [ '7.3.2' ],
2288 silly audit   'google-auth-library': [ '9.15.1' ],
2288 silly audit   jsonwebtoken: [ '9.0.3' ],
2288 silly audit   mongoose: [ '8.23.1' ],
2288 silly audit   multer: [ '1.4.5-lts.2' ],
2288 silly audit   stripe: [ '22.1.0' ],
2288 silly audit   twilio: [ '5.13.1' ],
2288 silly audit   '@aws-crypto/sha1-browser': [ '5.2.0' ],
2288 silly audit   '@aws-crypto/sha256-browser': [ '5.2.0' ],
2288 silly audit   '@aws-crypto/sha256-js': [ '5.2.0' ],
2288 silly audit   '@aws-sdk/core': [ '3.974.5' ],
2288 silly audit   '@aws-sdk/credential-provider-node': [ '3.972.36' ],
2288 silly audit   '@aws-sdk/middleware-bucket-endpoint': [ '3.972.10' ],
2288 silly audit   '@aws-sdk/middleware-expect-continue': [ '3.972.10' ],
2288 silly audit   '@aws-sdk/middleware-flexible-checksums': [ '3.974.13' ],
2288 silly audit   '@aws-sdk/middleware-host-header': [ '3.972.10' ],
2288 silly audit   '@aws-sdk/middleware-location-constraint': [ '3.972.10' ],
2288 silly audit   '@aws-sdk/middleware-logger': [ '3.972.10' ],
2288 silly audit   '@aws-sdk/middleware-recursion-detection': [ '3.972.11' ],
2288 silly audit   '@aws-sdk/middleware-sdk-s3': [ '3.972.34' ],
2288 silly audit   '@aws-sdk/middleware-ssec': [ '3.972.10' ],
2288 silly audit   '@aws-sdk/middleware-user-agent': [ '3.972.35' ],
2288 silly audit   '@aws-sdk/region-config-resolver': [ '3.972.13' ],
2288 silly audit   '@aws-sdk/signature-v4-multi-region': [ '3.996.22' ],
2288 silly audit   '@aws-sdk/types': [ '3.973.8' ],
2288 silly audit   '@aws-sdk/util-endpoints': [ '3.996.8' ],
2288 silly audit   '@aws-sdk/util-user-agent-browser': [ '3.972.10' ],
2288 silly audit   '@aws-sdk/util-user-agent-node': [ '3.973.21' ],
2288 silly audit   '@smithy/config-resolver': [ '4.4.17' ],
2288 silly audit   '@smithy/core': [ '3.23.17' ],
2288 silly audit   '@smithy/eventstream-serde-browser': [ '4.2.14' ],
2288 silly audit   '@smithy/eventstream-serde-config-resolver': [ '4.3.14' ],
2288 silly audit   '@smithy/eventstream-serde-node': [ '4.2.14' ],
2288 silly audit   '@smithy/fetch-http-handler': [ '5.3.17' ],
2288 silly audit   '@smithy/hash-blob-browser': [ '4.2.15' ],
2288 silly audit   '@smithy/hash-node': [ '4.2.14' ],
2288 silly audit   '@smithy/hash-stream-node': [ '4.2.14' ],
2288 silly audit   '@smithy/invalid-dependency': [ '4.2.14' ],
2288 silly audit   '@smithy/md5-js': [ '4.2.14' ],
2288 silly audit   '@smithy/middleware-content-length': [ '4.2.14' ],
2288 silly audit   '@smithy/middleware-endpoint': [ '4.4.32' ],
2288 silly audit   '@smithy/middleware-retry': [ '4.5.5' ],
2288 silly audit   '@smithy/middleware-serde': [ '4.2.20' ],
2288 silly audit   '@smithy/middleware-stack': [ '4.2.14' ],
2288 silly audit   '@smithy/node-config-provider': [ '4.3.14' ],
2288 silly audit   '@smithy/node-http-handler': [ '4.6.1' ],
2288 silly audit   '@smithy/protocol-http': [ '5.3.14' ],
2288 silly audit   '@smithy/smithy-client': [ '4.12.13' ],
2288 silly audit   '@smithy/types': [ '4.14.1' ],
2288 silly audit   '@smithy/url-parser': [ '4.2.14' ],
2288 silly audit   '@smithy/util-base64': [ '4.3.2' ],
2288 silly audit   '@smithy/util-body-length-browser': [ '4.2.2' ],
2288 silly audit   '@smithy/util-body-length-node': [ '4.2.3' ],
2288 silly audit   '@smithy/util-defaults-mode-browser': [ '4.3.49' ],
2288 silly audit   '@smithy/util-defaults-mode-node': [ '4.2.54' ],
2288 silly audit   '@smithy/util-endpoints': [ '3.4.2' ],
2288 silly audit   '@smithy/util-middleware': [ '4.2.14' ],
2288 silly audit   '@smithy/util-retry': [ '4.3.4' ],
2288 silly audit   '@smithy/util-stream': [ '4.5.25' ],
2288 silly audit   '@smithy/util-utf8': [ '4.2.2', '2.3.0' ],
2288 silly audit   '@smithy/util-waiter': [ '4.2.16' ],
2288 silly audit   tslib: [ '2.8.1' ],
2288 silly audit   '@aws-crypto/supports-web-crypto': [ '5.2.0' ],
2288 silly audit   '@aws-crypto/util': [ '5.2.0' ],
2288 silly audit   '@aws-sdk/util-locate-window': [ '3.965.5' ],
2288 silly audit   '@aws-sdk/xml-builder': [ '3.972.19' ],
2288 silly audit   '@smithy/property-provider': [ '4.2.14' ],
2288 silly audit   '@smithy/signature-v4': [ '5.3.14' ],
2288 silly audit   '@aws-sdk/credential-provider-env': [ '3.972.31' ],
2288 silly audit   '@aws-sdk/credential-provider-http': [ '3.972.33' ],
2288 silly audit   '@aws-sdk/credential-provider-ini': [ '3.972.35' ],
2288 silly audit   '@aws-sdk/credential-provider-process': [ '3.972.31' ],
2288 silly audit   '@aws-sdk/credential-provider-sso': [ '3.972.35' ],
2288 silly audit   '@aws-sdk/credential-provider-web-identity': [ '3.972.35' ],
2288 silly audit   '@smithy/credential-provider-imds': [ '4.2.14' ],
2288 silly audit   '@smithy/shared-ini-file-loader': [ '4.4.9' ],
2288 silly audit   '@aws-sdk/credential-provider-login': [ '3.972.35' ],
2288 silly audit   '@aws-sdk/nested-clients': [ '3.997.3' ],
2288 silly audit   '@aws-sdk/token-providers': [ '3.1036.0' ],
2288 silly audit   '@aws-sdk/util-arn-parser': [ '3.972.3' ],
2288 silly audit   '@smithy/util-config-provider': [ '4.2.2' ],
2288 silly audit   '@aws-crypto/crc32': [ '5.2.0' ],
2288 silly audit   '@aws-crypto/crc32c': [ '5.2.0' ],
2288 silly audit   '@aws-sdk/crc64-nvme': [ '3.972.7' ],
2288 silly audit   '@smithy/is-array-buffer': [ '4.2.2', '2.2.0' ],
2288 silly audit   '@aws/lambda-invoke-store': [ '0.2.4' ],
2288 silly audit   '@aws-sdk/util-format-url': [ '3.972.10' ],
2288 silly audit   '@smithy/querystring-builder': [ '4.2.14' ],
2288 silly audit   bowser: [ '2.14.1' ],
2288 silly audit   'fast-xml-parser': [ '5.7.1' ],
2288 silly audit   bluebird: [ '3.7.2' ],
2288 silly audit   request: [ '2.88.2' ],
2288 silly audit   rewire: [ '7.0.0' ],
2288 silly audit   '@smithy/uuid': [ '1.1.2' ],
2288 silly audit   '@smithy/eventstream-serde-universal': [ '4.2.14' ],
2288 silly audit   '@smithy/eventstream-codec': [ '4.2.14' ],
2288 silly audit   '@smithy/util-hex-encoding': [ '4.2.2' ],
2288 silly audit   '@smithy/chunked-blob-reader': [ '5.2.2' ],
2288 silly audit   '@smithy/chunked-blob-reader-native': [ '4.2.3' ],
2288 silly audit   '@smithy/util-buffer-from': [ '4.2.2', '2.2.0' ],
2288 silly audit   '@smithy/service-error-classification': [ '4.3.0' ],
2288 silly audit   '@smithy/util-uri-escape': [ '4.2.2' ],
2288 silly audit   '@smithy/querystring-parser': [ '4.2.14' ],
2288 silly audit   cookie: [ '0.7.2' ],
2288 silly audit   'cookie-signature': [ '1.0.6' ],
2288 silly audit   'object-assign': [ '4.1.1' ],
2288 silly audit   vary: [ '1.1.2' ],
2288 silly audit   accepts: [ '1.3.8' ],
2288 silly audit   'array-flatten': [ '1.1.1' ],
2288 silly audit   'body-parser': [ '1.20.4' ],
2288 silly audit   'content-disposition': [ '0.5.4' ],
2288 silly audit   'content-type': [ '1.0.5' ],
2288 silly audit   debug: [ '2.6.9', '4.4.3' ],
2288 silly audit   depd: [ '2.0.0' ],
2288 silly audit   encodeurl: [ '2.0.0' ],
2288 silly audit   'escape-html': [ '1.0.3' ],
2288 silly audit   etag: [ '1.8.1' ],
2288 silly audit   finalhandler: [ '1.3.2' ],
2288 silly audit   fresh: [ '0.5.2' ],
2288 silly audit   'http-errors': [ '2.0.1' ],
2288 silly audit   'merge-descriptors': [ '1.0.3' ],
2288 silly audit   methods: [ '1.1.2' ],
2288 silly audit   'on-finished': [ '2.4.1' ],
2288 silly audit   parseurl: [ '1.3.3' ],
2288 silly audit   'path-to-regexp': [ '0.1.13' ],
2288 silly audit   'proxy-addr': [ '2.0.7' ],
2288 silly audit   qs: [ '6.14.2', '6.5.5' ],
2288 silly audit   'range-parser': [ '1.2.1' ],
2288 silly audit   'safe-buffer': [ '5.2.1', '5.1.2' ],
2288 silly audit   send: [ '0.19.2' ],
2288 silly audit   'serve-static': [ '1.16.3' ],
2288 silly audit   setprototypeof: [ '1.2.0' ],
2288 silly audit   statuses: [ '2.0.2' ],
2288 silly audit   'type-is': [ '1.6.18' ],
2288 silly audit   'utils-merge': [ '1.0.1' ],
2288 silly audit   'mime-types': [ '2.1.35' ],
2288 silly audit   negotiator: [ '0.6.3' ],
2288 silly audit   bytes: [ '3.1.2' ],
2288 silly audit   destroy: [ '1.2.0' ],
2288 silly audit   'iconv-lite': [ '0.4.24' ],
2288 silly audit   'raw-body': [ '2.5.3' ],
2288 silly audit   unpipe: [ '1.0.0' ],
2288 silly audit   ms: [ '2.0.0', '2.1.3' ],
2288 silly audit   lodash: [ '4.18.1' ],
2288 silly audit   validator: [ '13.15.35' ],
2288 silly audit   '@nodable/entities': [ '2.1.0' ],
2288 silly audit   'fast-xml-builder': [ '1.1.5' ],
2288 silly audit   'path-expression-matcher': [ '1.5.0' ],
2288 silly audit   strnum: [ '2.2.3' ],
2288 silly audit   'base64-js': [ '1.5.1' ],
2288 silly audit   'ecdsa-sig-formatter': [ '1.0.11' ],
2288 silly audit   gaxios: [ '6.7.1', '5.1.3' ],
2288 silly audit   'gcp-metadata': [ '6.1.1', '5.3.0' ],
2288 silly audit   gtoken: [ '7.1.0' ],
2288 silly audit   jws: [ '4.0.1' ],
2288 silly audit   extend: [ '3.0.2' ],
2288 silly audit   'https-proxy-agent': [ '7.0.6', '5.0.1' ],
2288 silly audit   'is-stream': [ '2.0.1' ],
2288 silly audit   'node-fetch': [ '2.7.0' ],
2288 silly audit   uuid: [ '9.0.1', '3.4.0' ],
2288 silly audit   'google-logging-utils': [ '0.0.2' ],
2288 silly audit   'json-bigint': [ '1.0.0' ],
2288 silly audit   inherits: [ '2.0.4' ],
2288 silly audit   toidentifier: [ '1.0.1' ],
2288 silly audit   'agent-base': [ '7.1.4', '6.0.2' ],
2288 silly audit   'safer-buffer': [ '2.1.2' ],
2288 silly audit   'bignumber.js': [ '9.3.1' ],
2288 silly audit   'lodash.includes': [ '4.3.0' ],
2288 silly audit   'lodash.isboolean': [ '3.0.3' ],
2288 silly audit   'lodash.isinteger': [ '4.0.4' ],
2288 silly audit   'lodash.isnumber': [ '3.0.3' ],
2288 silly audit   'lodash.isplainobject': [ '4.0.6' ],
2288 silly audit   'lodash.isstring': [ '4.0.1' ],
2288 silly audit   'lodash.once': [ '4.1.1' ],
2288 silly audit   semver: [ '7.7.4' ],
2288 silly audit   jwa: [ '2.0.1' ],
2288 silly audit   'buffer-equal-constant-time': [ '1.0.1' ],
2288 silly audit   'mime-db': [ '1.52.0' ],
2288 silly audit   bson: [ '6.10.4' ],
2288 silly audit   kareem: [ '2.6.3' ],
2288 silly audit   mongodb: [ '6.20.0' ],
2288 silly audit   mpath: [ '0.9.0' ],
2288 silly audit   mquery: [ '5.0.0' ],
2288 silly audit   sift: [ '17.1.3' ],
2288 silly audit   'append-field': [ '1.0.0' ],
2288 silly audit   busboy: [ '1.6.0' ],
2288 silly audit   'concat-stream': [ '1.6.2' ],
2288 silly audit   mkdirp: [ '0.5.6' ],
2288 silly audit   xtend: [ '4.0.2' ],
2288 silly audit   streamsearch: [ '1.1.0' ],
2288 silly audit   'buffer-from': [ '1.1.2' ],
2288 silly audit   'readable-stream': [ '2.3.8' ],
2288 silly audit   typedarray: [ '0.0.6' ],
2288 silly audit   minimist: [ '1.2.8' ],
2288 silly audit   'whatwg-url': [ '5.0.0', '14.2.0' ],
2288 silly audit   'ee-first': [ '1.1.1' ],
2288 silly audit   forwarded: [ '0.2.0' ],
2288 silly audit   'ipaddr.js': [ '1.9.1' ],
2288 silly audit   'side-channel': [ '1.1.0' ],
2288 silly audit   'core-util-is': [ '1.0.3', '1.0.2' ],
2288 silly audit   isarray: [ '1.0.0' ],
2288 silly audit   'process-nextick-args': [ '2.0.1' ],
2288 silly audit   string_decoder: [ '1.1.1' ],
2288 silly audit   'util-deprecate': [ '1.0.2' ],
2288 silly audit   'aws-sign2': [ '0.7.0' ],
2288 silly audit   aws4: [ '1.13.2' ],
2288 silly audit   caseless: [ '0.12.0' ],
2288 silly audit   'combined-stream': [ '1.0.8' ],
2288 silly audit   'forever-agent': [ '0.6.1' ],
2288 silly audit   'form-data': [ '2.3.3', '4.0.5' ],
2288 silly audit   'har-validator': [ '5.1.5' ],
2288 silly audit   'http-signature': [ '1.2.0' ],
2288 silly audit   'is-typedarray': [ '1.0.0' ],
2288 silly audit   isstream: [ '0.1.2' ],
2288 silly audit   'json-stringify-safe': [ '5.0.1' ],
2288 silly audit   'oauth-sign': [ '0.9.0' ],
2288 silly audit   'performance-now': [ '2.1.0' ],
2288 silly audit   'tough-cookie': [ '2.5.0' ],
2288 silly audit   'tunnel-agent': [ '0.6.0' ],
2288 silly audit   'delayed-stream': [ '1.0.0' ],
2288 silly audit   asynckit: [ '0.4.0' ],
2288 silly audit   ajv: [ '6.15.0' ],
2288 silly audit   'har-schema': [ '2.0.0' ],
2288 silly audit   'fast-deep-equal': [ '3.1.3' ],
2288 silly audit   'fast-json-stable-stringify': [ '2.1.0' ],
2288 silly audit   'json-schema-traverse': [ '0.4.1' ],
2288 silly audit   'uri-js': [ '4.4.1' ],
2288 silly audit   'assert-plus': [ '1.0.0' ],
2288 silly audit   jsprim: [ '1.4.2' ],
2288 silly audit   sshpk: [ '1.18.0' ],
2288 silly audit   extsprintf: [ '1.3.0' ],
2288 silly audit   'json-schema': [ '0.4.0' ],
2288 silly audit   verror: [ '1.10.0' ],
2288 silly audit   eslint: [ '8.57.1' ],
2288 silly audit   '@eslint-community/eslint-utils': [ '4.9.1' ],
2288 silly audit   '@eslint-community/regexpp': [ '4.12.2' ],
2288 silly audit   '@eslint/eslintrc': [ '2.1.4' ],
2288 silly audit   '@eslint/js': [ '8.57.1' ],
2288 silly audit   '@humanwhocodes/config-array': [ '0.13.0' ],
2288 silly audit   '@humanwhocodes/module-importer': [ '1.0.1' ],
2288 silly audit   '@nodelib/fs.walk': [ '1.2.8' ],
2288 silly audit   '@ungap/structured-clone': [ '1.3.0' ],
2288 silly audit   chalk: [ '4.1.2' ],
2288 silly audit   'cross-spawn': [ '7.0.6' ],
2288 silly audit   doctrine: [ '3.0.0' ],
2288 silly audit   'escape-string-regexp': [ '4.0.0' ],
2288 silly audit   'eslint-scope': [ '7.2.2' ],
2288 silly audit   'eslint-visitor-keys': [ '3.4.3' ],
2288 silly audit   espree: [ '9.6.1' ],
2288 silly audit   esquery: [ '1.7.0' ],
2288 silly audit   esutils: [ '2.0.3' ],
2288 silly audit   'file-entry-cache': [ '6.0.1' ],
2288 silly audit   'find-up': [ '5.0.0' ],
2288 silly audit   'glob-parent': [ '6.0.2' ],
2288 silly audit   globals: [ '13.24.0' ],
2288 silly audit   graphemer: [ '1.4.0' ],
2288 silly audit   ignore: [ '5.3.2' ],
2288 silly audit   imurmurhash: [ '0.1.4' ],
2288 silly audit   'is-glob': [ '4.0.3' ],
2288 silly audit   'is-path-inside': [ '3.0.3' ],
2288 silly audit   'js-yaml': [ '4.1.1' ],
2288 silly audit   'json-stable-stringify-without-jsonify': [ '1.0.1' ],
2288 silly audit   levn: [ '0.4.1' ],
2288 silly audit   'lodash.merge': [ '4.6.2' ],
2288 silly audit   minimatch: [ '3.1.5' ],
2288 silly audit   'natural-compare': [ '1.4.0' ],
2288 silly audit   optionator: [ '0.9.4' ],
2288 silly audit   'strip-ansi': [ '6.0.1' ],
2288 silly audit   'text-table': [ '0.2.0' ],
2288 silly audit   'import-fresh': [ '3.3.1' ],
2288 silly audit   'strip-json-comments': [ '3.1.1' ],
2288 silly audit   '@humanwhocodes/object-schema': [ '2.0.3' ],
2288 silly audit   '@nodelib/fs.scandir': [ '2.1.5' ],
2288 silly audit   fastq: [ '1.20.1' ],
2288 silly audit   '@nodelib/fs.stat': [ '2.0.5' ],
2288 silly audit   'run-parallel': [ '1.2.0' ],
2288 silly audit   'ansi-styles': [ '4.3.0' ],
2288 silly audit   'supports-color': [ '7.2.0' ],
2288 silly audit   'color-convert': [ '2.0.1' ],
2288 silly audit   'color-name': [ '1.1.4' ],
2288 silly audit   'path-key': [ '3.1.1' ],
2288 silly audit   'shebang-command': [ '2.0.0' ],
2288 silly audit   which: [ '2.0.2' ],
2288 silly audit   esrecurse: [ '4.3.0' ],
2288 silly audit   estraverse: [ '5.3.0' ],
2288 silly audit   acorn: [ '8.16.0' ],
2288 silly audit   'acorn-jsx': [ '5.3.2' ],
2288 silly audit   reusify: [ '1.1.0' ],
2288 silly audit   'flat-cache': [ '3.2.0' ],
2288 silly audit   'locate-path': [ '6.0.0' ],
2288 silly audit   'path-exists': [ '4.0.0' ],
2288 silly audit   flatted: [ '3.4.2' ],
2288 silly audit   keyv: [ '4.5.4' ],
2288 silly audit   rimraf: [ '3.0.2' ],
2288 silly audit   'type-fest': [ '0.20.2' ],
2288 silly audit   'parent-module': [ '1.0.1' ],
2288 silly audit   'resolve-from': [ '4.0.0' ],
2288 silly audit   'is-extglob': [ '2.1.1' ],
2288 silly audit   argparse: [ '2.0.1' ],
2288 silly audit   'json-buffer': [ '3.0.1' ],
2288 silly audit   'prelude-ls': [ '1.2.1' ],
2288 silly audit   'type-check': [ '0.4.0' ],
2288 silly audit   'p-locate': [ '5.0.0' ],
2288 silly audit   'brace-expansion': [ '1.1.14' ],
2288 silly audit   'balanced-match': [ '1.0.2' ],
2288 silly audit   'concat-map': [ '0.0.1' ],
2288 silly audit   'deep-is': [ '0.1.4' ],
2288 silly audit   'fast-levenshtein': [ '2.0.6' ],
2288 silly audit   'word-wrap': [ '1.2.5' ],
2288 silly audit   'p-limit': [ '3.1.0' ],
2288 silly audit   'yocto-queue': [ '0.1.0' ],
2288 silly audit   callsites: [ '3.1.0' ],
2288 silly audit   glob: [ '7.2.3' ],
2288 silly audit   'fs.realpath': [ '1.0.0' ],
2288 silly audit   inflight: [ '1.0.6' ],
2288 silly audit   once: [ '1.4.0' ],
2288 silly audit   'path-is-absolute': [ '1.0.1' ],
2288 silly audit   wrappy: [ '1.0.2' ],
2288 silly audit   'queue-microtask': [ '1.2.3' ],
2288 silly audit   mime: [ '1.6.0' ],
2288 silly audit   'shebang-regex': [ '3.0.0' ],
2288 silly audit   'es-errors': [ '1.3.0' ],
2288 silly audit   'object-inspect': [ '1.13.4' ],
2288 silly audit   'side-channel-list': [ '1.0.1' ],
2288 silly audit   'side-channel-map': [ '1.0.1' ],
2288 silly audit   'side-channel-weakmap': [ '1.0.2' ],
2288 silly audit   'call-bound': [ '1.0.4' ],
2288 silly audit   'get-intrinsic': [ '1.3.0' ],
2288 silly audit   'call-bind-apply-helpers': [ '1.0.2' ],
2288 silly audit   'function-bind': [ '1.1.2' ],
2288 silly audit   'es-define-property': [ '1.0.1' ],
2288 silly audit   'es-object-atoms': [ '1.1.1' ],
2288 silly audit   'get-proto': [ '1.0.1' ],
2288 silly audit   gopd: [ '1.2.0' ],
2288 silly audit   'has-symbols': [ '1.1.0' ],
2288 silly audit   hasown: [ '2.0.3' ],
2288 silly audit   'math-intrinsics': [ '1.1.0' ],
2288 silly audit   'dunder-proto': [ '1.0.1' ],
2288 silly audit   asn1: [ '0.2.6' ],
2288 silly audit   'bcrypt-pbkdf': [ '1.0.2' ],
2288 silly audit   dashdash: [ '1.14.1' ],
2288 silly audit   'ecc-jsbn': [ '0.1.2' ],
2288 silly audit   getpass: [ '0.1.7' ],
2288 silly audit   jsbn: [ '0.1.1' ],
2288 silly audit   tweetnacl: [ '0.14.5' ],
2288 silly audit   'ansi-regex': [ '5.0.1' ],
2288 silly audit   'has-flag': [ '4.0.0' ],
2288 silly audit   psl: [ '1.15.0' ],
2288 silly audit   punycode: [ '2.3.1' ],
2288 silly audit   axios: [ '1.15.2' ],
2288 silly audit   dayjs: [ '1.11.20' ],
2288 silly audit   scmp: [ '2.1.0' ],
2288 silly audit   xmlbuilder: [ '13.0.2' ],
2288 silly audit   'follow-redirects': [ '1.16.0' ],
2288 silly audit   'proxy-from-env': [ '2.1.0' ],
2288 silly audit   'media-typer': [ '0.3.0' ],
2288 silly audit   tr46: [ '0.0.3', '5.1.1' ],
2288 silly audit   'webidl-conversions': [ '3.0.1', '7.0.0' ],
2288 silly audit   isexe: [ '2.0.0' ],
2288 silly audit   'es-set-tostringtag': [ '2.1.0' ],
2288 silly audit   'has-tostringtag': [ '1.0.2' ],
2288 silly audit   '@mongodb-js/saslprep': [ '1.4.9' ],
2288 silly audit   'mongodb-connection-string-url': [ '3.0.2' ],
2288 silly audit   'sparse-bitfield': [ '3.0.3' ],
2288 silly audit   '@types/whatwg-url': [ '11.0.5' ],
2288 silly audit   '@types/webidl-conversions': [ '7.0.3' ],
2288 silly audit   'memory-pager': [ '1.5.0' ]
2288 silly audit }
2289 http cache memory-pager@https://registry.npmjs.org/memory-pager/-/memory-pager-1.5.0.tgz 0ms (cache hit)
2290 http cache @types/webidl-conversions@https://registry.npmjs.org/@types/webidl-conversions/-/webidl-conversions-7.0.3.tgz 0ms (cache hit)
2291 http cache @types/whatwg-url@https://registry.npmjs.org/@types/whatwg-url/-/whatwg-url-11.0.5.tgz 0ms (cache hit)
2292 http cache mongodb-connection-string-url@https://registry.npmjs.org/mongodb-connection-string-url/-/mongodb-connection-string-url-3.0.2.tgz 0ms (cache hit)
2293 http cache has-tostringtag@https://registry.npmjs.org/has-tostringtag/-/has-tostringtag-1.0.2.tgz 0ms (cache hit)
2294 http cache @mongodb-js/saslprep@https://registry.npmjs.org/@mongodb-js/saslprep/-/saslprep-1.4.9.tgz 0ms (cache hit)
2295 http cache es-set-tostringtag@https://registry.npmjs.org/es-set-tostringtag/-/es-set-tostringtag-2.1.0.tgz 0ms (cache hit)
2296 http cache sparse-bitfield@https://registry.npmjs.org/sparse-bitfield/-/sparse-bitfield-3.0.3.tgz 0ms (cache hit)
2297 http cache isexe@https://registry.npmjs.org/isexe/-/isexe-2.0.0.tgz 0ms (cache hit)
2298 http cache media-typer@https://registry.npmjs.org/media-typer/-/media-typer-0.3.0.tgz 0ms (cache hit)
2299 http cache webidl-conversions@https://registry.npmjs.org/webidl-conversions/-/webidl-conversions-3.0.1.tgz 0ms (cache hit)
2300 http cache tr46@https://registry.npmjs.org/tr46/-/tr46-0.0.3.tgz 0ms (cache hit)
2301 http cache follow-redirects@https://registry.npmjs.org/follow-redirects/-/follow-redirects-1.16.0.tgz 0ms (cache hit)
2302 http cache scmp@https://registry.npmjs.org/scmp/-/scmp-2.1.0.tgz 0ms (cache hit)
2303 http cache punycode@https://registry.npmjs.org/punycode/-/punycode-2.3.1.tgz 0ms (cache hit)
2304 http cache proxy-from-env@https://registry.npmjs.org/proxy-from-env/-/proxy-from-env-2.1.0.tgz 0ms (cache hit)
2305 http cache dayjs@https://registry.npmjs.org/dayjs/-/dayjs-1.11.20.tgz 0ms (cache hit)
2306 http cache xmlbuilder@https://registry.npmjs.org/xmlbuilder/-/xmlbuilder-13.0.2.tgz 0ms (cache hit)
2307 http cache psl@https://registry.npmjs.org/psl/-/psl-1.15.0.tgz 0ms (cache hit)
2308 http cache has-flag@https://registry.npmjs.org/has-flag/-/has-flag-4.0.0.tgz 0ms (cache hit)
2309 http cache axios@https://registry.npmjs.org/axios/-/axios-1.15.2.tgz 0ms (cache hit)
2310 http cache ansi-regex@https://registry.npmjs.org/ansi-regex/-/ansi-regex-5.0.1.tgz 0ms (cache hit)
2311 http cache jsbn@https://registry.npmjs.org/jsbn/-/jsbn-0.1.1.tgz 0ms (cache hit)
2312 http cache getpass@https://registry.npmjs.org/getpass/-/getpass-0.1.7.tgz 0ms (cache hit)
2313 http cache tweetnacl@https://registry.npmjs.org/tweetnacl/-/tweetnacl-0.14.5.tgz 0ms (cache hit)
2314 http cache dashdash@https://registry.npmjs.org/dashdash/-/dashdash-1.14.1.tgz 0ms (cache hit)
2315 http cache ecc-jsbn@https://registry.npmjs.org/ecc-jsbn/-/ecc-jsbn-0.1.2.tgz 0ms (cache hit)
2316 http cache asn1@https://registry.npmjs.org/asn1/-/asn1-0.2.6.tgz 0ms (cache hit)
2317 http cache bcrypt-pbkdf@https://registry.npmjs.org/bcrypt-pbkdf/-/bcrypt-pbkdf-1.0.2.tgz 0ms (cache hit)
2318 http cache dunder-proto@https://registry.npmjs.org/dunder-proto/-/dunder-proto-1.0.1.tgz 0ms (cache hit)
2319 http cache gopd@https://registry.npmjs.org/gopd/-/gopd-1.2.0.tgz 0ms (cache hit)
2320 http cache get-proto@https://registry.npmjs.org/get-proto/-/get-proto-1.0.1.tgz 0ms (cache hit)
2321 http cache hasown@https://registry.npmjs.org/hasown/-/hasown-2.0.3.tgz 0ms (cache hit)
2322 http cache math-intrinsics@https://registry.npmjs.org/math-intrinsics/-/math-intrinsics-1.1.0.tgz 0ms (cache hit)
2323 http cache has-symbols@https://registry.npmjs.org/has-symbols/-/has-symbols-1.1.0.tgz 0ms (cache hit)
2324 http cache es-object-atoms@https://registry.npmjs.org/es-object-atoms/-/es-object-atoms-1.1.1.tgz 0ms (cache hit)
2325 http cache es-define-property@https://registry.npmjs.org/es-define-property/-/es-define-property-1.0.1.tgz 0ms (cache hit)
2326 http cache call-bind-apply-helpers@https://registry.npmjs.org/call-bind-apply-helpers/-/call-bind-apply-helpers-1.0.2.tgz 0ms (cache hit)
2327 http cache function-bind@https://registry.npmjs.org/function-bind/-/function-bind-1.1.2.tgz 0ms (cache hit)
2328 http cache call-bound@https://registry.npmjs.org/call-bound/-/call-bound-1.0.4.tgz 0ms (cache hit)
2329 http cache get-intrinsic@https://registry.npmjs.org/get-intrinsic/-/get-intrinsic-1.3.0.tgz 0ms (cache hit)
2330 http cache object-inspect@https://registry.npmjs.org/object-inspect/-/object-inspect-1.13.4.tgz 0ms (cache hit)
2331 http cache side-channel-list@https://registry.npmjs.org/side-channel-list/-/side-channel-list-1.0.1.tgz 0ms (cache hit)
2332 http cache side-channel-weakmap@https://registry.npmjs.org/side-channel-weakmap/-/side-channel-weakmap-1.0.2.tgz 0ms (cache hit)
2333 http cache wrappy@https://registry.npmjs.org/wrappy/-/wrappy-1.0.2.tgz 0ms (cache hit)
2334 http cache shebang-regex@https://registry.npmjs.org/shebang-regex/-/shebang-regex-3.0.0.tgz 0ms (cache hit)
2335 http cache es-errors@https://registry.npmjs.org/es-errors/-/es-errors-1.3.0.tgz 0ms (cache hit)
2336 http cache side-channel-map@https://registry.npmjs.org/side-channel-map/-/side-channel-map-1.0.1.tgz 0ms (cache hit)
2337 http cache queue-microtask@https://registry.npmjs.org/queue-microtask/-/queue-microtask-1.2.3.tgz 0ms (cache hit)
2338 http cache inflight@https://registry.npmjs.org/inflight/-/inflight-1.0.6.tgz 0ms (cache hit)
2339 http cache once@https://registry.npmjs.org/once/-/once-1.4.0.tgz 0ms (cache hit)
2340 http cache mime@https://registry.npmjs.org/mime/-/mime-1.6.0.tgz 0ms (cache hit)
2341 http cache yocto-queue@https://registry.npmjs.org/yocto-queue/-/yocto-queue-0.1.0.tgz 0ms (cache hit)
2342 http cache path-is-absolute@https://registry.npmjs.org/path-is-absolute/-/path-is-absolute-1.0.1.tgz 0ms (cache hit)
2343 http cache fs.realpath@https://registry.npmjs.org/fs.realpath/-/fs.realpath-1.0.0.tgz 0ms (cache hit)
2344 http cache callsites@https://registry.npmjs.org/callsites/-/callsites-3.1.0.tgz 0ms (cache hit)
2345 http cache glob@https://registry.npmjs.org/glob/-/glob-7.2.3.tgz 0ms (cache hit)
2346 http cache word-wrap@https://registry.npmjs.org/word-wrap/-/word-wrap-1.2.5.tgz 0ms (cache hit)
2347 http cache fast-levenshtein@https://registry.npmjs.org/fast-levenshtein/-/fast-levenshtein-2.0.6.tgz 0ms (cache hit)
2348 http cache p-limit@https://registry.npmjs.org/p-limit/-/p-limit-3.1.0.tgz 0ms (cache hit)
2349 http cache deep-is@https://registry.npmjs.org/deep-is/-/deep-is-0.1.4.tgz 0ms (cache hit)
2350 http cache concat-map@https://registry.npmjs.org/concat-map/-/concat-map-0.0.1.tgz 0ms (cache hit)
2351 http cache brace-expansion@https://registry.npmjs.org/brace-expansion/-/brace-expansion-1.1.14.tgz 0ms (cache hit)
2352 http cache balanced-match@https://registry.npmjs.org/balanced-match/-/balanced-match-1.0.2.tgz 0ms (cache hit)
2353 http cache json-buffer@https://registry.npmjs.org/json-buffer/-/json-buffer-3.0.1.tgz 0ms (cache hit)
2354 http cache argparse@https://registry.npmjs.org/argparse/-/argparse-2.0.1.tgz 0ms (cache hit)
2355 http cache prelude-ls@https://registry.npmjs.org/prelude-ls/-/prelude-ls-1.2.1.tgz 0ms (cache hit)
2356 http cache is-extglob@https://registry.npmjs.org/is-extglob/-/is-extglob-2.1.1.tgz 0ms (cache hit)
2357 http cache type-fest@https://registry.npmjs.org/type-fest/-/type-fest-0.20.2.tgz 0ms (cache hit)
2358 http cache parent-module@https://registry.npmjs.org/parent-module/-/parent-module-1.0.1.tgz 0ms (cache hit)
2359 http cache type-check@https://registry.npmjs.org/type-check/-/type-check-0.4.0.tgz 0ms (cache hit)
2360 http cache flatted@https://registry.npmjs.org/flatted/-/flatted-3.4.2.tgz 0ms (cache hit)
2361 http cache rimraf@https://registry.npmjs.org/rimraf/-/rimraf-3.0.2.tgz 0ms (cache hit)
2362 http cache resolve-from@https://registry.npmjs.org/resolve-from/-/resolve-from-4.0.0.tgz 0ms (cache hit)
2363 http cache keyv@https://registry.npmjs.org/keyv/-/keyv-4.5.4.tgz 0ms (cache hit)
2364 http cache locate-path@https://registry.npmjs.org/locate-path/-/locate-path-6.0.0.tgz 0ms (cache hit)
2365 http cache p-locate@https://registry.npmjs.org/p-locate/-/p-locate-5.0.0.tgz 0ms (cache hit)
2366 http cache acorn-jsx@https://registry.npmjs.org/acorn-jsx/-/acorn-jsx-5.3.2.tgz 0ms (cache hit)
2367 http cache flat-cache@https://registry.npmjs.org/flat-cache/-/flat-cache-3.2.0.tgz 0ms (cache hit)
2368 http cache estraverse@https://registry.npmjs.org/estraverse/-/estraverse-5.3.0.tgz 0ms (cache hit)
2369 http cache path-exists@https://registry.npmjs.org/path-exists/-/path-exists-4.0.0.tgz 0ms (cache hit)
2370 http cache esrecurse@https://registry.npmjs.org/esrecurse/-/esrecurse-4.3.0.tgz 0ms (cache hit)
2371 http cache acorn@https://registry.npmjs.org/acorn/-/acorn-8.16.0.tgz 0ms (cache hit)
2372 http cache shebang-command@https://registry.npmjs.org/shebang-command/-/shebang-command-2.0.0.tgz 0ms (cache hit)
2373 http cache reusify@https://registry.npmjs.org/reusify/-/reusify-1.1.0.tgz 0ms (cache hit)
2374 http cache path-key@https://registry.npmjs.org/path-key/-/path-key-3.1.1.tgz 0ms (cache hit)
2375 http cache supports-color@https://registry.npmjs.org/supports-color/-/supports-color-7.2.0.tgz 0ms (cache hit)
2376 http cache which@https://registry.npmjs.org/which/-/which-2.0.2.tgz 0ms (cache hit)
2377 http cache color-convert@https://registry.npmjs.org/color-convert/-/color-convert-2.0.1.tgz 0ms (cache hit)
2378 http cache ansi-styles@https://registry.npmjs.org/ansi-styles/-/ansi-styles-4.3.0.tgz 0ms (cache hit)
2379 http cache run-parallel@https://registry.npmjs.org/run-parallel/-/run-parallel-1.2.0.tgz 0ms (cache hit)
2380 http cache fastq@https://registry.npmjs.org/fastq/-/fastq-1.20.1.tgz 0ms (cache hit)
2381 http cache strip-json-comments@https://registry.npmjs.org/strip-json-comments/-/strip-json-comments-3.1.1.tgz 0ms (cache hit)
2382 http cache @nodelib/fs.stat@https://registry.npmjs.org/@nodelib/fs.stat/-/fs.stat-2.0.5.tgz 0ms (cache hit)
2383 http cache text-table@https://registry.npmjs.org/text-table/-/text-table-0.2.0.tgz 0ms (cache hit)
2384 http cache color-name@https://registry.npmjs.org/color-name/-/color-name-1.1.4.tgz 0ms (cache hit)
2385 http cache import-fresh@https://registry.npmjs.org/import-fresh/-/import-fresh-3.3.1.tgz 0ms (cache hit)
2386 http cache @humanwhocodes/object-schema@https://registry.npmjs.org/@humanwhocodes/object-schema/-/object-schema-2.0.3.tgz 0ms (cache hit)
2387 http cache @nodelib/fs.scandir@https://registry.npmjs.org/@nodelib/fs.scandir/-/fs.scandir-2.1.5.tgz 0ms (cache hit)
2388 http cache strip-ansi@https://registry.npmjs.org/strip-ansi/-/strip-ansi-6.0.1.tgz 0ms (cache hit)
2389 http cache optionator@https://registry.npmjs.org/optionator/-/optionator-0.9.4.tgz 0ms (cache hit)
2390 http cache levn@https://registry.npmjs.org/levn/-/levn-0.4.1.tgz 0ms (cache hit)
2391 http cache json-stable-stringify-without-jsonify@https://registry.npmjs.org/json-stable-stringify-without-jsonify/-/json-stable-stringify-without-jsonify-1.0.1.tgz 0ms (cache hit)
2392 http cache minimatch@https://registry.npmjs.org/minimatch/-/minimatch-3.1.5.tgz 0ms (cache hit)
2393 http cache js-yaml@https://registry.npmjs.org/js-yaml/-/js-yaml-4.1.1.tgz 0ms (cache hit)
2394 http cache is-glob@https://registry.npmjs.org/is-glob/-/is-glob-4.0.3.tgz 0ms (cache hit)
2395 http cache is-path-inside@https://registry.npmjs.org/is-path-inside/-/is-path-inside-3.0.3.tgz 0ms (cache hit)
2396 http cache lodash.merge@https://registry.npmjs.org/lodash.merge/-/lodash.merge-4.6.2.tgz 0ms (cache hit)
2397 http cache natural-compare@https://registry.npmjs.org/natural-compare/-/natural-compare-1.4.0.tgz 0ms (cache hit)
2398 http cache graphemer@https://registry.npmjs.org/graphemer/-/graphemer-1.4.0.tgz 0ms (cache hit)
2399 http cache ignore@https://registry.npmjs.org/ignore/-/ignore-5.3.2.tgz 0ms (cache hit)
2400 http cache glob-parent@https://registry.npmjs.org/glob-parent/-/glob-parent-6.0.2.tgz 0ms (cache hit)
2401 http cache imurmurhash@https://registry.npmjs.org/imurmurhash/-/imurmurhash-0.1.4.tgz 0ms (cache hit)
2402 http cache file-entry-cache@https://registry.npmjs.org/file-entry-cache/-/file-entry-cache-6.0.1.tgz 0ms (cache hit)
2403 http cache globals@https://registry.npmjs.org/globals/-/globals-13.24.0.tgz 0ms (cache hit)
2404 http cache find-up@https://registry.npmjs.org/find-up/-/find-up-5.0.0.tgz 0ms (cache hit)
2405 http cache esquery@https://registry.npmjs.org/esquery/-/esquery-1.7.0.tgz 0ms (cache hit)
2406 http cache esutils@https://registry.npmjs.org/esutils/-/esutils-2.0.3.tgz 0ms (cache hit)
2407 http cache escape-string-regexp@https://registry.npmjs.org/escape-string-regexp/-/escape-string-regexp-4.0.0.tgz 0ms (cache hit)
2408 http cache eslint-scope@https://registry.npmjs.org/eslint-scope/-/eslint-scope-7.2.2.tgz 0ms (cache hit)
2409 http cache eslint-visitor-keys@https://registry.npmjs.org/eslint-visitor-keys/-/eslint-visitor-keys-3.4.3.tgz 0ms (cache hit)
2410 http cache doctrine@https://registry.npmjs.org/doctrine/-/doctrine-3.0.0.tgz 0ms (cache hit)
2411 http cache @ungap/structured-clone@https://registry.npmjs.org/@ungap/structured-clone/-/structured-clone-1.3.0.tgz 0ms (cache hit)
2412 http cache chalk@https://registry.npmjs.org/chalk/-/chalk-4.1.2.tgz 0ms (cache hit)
2413 http cache espree@https://registry.npmjs.org/espree/-/espree-9.6.1.tgz 0ms (cache hit)
2414 http cache cross-spawn@https://registry.npmjs.org/cross-spawn/-/cross-spawn-7.0.6.tgz 0ms (cache hit)
2415 http cache @eslint-community/eslint-utils@https://registry.npmjs.org/@eslint-community/eslint-utils/-/eslint-utils-4.9.1.tgz 0ms (cache hit)
2416 http cache @nodelib/fs.walk@https://registry.npmjs.org/@nodelib/fs.walk/-/fs.walk-1.2.8.tgz 0ms (cache hit)
2417 http cache @eslint/eslintrc@https://registry.npmjs.org/@eslint/eslintrc/-/eslintrc-2.1.4.tgz 0ms (cache hit)
2418 http cache @eslint/js@https://registry.npmjs.org/@eslint/js/-/js-8.57.1.tgz 0ms (cache hit)
2419 http cache @eslint-community/regexpp@https://registry.npmjs.org/@eslint-community/regexpp/-/regexpp-4.12.2.tgz 0ms (cache hit)
2420 http cache eslint@https://registry.npmjs.org/eslint/-/eslint-8.57.1.tgz 0ms (cache hit)
2421 http cache @humanwhocodes/config-array@https://registry.npmjs.org/@humanwhocodes/config-array/-/config-array-0.13.0.tgz 0ms (cache hit)
2422 http cache json-schema@https://registry.npmjs.org/json-schema/-/json-schema-0.4.0.tgz 0ms (cache hit)
2423 http cache verror@https://registry.npmjs.org/verror/-/verror-1.10.0.tgz 0ms (cache hit)
2424 http cache extsprintf@https://registry.npmjs.org/extsprintf/-/extsprintf-1.3.0.tgz 0ms (cache hit)
2425 http cache jsprim@https://registry.npmjs.org/jsprim/-/jsprim-1.4.2.tgz 0ms (cache hit)
2426 http cache uri-js@https://registry.npmjs.org/uri-js/-/uri-js-4.4.1.tgz 0ms (cache hit)
2427 http cache assert-plus@https://registry.npmjs.org/assert-plus/-/assert-plus-1.0.0.tgz 0ms (cache hit)
2428 http cache json-schema-traverse@https://registry.npmjs.org/json-schema-traverse/-/json-schema-traverse-0.4.1.tgz 0ms (cache hit)
2429 http cache fast-json-stable-stringify@https://registry.npmjs.org/fast-json-stable-stringify/-/fast-json-stable-stringify-2.1.0.tgz 0ms (cache hit)
2430 http cache fast-deep-equal@https://registry.npmjs.org/fast-deep-equal/-/fast-deep-equal-3.1.3.tgz 0ms (cache hit)
2431 http cache asynckit@https://registry.npmjs.org/asynckit/-/asynckit-0.4.0.tgz 0ms (cache hit)
2432 http cache har-schema@https://registry.npmjs.org/har-schema/-/har-schema-2.0.0.tgz 0ms (cache hit)
2433 http cache sshpk@https://registry.npmjs.org/sshpk/-/sshpk-1.18.0.tgz 0ms (cache hit)
2434 http cache @humanwhocodes/module-importer@https://registry.npmjs.org/@humanwhocodes/module-importer/-/module-importer-1.0.1.tgz 0ms (cache hit)
2435 http cache performance-now@https://registry.npmjs.org/performance-now/-/performance-now-2.1.0.tgz 0ms (cache hit)
2436 http cache delayed-stream@https://registry.npmjs.org/delayed-stream/-/delayed-stream-1.0.0.tgz 0ms (cache hit)
2437 http cache tough-cookie@https://registry.npmjs.org/tough-cookie/-/tough-cookie-2.5.0.tgz 0ms (cache hit)
2438 http cache is-typedarray@https://registry.npmjs.org/is-typedarray/-/is-typedarray-1.0.0.tgz 0ms (cache hit)
2439 http cache json-stringify-safe@https://registry.npmjs.org/json-stringify-safe/-/json-stringify-safe-5.0.1.tgz 0ms (cache hit)
2440 http cache tunnel-agent@https://registry.npmjs.org/tunnel-agent/-/tunnel-agent-0.6.0.tgz 0ms (cache hit)
2441 http cache isstream@https://registry.npmjs.org/isstream/-/isstream-0.1.2.tgz 0ms (cache hit)
2442 http cache http-signature@https://registry.npmjs.org/http-signature/-/http-signature-1.2.0.tgz 0ms (cache hit)
2443 http cache har-validator@https://registry.npmjs.org/har-validator/-/har-validator-5.1.5.tgz 0ms (cache hit)
2444 http cache forever-agent@https://registry.npmjs.org/forever-agent/-/forever-agent-0.6.1.tgz 0ms (cache hit)
2445 http cache combined-stream@https://registry.npmjs.org/combined-stream/-/combined-stream-1.0.8.tgz 0ms (cache hit)
2446 http cache form-data@https://registry.npmjs.org/form-data/-/form-data-2.3.3.tgz 0ms (cache hit)
2447 http cache caseless@https://registry.npmjs.org/caseless/-/caseless-0.12.0.tgz 0ms (cache hit)
2448 http cache aws-sign2@https://registry.npmjs.org/aws-sign2/-/aws-sign2-0.7.0.tgz 0ms (cache hit)
2449 http cache aws4@https://registry.npmjs.org/aws4/-/aws4-1.13.2.tgz 0ms (cache hit)
2450 http cache process-nextick-args@https://registry.npmjs.org/process-nextick-args/-/process-nextick-args-2.0.1.tgz 0ms (cache hit)
2451 http cache core-util-is@https://registry.npmjs.org/core-util-is/-/core-util-is-1.0.3.tgz 0ms (cache hit)
2452 http cache isarray@https://registry.npmjs.org/isarray/-/isarray-1.0.0.tgz 0ms (cache hit)
2453 http cache string_decoder@https://registry.npmjs.org/string_decoder/-/string_decoder-1.1.1.tgz 0ms (cache hit)
2454 http cache util-deprecate@https://registry.npmjs.org/util-deprecate/-/util-deprecate-1.0.2.tgz 0ms (cache hit)
2455 http cache ipaddr.js@https://registry.npmjs.org/ipaddr.js/-/ipaddr.js-1.9.1.tgz 0ms (cache hit)
2456 http cache oauth-sign@https://registry.npmjs.org/oauth-sign/-/oauth-sign-0.9.0.tgz 0ms (cache hit)
2457 http cache side-channel@https://registry.npmjs.org/side-channel/-/side-channel-1.1.0.tgz 0ms (cache hit)
2458 http cache forwarded@https://registry.npmjs.org/forwarded/-/forwarded-0.2.0.tgz 0ms (cache hit)
2459 http cache whatwg-url@https://registry.npmjs.org/whatwg-url/-/whatwg-url-5.0.0.tgz 0ms (cache hit)
2460 http cache ee-first@https://registry.npmjs.org/ee-first/-/ee-first-1.1.1.tgz 0ms (cache hit)
2461 http cache minimist@https://registry.npmjs.org/minimist/-/minimist-1.2.8.tgz 0ms (cache hit)
2462 http cache typedarray@https://registry.npmjs.org/typedarray/-/typedarray-0.0.6.tgz 0ms (cache hit)
2463 http cache readable-stream@https://registry.npmjs.org/readable-stream/-/readable-stream-2.3.8.tgz 0ms (cache hit)
2464 http cache ajv@https://registry.npmjs.org/ajv/-/ajv-6.15.0.tgz 0ms (cache hit)
2465 http cache mkdirp@https://registry.npmjs.org/mkdirp/-/mkdirp-0.5.6.tgz 0ms (cache hit)
2466 http cache buffer-from@https://registry.npmjs.org/buffer-from/-/buffer-from-1.1.2.tgz 0ms (cache hit)
2467 http cache xtend@https://registry.npmjs.org/xtend/-/xtend-4.0.2.tgz 0ms (cache hit)
2468 http cache append-field@https://registry.npmjs.org/append-field/-/append-field-1.0.0.tgz 0ms (cache hit)
2469 http cache streamsearch@https://registry.npmjs.org/streamsearch/-/streamsearch-1.1.0.tgz 0ms (cache hit)
2470 http cache sift@https://registry.npmjs.org/sift/-/sift-17.1.3.tgz 0ms (cache hit)
2471 http cache mquery@https://registry.npmjs.org/mquery/-/mquery-5.0.0.tgz 0ms (cache hit)
2472 http cache busboy@https://registry.npmjs.org/busboy/-/busboy-1.6.0.tgz 0ms (cache hit)
2473 http cache concat-stream@https://registry.npmjs.org/concat-stream/-/concat-stream-1.6.2.tgz 0ms (cache hit)
2474 http cache bson@https://registry.npmjs.org/bson/-/bson-6.10.4.tgz 0ms (cache hit)
2475 http cache mpath@https://registry.npmjs.org/mpath/-/mpath-0.9.0.tgz 0ms (cache hit)
2476 http cache kareem@https://registry.npmjs.org/kareem/-/kareem-2.6.3.tgz 0ms (cache hit)
2477 http cache mime-db@https://registry.npmjs.org/mime-db/-/mime-db-1.52.0.tgz 0ms (cache hit)
2478 http cache buffer-equal-constant-time@https://registry.npmjs.org/buffer-equal-constant-time/-/buffer-equal-constant-time-1.0.1.tgz 0ms (cache hit)
2479 http cache jwa@https://registry.npmjs.org/jwa/-/jwa-2.0.1.tgz 0ms (cache hit)
2480 http cache semver@https://registry.npmjs.org/semver/-/semver-7.7.4.tgz 0ms (cache hit)
2481 http cache lodash.isplainobject@https://registry.npmjs.org/lodash.isplainobject/-/lodash.isplainobject-4.0.6.tgz 0ms (cache hit)
2482 http cache lodash.isinteger@https://registry.npmjs.org/lodash.isinteger/-/lodash.isinteger-4.0.4.tgz 0ms (cache hit)
2483 http cache lodash.includes@https://registry.npmjs.org/lodash.includes/-/lodash.includes-4.3.0.tgz 0ms (cache hit)
2484 http cache lodash.isstring@https://registry.npmjs.org/lodash.isstring/-/lodash.isstring-4.0.1.tgz 0ms (cache hit)
2485 http cache lodash.once@https://registry.npmjs.org/lodash.once/-/lodash.once-4.1.1.tgz 0ms (cache hit)
2486 http cache lodash.isboolean@https://registry.npmjs.org/lodash.isboolean/-/lodash.isboolean-3.0.3.tgz 0ms (cache hit)
2487 http cache bignumber.js@https://registry.npmjs.org/bignumber.js/-/bignumber.js-9.3.1.tgz 0ms (cache hit)
2488 http cache lodash.isnumber@https://registry.npmjs.org/lodash.isnumber/-/lodash.isnumber-3.0.3.tgz 0ms (cache hit)
2489 http cache safer-buffer@https://registry.npmjs.org/safer-buffer/-/safer-buffer-2.1.2.tgz 0ms (cache hit)
2490 http cache agent-base@https://registry.npmjs.org/agent-base/-/agent-base-7.1.4.tgz 0ms (cache hit)
2491 http cache inherits@https://registry.npmjs.org/inherits/-/inherits-2.0.4.tgz 0ms (cache hit)
2492 http cache json-bigint@https://registry.npmjs.org/json-bigint/-/json-bigint-1.0.0.tgz 0ms (cache hit)
2493 http cache google-logging-utils@https://registry.npmjs.org/google-logging-utils/-/google-logging-utils-0.0.2.tgz 0ms (cache hit)
2494 http cache uuid@https://registry.npmjs.org/uuid/-/uuid-9.0.1.tgz 0ms (cache hit)
2495 http cache toidentifier@https://registry.npmjs.org/toidentifier/-/toidentifier-1.0.1.tgz 0ms (cache hit)
2496 http cache https-proxy-agent@https://registry.npmjs.org/https-proxy-agent/-/https-proxy-agent-7.0.6.tgz 0ms (cache hit)
2497 http cache node-fetch@https://registry.npmjs.org/node-fetch/-/node-fetch-2.7.0.tgz 0ms (cache hit)
2498 http cache extend@https://registry.npmjs.org/extend/-/extend-3.0.2.tgz 0ms (cache hit)
2499 http cache gtoken@https://registry.npmjs.org/gtoken/-/gtoken-7.1.0.tgz 0ms (cache hit)
2500 http cache base64-js@https://registry.npmjs.org/base64-js/-/base64-js-1.5.1.tgz 0ms (cache hit)
2501 http cache is-stream@https://registry.npmjs.org/is-stream/-/is-stream-2.0.1.tgz 0ms (cache hit)
2502 http cache gcp-metadata@https://registry.npmjs.org/gcp-metadata/-/gcp-metadata-6.1.1.tgz 0ms (cache hit)
2503 http cache fast-xml-builder@https://registry.npmjs.org/fast-xml-builder/-/fast-xml-builder-1.1.5.tgz 0ms (cache hit)
2504 http cache ecdsa-sig-formatter@https://registry.npmjs.org/ecdsa-sig-formatter/-/ecdsa-sig-formatter-1.0.11.tgz 0ms (cache hit)
2505 http cache @nodable/entities@https://registry.npmjs.org/@nodable/entities/-/entities-2.1.0.tgz 0ms (cache hit)
2506 http cache gaxios@https://registry.npmjs.org/gaxios/-/gaxios-6.7.1.tgz 0ms (cache hit)
2507 http cache jws@https://registry.npmjs.org/jws/-/jws-4.0.1.tgz 0ms (cache hit)
2508 http cache strnum@https://registry.npmjs.org/strnum/-/strnum-2.2.3.tgz 0ms (cache hit)
2509 http cache validator@https://registry.npmjs.org/validator/-/validator-13.15.35.tgz 0ms (cache hit)
2510 http cache path-expression-matcher@https://registry.npmjs.org/path-expression-matcher/-/path-expression-matcher-1.5.0.tgz 0ms (cache hit)
2511 http cache lodash@https://registry.npmjs.org/lodash/-/lodash-4.18.1.tgz 0ms (cache hit)
2512 http cache ms@https://registry.npmjs.org/ms/-/ms-2.0.0.tgz 0ms (cache hit)
2513 http cache unpipe@https://registry.npmjs.org/unpipe/-/unpipe-1.0.0.tgz 0ms (cache hit)
2514 http cache negotiator@https://registry.npmjs.org/negotiator/-/negotiator-0.6.3.tgz 0ms (cache hit)
2515 http cache raw-body@https://registry.npmjs.org/raw-body/-/raw-body-2.5.3.tgz 0ms (cache hit)
2516 http cache destroy@https://registry.npmjs.org/destroy/-/destroy-1.2.0.tgz 0ms (cache hit)
2517 http cache bytes@https://registry.npmjs.org/bytes/-/bytes-3.1.2.tgz 0ms (cache hit)
2518 http cache type-is@https://registry.npmjs.org/type-is/-/type-is-1.6.18.tgz 0ms (cache hit)
2519 http cache mime-types@https://registry.npmjs.org/mime-types/-/mime-types-2.1.35.tgz 0ms (cache hit)
2520 http cache utils-merge@https://registry.npmjs.org/utils-merge/-/utils-merge-1.0.1.tgz 0ms (cache hit)
2521 http cache serve-static@https://registry.npmjs.org/serve-static/-/serve-static-1.16.3.tgz 0ms (cache hit)
2522 http cache statuses@https://registry.npmjs.org/statuses/-/statuses-2.0.2.tgz 0ms (cache hit)
2523 http cache iconv-lite@https://registry.npmjs.org/iconv-lite/-/iconv-lite-0.4.24.tgz 0ms (cache hit)
2524 http cache send@https://registry.npmjs.org/send/-/send-0.19.2.tgz 0ms (cache hit)
2525 http cache range-parser@https://registry.npmjs.org/range-parser/-/range-parser-1.2.1.tgz 0ms (cache hit)
2526 http cache setprototypeof@https://registry.npmjs.org/setprototypeof/-/setprototypeof-1.2.0.tgz 0ms (cache hit)
2527 http cache qs@https://registry.npmjs.org/qs/-/qs-6.14.2.tgz 0ms (cache hit)
2528 http cache proxy-addr@https://registry.npmjs.org/proxy-addr/-/proxy-addr-2.0.7.tgz 0ms (cache hit)
2529 http cache safe-buffer@https://registry.npmjs.org/safe-buffer/-/safe-buffer-5.2.1.tgz 0ms (cache hit)
2530 http cache path-to-regexp@https://registry.npmjs.org/path-to-regexp/-/path-to-regexp-0.1.13.tgz 0ms (cache hit)
2531 http cache methods@https://registry.npmjs.org/methods/-/methods-1.1.2.tgz 0ms (cache hit)
2532 http cache merge-descriptors@https://registry.npmjs.org/merge-descriptors/-/merge-descriptors-1.0.3.tgz 0ms (cache hit)
2533 http cache on-finished@https://registry.npmjs.org/on-finished/-/on-finished-2.4.1.tgz 0ms (cache hit)
2534 http cache http-errors@https://registry.npmjs.org/http-errors/-/http-errors-2.0.1.tgz 0ms (cache hit)
2535 http cache finalhandler@https://registry.npmjs.org/finalhandler/-/finalhandler-1.3.2.tgz 0ms (cache hit)
2536 http cache etag@https://registry.npmjs.org/etag/-/etag-1.8.1.tgz 0ms (cache hit)
2537 http cache fresh@https://registry.npmjs.org/fresh/-/fresh-0.5.2.tgz 0ms (cache hit)
2538 http cache depd@https://registry.npmjs.org/depd/-/depd-2.0.0.tgz 0ms (cache hit)
2539 http cache parseurl@https://registry.npmjs.org/parseurl/-/parseurl-1.3.3.tgz 0ms (cache hit)
2540 http cache escape-html@https://registry.npmjs.org/escape-html/-/escape-html-1.0.3.tgz 0ms (cache hit)
2541 http cache encodeurl@https://registry.npmjs.org/encodeurl/-/encodeurl-2.0.0.tgz 0ms (cache hit)
2542 http cache debug@https://registry.npmjs.org/debug/-/debug-2.6.9.tgz 0ms (cache hit)
2543 http cache content-disposition@https://registry.npmjs.org/content-disposition/-/content-disposition-0.5.4.tgz 0ms (cache hit)
2544 http cache content-type@https://registry.npmjs.org/content-type/-/content-type-1.0.5.tgz 0ms (cache hit)
2545 http cache body-parser@https://registry.npmjs.org/body-parser/-/body-parser-1.20.4.tgz 0ms (cache hit)
2546 http cache accepts@https://registry.npmjs.org/accepts/-/accepts-1.3.8.tgz 0ms (cache hit)
2547 http cache array-flatten@https://registry.npmjs.org/array-flatten/-/array-flatten-1.1.1.tgz 0ms (cache hit)
2548 http cache object-assign@https://registry.npmjs.org/object-assign/-/object-assign-4.1.1.tgz 0ms (cache hit)
2549 http cache vary@https://registry.npmjs.org/vary/-/vary-1.1.2.tgz 0ms (cache hit)
2550 http cache cookie@https://registry.npmjs.org/cookie/-/cookie-0.7.2.tgz 0ms (cache hit)
2551 http cache @smithy/util-uri-escape@https://registry.npmjs.org/@smithy/util-uri-escape/-/util-uri-escape-4.2.2.tgz 0ms (cache hit)
2552 http cache @smithy/service-error-classification@https://registry.npmjs.org/@smithy/service-error-classification/-/service-error-classification-4.3.0.tgz 0ms (cache hit)
2553 http cache @smithy/chunked-blob-reader-native@https://registry.npmjs.org/@smithy/chunked-blob-reader-native/-/chunked-blob-reader-native-4.2.3.tgz 0ms (cache hit)
2554 http cache @smithy/util-buffer-from@https://registry.npmjs.org/@smithy/util-buffer-from/-/util-buffer-from-4.2.2.tgz 0ms (cache hit)
2555 http cache cookie-signature@https://registry.npmjs.org/cookie-signature/-/cookie-signature-1.0.6.tgz 0ms (cache hit)
2556 http cache @smithy/util-hex-encoding@https://registry.npmjs.org/@smithy/util-hex-encoding/-/util-hex-encoding-4.2.2.tgz 0ms (cache hit)
2557 http cache @smithy/querystring-parser@https://registry.npmjs.org/@smithy/querystring-parser/-/querystring-parser-4.2.14.tgz 0ms (cache hit)
2558 http cache @smithy/uuid@https://registry.npmjs.org/@smithy/uuid/-/uuid-1.1.2.tgz 0ms (cache hit)
2559 http cache @smithy/eventstream-codec@https://registry.npmjs.org/@smithy/eventstream-codec/-/eventstream-codec-4.2.14.tgz 0ms (cache hit)
2560 http cache @smithy/eventstream-serde-universal@https://registry.npmjs.org/@smithy/eventstream-serde-universal/-/eventstream-serde-universal-4.2.14.tgz 0ms (cache hit)
2561 http cache @smithy/chunked-blob-reader@https://registry.npmjs.org/@smithy/chunked-blob-reader/-/chunked-blob-reader-5.2.2.tgz 0ms (cache hit)
2562 http cache rewire@https://registry.npmjs.org/rewire/-/rewire-7.0.0.tgz 0ms (cache hit)
2563 http cache request@https://registry.npmjs.org/request/-/request-2.88.2.tgz 0ms (cache hit)
2564 http cache fast-xml-parser@https://registry.npmjs.org/fast-xml-parser/-/fast-xml-parser-5.7.1.tgz 0ms (cache hit)
2565 http cache @smithy/querystring-builder@https://registry.npmjs.org/@smithy/querystring-builder/-/querystring-builder-4.2.14.tgz 0ms (cache hit)
2566 http cache bowser@https://registry.npmjs.org/bowser/-/bowser-2.14.1.tgz 0ms (cache hit)
2567 http cache @aws-sdk/util-format-url@https://registry.npmjs.org/@aws-sdk/util-format-url/-/util-format-url-3.972.10.tgz 0ms (cache hit)
2568 http cache bluebird@https://registry.npmjs.org/bluebird/-/bluebird-3.7.2.tgz 0ms (cache hit)
2569 http cache @aws/lambda-invoke-store@https://registry.npmjs.org/@aws/lambda-invoke-store/-/lambda-invoke-store-0.2.4.tgz 0ms (cache hit)
2570 http cache @aws-sdk/crc64-nvme@https://registry.npmjs.org/@aws-sdk/crc64-nvme/-/crc64-nvme-3.972.7.tgz 0ms (cache hit)
2571 http cache @aws-crypto/crc32c@https://registry.npmjs.org/@aws-crypto/crc32c/-/crc32c-5.2.0.tgz 0ms (cache hit)
2572 http cache @smithy/util-config-provider@https://registry.npmjs.org/@smithy/util-config-provider/-/util-config-provider-4.2.2.tgz 0ms (cache hit)
2573 http cache @smithy/is-array-buffer@https://registry.npmjs.org/@smithy/is-array-buffer/-/is-array-buffer-4.2.2.tgz 0ms (cache hit)
2574 http cache @aws-crypto/crc32@https://registry.npmjs.org/@aws-crypto/crc32/-/crc32-5.2.0.tgz 0ms (cache hit)
2575 http cache @aws-sdk/token-providers@https://registry.npmjs.org/@aws-sdk/token-providers/-/token-providers-3.1036.0.tgz 0ms (cache hit)
2576 http cache @aws-sdk/util-arn-parser@https://registry.npmjs.org/@aws-sdk/util-arn-parser/-/util-arn-parser-3.972.3.tgz 0ms (cache hit)
2577 http cache @aws-sdk/credential-provider-login@https://registry.npmjs.org/@aws-sdk/credential-provider-login/-/credential-provider-login-3.972.35.tgz 0ms (cache hit)
2578 http cache @aws-sdk/nested-clients@https://registry.npmjs.org/@aws-sdk/nested-clients/-/nested-clients-3.997.3.tgz 0ms (cache hit)
2579 http cache @smithy/shared-ini-file-loader@https://registry.npmjs.org/@smithy/shared-ini-file-loader/-/shared-ini-file-loader-4.4.9.tgz 0ms (cache hit)
2580 http cache @aws-sdk/credential-provider-web-identity@https://registry.npmjs.org/@aws-sdk/credential-provider-web-identity/-/credential-provider-web-identity-3.972.35.tgz 0ms (cache hit)
2581 http cache @smithy/credential-provider-imds@https://registry.npmjs.org/@smithy/credential-provider-imds/-/credential-provider-imds-4.2.14.tgz 0ms (cache hit)
2582 http cache @aws-sdk/credential-provider-env@https://registry.npmjs.org/@aws-sdk/credential-provider-env/-/credential-provider-env-3.972.31.tgz 0ms (cache hit)
2583 http cache @aws-sdk/credential-provider-process@https://registry.npmjs.org/@aws-sdk/credential-provider-process/-/credential-provider-process-3.972.31.tgz 0ms (cache hit)
2584 http cache @aws-sdk/credential-provider-http@https://registry.npmjs.org/@aws-sdk/credential-provider-http/-/credential-provider-http-3.972.33.tgz 0ms (cache hit)
2585 http cache @aws-sdk/credential-provider-ini@https://registry.npmjs.org/@aws-sdk/credential-provider-ini/-/credential-provider-ini-3.972.35.tgz 0ms (cache hit)
2586 http cache @aws-crypto/util@https://registry.npmjs.org/@aws-crypto/util/-/util-5.2.0.tgz 0ms (cache hit)
2587 http cache @aws-sdk/xml-builder@https://registry.npmjs.org/@aws-sdk/xml-builder/-/xml-builder-3.972.19.tgz 0ms (cache hit)
2588 http cache @smithy/signature-v4@https://registry.npmjs.org/@smithy/signature-v4/-/signature-v4-5.3.14.tgz 0ms (cache hit)
2589 http cache @aws-sdk/credential-provider-sso@https://registry.npmjs.org/@aws-sdk/credential-provider-sso/-/credential-provider-sso-3.972.35.tgz 0ms (cache hit)
2590 http cache @smithy/property-provider@https://registry.npmjs.org/@smithy/property-provider/-/property-provider-4.2.14.tgz 0ms (cache hit)
2591 http cache @aws-sdk/util-locate-window@https://registry.npmjs.org/@aws-sdk/util-locate-window/-/util-locate-window-3.965.5.tgz 0ms (cache hit)
2592 http cache @smithy/util-stream@https://registry.npmjs.org/@smithy/util-stream/-/util-stream-4.5.25.tgz 0ms (cache hit)
2593 http cache tslib@https://registry.npmjs.org/tslib/-/tslib-2.8.1.tgz 0ms (cache hit)
2594 http cache @smithy/util-utf8@https://registry.npmjs.org/@smithy/util-utf8/-/util-utf8-4.2.2.tgz 0ms (cache hit)
2595 http cache @smithy/util-waiter@https://registry.npmjs.org/@smithy/util-waiter/-/util-waiter-4.2.16.tgz 0ms (cache hit)
2596 http cache @aws-crypto/supports-web-crypto@https://registry.npmjs.org/@aws-crypto/supports-web-crypto/-/supports-web-crypto-5.2.0.tgz 0ms (cache hit)
2597 http cache @smithy/util-endpoints@https://registry.npmjs.org/@smithy/util-endpoints/-/util-endpoints-3.4.2.tgz 0ms (cache hit)
2598 http cache @smithy/util-middleware@https://registry.npmjs.org/@smithy/util-middleware/-/util-middleware-4.2.14.tgz 0ms (cache hit)
2599 http cache @smithy/util-defaults-mode-node@https://registry.npmjs.org/@smithy/util-defaults-mode-node/-/util-defaults-mode-node-4.2.54.tgz 0ms (cache hit)
2600 http cache @smithy/util-body-length-browser@https://registry.npmjs.org/@smithy/util-body-length-browser/-/util-body-length-browser-4.2.2.tgz 0ms (cache hit)
2601 http cache @smithy/util-base64@https://registry.npmjs.org/@smithy/util-base64/-/util-base64-4.3.2.tgz 0ms (cache hit)
2602 http cache @smithy/util-body-length-node@https://registry.npmjs.org/@smithy/util-body-length-node/-/util-body-length-node-4.2.3.tgz 0ms (cache hit)
2603 http cache @smithy/util-defaults-mode-browser@https://registry.npmjs.org/@smithy/util-defaults-mode-browser/-/util-defaults-mode-browser-4.3.49.tgz 0ms (cache hit)
2604 http cache @smithy/util-retry@https://registry.npmjs.org/@smithy/util-retry/-/util-retry-4.3.4.tgz 0ms (cache hit)
2605 http cache @smithy/types@https://registry.npmjs.org/@smithy/types/-/types-4.14.1.tgz 0ms (cache hit)
2606 http cache @smithy/smithy-client@https://registry.npmjs.org/@smithy/smithy-client/-/smithy-client-4.12.13.tgz 0ms (cache hit)
2607 http cache @smithy/url-parser@https://registry.npmjs.org/@smithy/url-parser/-/url-parser-4.2.14.tgz 0ms (cache hit)
2608 http cache @smithy/middleware-stack@https://registry.npmjs.org/@smithy/middleware-stack/-/middleware-stack-4.2.14.tgz 0ms (cache hit)
2609 http cache @smithy/node-config-provider@https://registry.npmjs.org/@smithy/node-config-provider/-/node-config-provider-4.3.14.tgz 0ms (cache hit)
2610 http cache @smithy/node-http-handler@https://registry.npmjs.org/@smithy/node-http-handler/-/node-http-handler-4.6.1.tgz 0ms (cache hit)
2611 http cache @smithy/middleware-retry@https://registry.npmjs.org/@smithy/middleware-retry/-/middleware-retry-4.5.5.tgz 0ms (cache hit)
2612 http cache @smithy/protocol-http@https://registry.npmjs.org/@smithy/protocol-http/-/protocol-http-5.3.14.tgz 0ms (cache hit)
2613 http cache @smithy/middleware-endpoint@https://registry.npmjs.org/@smithy/middleware-endpoint/-/middleware-endpoint-4.4.32.tgz 0ms (cache hit)
2614 http cache @smithy/md5-js@https://registry.npmjs.org/@smithy/md5-js/-/md5-js-4.2.14.tgz 0ms (cache hit)
2615 http cache @smithy/hash-stream-node@https://registry.npmjs.org/@smithy/hash-stream-node/-/hash-stream-node-4.2.14.tgz 0ms (cache hit)
2616 http cache @smithy/middleware-content-length@https://registry.npmjs.org/@smithy/middleware-content-length/-/middleware-content-length-4.2.14.tgz 0ms (cache hit)
2617 http cache @smithy/middleware-serde@https://registry.npmjs.org/@smithy/middleware-serde/-/middleware-serde-4.2.20.tgz 0ms (cache hit)
2618 http cache @smithy/invalid-dependency@https://registry.npmjs.org/@smithy/invalid-dependency/-/invalid-dependency-4.2.14.tgz 0ms (cache hit)
2619 http cache @smithy/hash-node@https://registry.npmjs.org/@smithy/hash-node/-/hash-node-4.2.14.tgz 0ms (cache hit)
2620 http cache @smithy/fetch-http-handler@https://registry.npmjs.org/@smithy/fetch-http-handler/-/fetch-http-handler-5.3.17.tgz 0ms (cache hit)
2621 http cache @smithy/hash-blob-browser@https://registry.npmjs.org/@smithy/hash-blob-browser/-/hash-blob-browser-4.2.15.tgz 0ms (cache hit)
2622 http cache @smithy/eventstream-serde-config-resolver@https://registry.npmjs.org/@smithy/eventstream-serde-config-resolver/-/eventstream-serde-config-resolver-4.3.14.tgz 0ms (cache hit)
2623 http cache @smithy/eventstream-serde-node@https://registry.npmjs.org/@smithy/eventstream-serde-node/-/eventstream-serde-node-4.2.14.tgz 0ms (cache hit)
2624 http cache @smithy/core@https://registry.npmjs.org/@smithy/core/-/core-3.23.17.tgz 0ms (cache hit)
2625 http cache @aws-sdk/util-user-agent-node@https://registry.npmjs.org/@aws-sdk/util-user-agent-node/-/util-user-agent-node-3.973.21.tgz 0ms (cache hit)
2626 http cache @smithy/config-resolver@https://registry.npmjs.org/@smithy/config-resolver/-/config-resolver-4.4.17.tgz 0ms (cache hit)
2627 http cache @aws-sdk/util-user-agent-browser@https://registry.npmjs.org/@aws-sdk/util-user-agent-browser/-/util-user-agent-browser-3.972.10.tgz 0ms (cache hit)
2628 http cache @aws-sdk/util-endpoints@https://registry.npmjs.org/@aws-sdk/util-endpoints/-/util-endpoints-3.996.8.tgz 0ms (cache hit)
2629 http cache @aws-sdk/signature-v4-multi-region@https://registry.npmjs.org/@aws-sdk/signature-v4-multi-region/-/signature-v4-multi-region-3.996.22.tgz 0ms (cache hit)
2630 http cache @aws-sdk/region-config-resolver@https://registry.npmjs.org/@aws-sdk/region-config-resolver/-/region-config-resolver-3.972.13.tgz 0ms (cache hit)
2631 http cache @aws-sdk/types@https://registry.npmjs.org/@aws-sdk/types/-/types-3.973.8.tgz 0ms (cache hit)
2632 http cache @smithy/eventstream-serde-browser@https://registry.npmjs.org/@smithy/eventstream-serde-browser/-/eventstream-serde-browser-4.2.14.tgz 0ms (cache hit)
2633 http cache @aws-sdk/middleware-user-agent@https://registry.npmjs.org/@aws-sdk/middleware-user-agent/-/middleware-user-agent-3.972.35.tgz 0ms (cache hit)
2634 http cache @aws-sdk/middleware-sdk-s3@https://registry.npmjs.org/@aws-sdk/middleware-sdk-s3/-/middleware-sdk-s3-3.972.34.tgz 0ms (cache hit)
2635 http cache @aws-sdk/middleware-logger@https://registry.npmjs.org/@aws-sdk/middleware-logger/-/middleware-logger-3.972.10.tgz 0ms (cache hit)
2636 http cache @aws-sdk/middleware-ssec@https://registry.npmjs.org/@aws-sdk/middleware-ssec/-/middleware-ssec-3.972.10.tgz 0ms (cache hit)
2637 http cache @aws-sdk/middleware-host-header@https://registry.npmjs.org/@aws-sdk/middleware-host-header/-/middleware-host-header-3.972.10.tgz 0ms (cache hit)
2638 http cache @aws-sdk/middleware-expect-continue@https://registry.npmjs.org/@aws-sdk/middleware-expect-continue/-/middleware-expect-continue-3.972.10.tgz 0ms (cache hit)
2639 http cache @aws-sdk/middleware-recursion-detection@https://registry.npmjs.org/@aws-sdk/middleware-recursion-detection/-/middleware-recursion-detection-3.972.11.tgz 0ms (cache hit)
2640 http cache @aws-sdk/middleware-location-constraint@https://registry.npmjs.org/@aws-sdk/middleware-location-constraint/-/middleware-location-constraint-3.972.10.tgz 0ms (cache hit)
2641 http cache @aws-sdk/middleware-flexible-checksums@https://registry.npmjs.org/@aws-sdk/middleware-flexible-checksums/-/middleware-flexible-checksums-3.974.13.tgz 0ms (cache hit)
2642 http cache @aws-sdk/middleware-bucket-endpoint@https://registry.npmjs.org/@aws-sdk/middleware-bucket-endpoint/-/middleware-bucket-endpoint-3.972.10.tgz 0ms (cache hit)
2643 http cache @aws-sdk/credential-provider-node@https://registry.npmjs.org/@aws-sdk/credential-provider-node/-/credential-provider-node-3.972.36.tgz 0ms (cache hit)
2644 http cache @aws-sdk/core@https://registry.npmjs.org/@aws-sdk/core/-/core-3.974.5.tgz 0ms (cache hit)
2645 http cache @aws-crypto/sha1-browser@https://registry.npmjs.org/@aws-crypto/sha1-browser/-/sha1-browser-5.2.0.tgz 0ms (cache hit)
2646 http cache @aws-crypto/sha256-browser@https://registry.npmjs.org/@aws-crypto/sha256-browser/-/sha256-browser-5.2.0.tgz 0ms (cache hit)
2647 http cache stripe@https://registry.npmjs.org/stripe/-/stripe-22.1.0.tgz 0ms (cache hit)
2648 http cache @aws-crypto/sha256-js@https://registry.npmjs.org/@aws-crypto/sha256-js/-/sha256-js-5.2.0.tgz 0ms (cache hit)
2649 http cache twilio@https://registry.npmjs.org/twilio/-/twilio-5.13.1.tgz 0ms (cache hit)
2650 http cache multer@https://registry.npmjs.org/multer/-/multer-1.4.5-lts.2.tgz 0ms (cache hit)
2651 http cache mongoose@https://registry.npmjs.org/mongoose/-/mongoose-8.23.1.tgz 0ms (cache hit)
2652 http cache jsonwebtoken@https://registry.npmjs.org/jsonwebtoken/-/jsonwebtoken-9.0.3.tgz 0ms (cache hit)
2653 http cache express-validator@https://registry.npmjs.org/express-validator/-/express-validator-7.3.2.tgz 0ms (cache hit)
2654 http cache google-auth-library@https://registry.npmjs.org/google-auth-library/-/google-auth-library-9.15.1.tgz 0ms (cache hit)
2655 http cache dotenv@https://registry.npmjs.org/dotenv/-/dotenv-16.6.1.tgz 0ms (cache hit)
2656 http cache express@https://registry.npmjs.org/express/-/express-4.22.1.tgz 0ms (cache hit)
2657 http cache cookie-parser@https://registry.npmjs.org/cookie-parser/-/cookie-parser-1.4.7.tgz 0ms (cache hit)
2658 http cache cors@https://registry.npmjs.org/cors/-/cors-2.8.6.tgz 0ms (cache hit)
2659 http cache bcryptjs@https://registry.npmjs.org/bcryptjs/-/bcryptjs-2.4.3.tgz 0ms (cache hit)
2660 http cache @aws-sdk/s3-request-presigner@https://registry.npmjs.org/@aws-sdk/s3-request-presigner/-/s3-request-presigner-3.1036.0.tgz 0ms (cache hit)
2661 http cache @getbrevo/brevo@https://registry.npmjs.org/@getbrevo/brevo/-/brevo-2.5.0.tgz 0ms (cache hit)
2662 http cache tr46@https://registry.npmjs.org/tr46/-/tr46-5.1.1.tgz 0ms (cache hit)
2663 http cache webidl-conversions@https://registry.npmjs.org/webidl-conversions/-/webidl-conversions-7.0.0.tgz 0ms (cache hit)
2664 http cache whatwg-url@https://registry.npmjs.org/whatwg-url/-/whatwg-url-14.2.0.tgz 0ms (cache hit)
2665 http cache @aws-sdk/client-s3@https://registry.npmjs.org/@aws-sdk/client-s3/-/client-s3-3.1036.0.tgz 0ms (cache hit)
2666 http cache debug@https://registry.npmjs.org/debug/-/debug-4.4.3.tgz 0ms (cache hit)
2667 http cache ms@https://registry.npmjs.org/ms/-/ms-2.1.3.tgz 0ms (cache hit)
2668 http cache debug@https://registry.npmjs.org/debug/-/debug-4.4.3.tgz 0ms (cache hit)
2669 http cache ms@https://registry.npmjs.org/ms/-/ms-2.1.3.tgz 0ms (cache hit)
2670 http cache form-data@https://registry.npmjs.org/form-data/-/form-data-4.0.5.tgz 0ms (cache hit)
2671 http cache core-util-is@https://registry.npmjs.org/core-util-is/-/core-util-is-1.0.2.tgz 0ms (cache hit)
2672 http cache safe-buffer@https://registry.npmjs.org/safe-buffer/-/safe-buffer-5.1.2.tgz 0ms (cache hit)
2673 http cache ms@https://registry.npmjs.org/ms/-/ms-2.1.3.tgz 0ms (cache hit)
2674 http cache debug@https://registry.npmjs.org/debug/-/debug-4.4.3.tgz 0ms (cache hit)
2675 http cache safe-buffer@https://registry.npmjs.org/safe-buffer/-/safe-buffer-5.1.2.tgz 0ms (cache hit)
2676 http cache uuid@https://registry.npmjs.org/uuid/-/uuid-3.4.0.tgz 0ms (cache hit)
2677 http cache debug@https://registry.npmjs.org/debug/-/debug-4.4.3.tgz 0ms (cache hit)
2678 http cache debug@https://registry.npmjs.org/debug/-/debug-4.4.3.tgz 0ms (cache hit)
2679 http cache ms@https://registry.npmjs.org/ms/-/ms-2.1.3.tgz 0ms (cache hit)
2680 http cache ms@https://registry.npmjs.org/ms/-/ms-2.1.3.tgz 0ms (cache hit)
2681 http cache ms@https://registry.npmjs.org/ms/-/ms-2.1.3.tgz 0ms (cache hit)
2682 http cache qs@https://registry.npmjs.org/qs/-/qs-6.5.5.tgz 0ms (cache hit)
2683 http cache @smithy/is-array-buffer@https://registry.npmjs.org/@smithy/is-array-buffer/-/is-array-buffer-2.2.0.tgz 0ms (cache hit)
2684 http cache @smithy/util-utf8@https://registry.npmjs.org/@smithy/util-utf8/-/util-utf8-2.3.0.tgz 0ms (cache hit)
2685 http cache @smithy/util-utf8@https://registry.npmjs.org/@smithy/util-utf8/-/util-utf8-2.3.0.tgz 0ms (cache hit)
2686 http cache @smithy/is-array-buffer@https://registry.npmjs.org/@smithy/is-array-buffer/-/is-array-buffer-2.2.0.tgz 0ms (cache hit)
2687 http cache @smithy/util-buffer-from@https://registry.npmjs.org/@smithy/util-buffer-from/-/util-buffer-from-2.2.0.tgz 0ms (cache hit)
2688 http cache @smithy/util-buffer-from@https://registry.npmjs.org/@smithy/util-buffer-from/-/util-buffer-from-2.2.0.tgz 0ms (cache hit)
2689 http cache @smithy/util-utf8@https://registry.npmjs.org/@smithy/util-utf8/-/util-utf8-2.3.0.tgz 0ms (cache hit)
2690 http cache @smithy/util-buffer-from@https://registry.npmjs.org/@smithy/util-buffer-from/-/util-buffer-from-2.2.0.tgz 0ms (cache hit)
2691 http cache @smithy/is-array-buffer@https://registry.npmjs.org/@smithy/is-array-buffer/-/is-array-buffer-2.2.0.tgz 0ms (cache hit)
2692 http cache agent-base@https://registry.npmjs.org/agent-base/-/agent-base-6.0.2.tgz 0ms (cache hit)
2693 http cache ms@https://registry.npmjs.org/ms/-/ms-2.1.3.tgz 0ms (cache hit)
2694 http cache agent-base@https://registry.npmjs.org/agent-base/-/agent-base-6.0.2.tgz 0ms (cache hit)
2695 http cache debug@https://registry.npmjs.org/debug/-/debug-4.4.3.tgz 0ms (cache hit)
2696 http cache https-proxy-agent@https://registry.npmjs.org/https-proxy-agent/-/https-proxy-agent-5.0.1.tgz 0ms (cache hit)
2697 http cache gaxios@https://registry.npmjs.org/gaxios/-/gaxios-5.1.3.tgz 0ms (cache hit)
2698 http cache debug@https://registry.npmjs.org/debug/-/debug-4.4.3.tgz 0ms (cache hit)
2699 http cache https-proxy-agent@https://registry.npmjs.org/https-proxy-agent/-/https-proxy-agent-5.0.1.tgz 0ms (cache hit)
2700 http cache ms@https://registry.npmjs.org/ms/-/ms-2.1.3.tgz 0ms (cache hit)
2701 http cache gcp-metadata@https://registry.npmjs.org/gcp-metadata/-/gcp-metadata-5.3.0.tgz 0ms (cache hit)
2702 http cache mongodb@https://registry.npmjs.org/mongodb/-/mongodb-6.20.0.tgz 0ms (cache hit)
2703 silly tarball no local data for memory-pager@https://registry.npmjs.org/memory-pager/-/memory-pager-1.5.0.tgz. Extracting by manifest.
2704 silly tarball no local data for @types/webidl-conversions@https://registry.npmjs.org/@types/webidl-conversions/-/webidl-conversions-7.0.3.tgz. Extracting by manifest.
2705 silly tarball no local data for @types/whatwg-url@https://registry.npmjs.org/@types/whatwg-url/-/whatwg-url-11.0.5.tgz. Extracting by manifest.
2706 silly tarball no local data for has-tostringtag@https://registry.npmjs.org/has-tostringtag/-/has-tostringtag-1.0.2.tgz. Extracting by manifest.
2707 silly tarball no local data for mongodb-connection-string-url@https://registry.npmjs.org/mongodb-connection-string-url/-/mongodb-connection-string-url-3.0.2.tgz. Extracting by manifest.
2708 silly tarball no local data for @mongodb-js/saslprep@https://registry.npmjs.org/@mongodb-js/saslprep/-/saslprep-1.4.9.tgz. Extracting by manifest.
2709 silly tarball no local data for es-set-tostringtag@https://registry.npmjs.org/es-set-tostringtag/-/es-set-tostringtag-2.1.0.tgz. Extracting by manifest.
2710 silly tarball no local data for sparse-bitfield@https://registry.npmjs.org/sparse-bitfield/-/sparse-bitfield-3.0.3.tgz. Extracting by manifest.
2711 silly tarball no local data for isexe@https://registry.npmjs.org/isexe/-/isexe-2.0.0.tgz. Extracting by manifest.
2712 silly tarball no local data for media-typer@https://registry.npmjs.org/media-typer/-/media-typer-0.3.0.tgz. Extracting by manifest.
2713 silly tarball no local data for webidl-conversions@https://registry.npmjs.org/webidl-conversions/-/webidl-conversions-3.0.1.tgz. Extracting by manifest.
2714 silly tarball no local data for tr46@https://registry.npmjs.org/tr46/-/tr46-0.0.3.tgz. Extracting by manifest.
2715 silly tarball no local data for follow-redirects@https://registry.npmjs.org/follow-redirects/-/follow-redirects-1.16.0.tgz. Extracting by manifest.
2716 silly tarball no local data for scmp@https://registry.npmjs.org/scmp/-/scmp-2.1.0.tgz. Extracting by manifest.
2717 silly tarball no local data for punycode@https://registry.npmjs.org/punycode/-/punycode-2.3.1.tgz. Extracting by manifest.
2718 silly tarball no local data for proxy-from-env@https://registry.npmjs.org/proxy-from-env/-/proxy-from-env-2.1.0.tgz. Extracting by manifest.
2719 silly tarball no local data for dayjs@https://registry.npmjs.org/dayjs/-/dayjs-1.11.20.tgz. Extracting by manifest.
2720 silly tarball no local data for xmlbuilder@https://registry.npmjs.org/xmlbuilder/-/xmlbuilder-13.0.2.tgz. Extracting by manifest.
2721 silly tarball no local data for psl@https://registry.npmjs.org/psl/-/psl-1.15.0.tgz. Extracting by manifest.
2722 silly tarball no local data for has-flag@https://registry.npmjs.org/has-flag/-/has-flag-4.0.0.tgz. Extracting by manifest.
2723 silly tarball no local data for axios@https://registry.npmjs.org/axios/-/axios-1.15.2.tgz. Extracting by manifest.
2724 silly tarball no local data for ansi-regex@https://registry.npmjs.org/ansi-regex/-/ansi-regex-5.0.1.tgz. Extracting by manifest.
2725 silly tarball no local data for jsbn@https://registry.npmjs.org/jsbn/-/jsbn-0.1.1.tgz. Extracting by manifest.
2726 silly tarball no local data for getpass@https://registry.npmjs.org/getpass/-/getpass-0.1.7.tgz. Extracting by manifest.
2727 silly tarball no local data for tweetnacl@https://registry.npmjs.org/tweetnacl/-/tweetnacl-0.14.5.tgz. Extracting by manifest.
2728 silly tarball no local data for dashdash@https://registry.npmjs.org/dashdash/-/dashdash-1.14.1.tgz. Extracting by manifest.
2729 silly tarball no local data for ecc-jsbn@https://registry.npmjs.org/ecc-jsbn/-/ecc-jsbn-0.1.2.tgz. Extracting by manifest.
2730 silly tarball no local data for asn1@https://registry.npmjs.org/asn1/-/asn1-0.2.6.tgz. Extracting by manifest.
2731 silly tarball no local data for bcrypt-pbkdf@https://registry.npmjs.org/bcrypt-pbkdf/-/bcrypt-pbkdf-1.0.2.tgz. Extracting by manifest.
2732 silly tarball no local data for dunder-proto@https://registry.npmjs.org/dunder-proto/-/dunder-proto-1.0.1.tgz. Extracting by manifest.
2733 http cache ms@https://registry.npmjs.org/ms/-/ms-2.1.3.tgz 0ms (cache hit)
2734 silly tarball no local data for gopd@https://registry.npmjs.org/gopd/-/gopd-1.2.0.tgz. Extracting by manifest.
2735 silly tarball no local data for get-proto@https://registry.npmjs.org/get-proto/-/get-proto-1.0.1.tgz. Extracting by manifest.
2736 silly tarball no local data for hasown@https://registry.npmjs.org/hasown/-/hasown-2.0.3.tgz. Extracting by manifest.
2737 silly tarball no local data for math-intrinsics@https://registry.npmjs.org/math-intrinsics/-/math-intrinsics-1.1.0.tgz. Extracting by manifest.
2738 silly tarball no local data for has-symbols@https://registry.npmjs.org/has-symbols/-/has-symbols-1.1.0.tgz. Extracting by manifest.
2739 silly tarball no local data for es-object-atoms@https://registry.npmjs.org/es-object-atoms/-/es-object-atoms-1.1.1.tgz. Extracting by manifest.
2740 silly tarball no local data for es-define-property@https://registry.npmjs.org/es-define-property/-/es-define-property-1.0.1.tgz. Extracting by manifest.
2741 silly tarball no local data for call-bind-apply-helpers@https://registry.npmjs.org/call-bind-apply-helpers/-/call-bind-apply-helpers-1.0.2.tgz. Extracting by manifest.
2742 silly tarball no local data for function-bind@https://registry.npmjs.org/function-bind/-/function-bind-1.1.2.tgz. Extracting by manifest.
2743 silly tarball no local data for call-bound@https://registry.npmjs.org/call-bound/-/call-bound-1.0.4.tgz. Extracting by manifest.
2744 silly tarball no local data for get-intrinsic@https://registry.npmjs.org/get-intrinsic/-/get-intrinsic-1.3.0.tgz. Extracting by manifest.
2745 silly tarball no local data for object-inspect@https://registry.npmjs.org/object-inspect/-/object-inspect-1.13.4.tgz. Extracting by manifest.
2746 silly tarball no local data for side-channel-list@https://registry.npmjs.org/side-channel-list/-/side-channel-list-1.0.1.tgz. Extracting by manifest.
2747 silly tarball no local data for side-channel-weakmap@https://registry.npmjs.org/side-channel-weakmap/-/side-channel-weakmap-1.0.2.tgz. Extracting by manifest.
2748 silly tarball no local data for wrappy@https://registry.npmjs.org/wrappy/-/wrappy-1.0.2.tgz. Extracting by manifest.
2749 silly tarball no local data for shebang-regex@https://registry.npmjs.org/shebang-regex/-/shebang-regex-3.0.0.tgz. Extracting by manifest.
2750 silly tarball no local data for es-errors@https://registry.npmjs.org/es-errors/-/es-errors-1.3.0.tgz. Extracting by manifest.
2751 silly tarball no local data for side-channel-map@https://registry.npmjs.org/side-channel-map/-/side-channel-map-1.0.1.tgz. Extracting by manifest.
2752 silly tarball no local data for queue-microtask@https://registry.npmjs.org/queue-microtask/-/queue-microtask-1.2.3.tgz. Extracting by manifest.
2753 silly tarball no local data for inflight@https://registry.npmjs.org/inflight/-/inflight-1.0.6.tgz. Extracting by manifest.
2754 silly tarball no local data for once@https://registry.npmjs.org/once/-/once-1.4.0.tgz. Extracting by manifest.
2755 silly tarball no local data for mime@https://registry.npmjs.org/mime/-/mime-1.6.0.tgz. Extracting by manifest.
2756 silly tarball no local data for yocto-queue@https://registry.npmjs.org/yocto-queue/-/yocto-queue-0.1.0.tgz. Extracting by manifest.
2757 silly tarball no local data for path-is-absolute@https://registry.npmjs.org/path-is-absolute/-/path-is-absolute-1.0.1.tgz. Extracting by manifest.
2758 silly tarball no local data for fs.realpath@https://registry.npmjs.org/fs.realpath/-/fs.realpath-1.0.0.tgz. Extracting by manifest.
2759 silly tarball no local data for callsites@https://registry.npmjs.org/callsites/-/callsites-3.1.0.tgz. Extracting by manifest.
2760 silly tarball no local data for glob@https://registry.npmjs.org/glob/-/glob-7.2.3.tgz. Extracting by manifest.
2761 silly tarball no local data for word-wrap@https://registry.npmjs.org/word-wrap/-/word-wrap-1.2.5.tgz. Extracting by manifest.
2762 silly tarball no local data for fast-levenshtein@https://registry.npmjs.org/fast-levenshtein/-/fast-levenshtein-2.0.6.tgz. Extracting by manifest.
2763 silly tarball no local data for p-limit@https://registry.npmjs.org/p-limit/-/p-limit-3.1.0.tgz. Extracting by manifest.
2764 silly tarball no local data for deep-is@https://registry.npmjs.org/deep-is/-/deep-is-0.1.4.tgz. Extracting by manifest.
2765 silly tarball no local data for concat-map@https://registry.npmjs.org/concat-map/-/concat-map-0.0.1.tgz. Extracting by manifest.
2766 silly tarball no local data for brace-expansion@https://registry.npmjs.org/brace-expansion/-/brace-expansion-1.1.14.tgz. Extracting by manifest.
2767 silly tarball no local data for balanced-match@https://registry.npmjs.org/balanced-match/-/balanced-match-1.0.2.tgz. Extracting by manifest.
2768 silly tarball no local data for json-buffer@https://registry.npmjs.org/json-buffer/-/json-buffer-3.0.1.tgz. Extracting by manifest.
2769 silly tarball no local data for argparse@https://registry.npmjs.org/argparse/-/argparse-2.0.1.tgz. Extracting by manifest.
2770 silly tarball no local data for prelude-ls@https://registry.npmjs.org/prelude-ls/-/prelude-ls-1.2.1.tgz. Extracting by manifest.
2771 silly tarball no local data for is-extglob@https://registry.npmjs.org/is-extglob/-/is-extglob-2.1.1.tgz. Extracting by manifest.
2772 silly tarball no local data for type-fest@https://registry.npmjs.org/type-fest/-/type-fest-0.20.2.tgz. Extracting by manifest.
2773 silly tarball no local data for parent-module@https://registry.npmjs.org/parent-module/-/parent-module-1.0.1.tgz. Extracting by manifest.
2774 silly tarball no local data for type-check@https://registry.npmjs.org/type-check/-/type-check-0.4.0.tgz. Extracting by manifest.
2775 silly tarball no local data for flatted@https://registry.npmjs.org/flatted/-/flatted-3.4.2.tgz. Extracting by manifest.
2776 silly tarball no local data for rimraf@https://registry.npmjs.org/rimraf/-/rimraf-3.0.2.tgz. Extracting by manifest.
2777 silly tarball no local data for resolve-from@https://registry.npmjs.org/resolve-from/-/resolve-from-4.0.0.tgz. Extracting by manifest.
2778 silly tarball no local data for keyv@https://registry.npmjs.org/keyv/-/keyv-4.5.4.tgz. Extracting by manifest.
2779 silly tarball no local data for locate-path@https://registry.npmjs.org/locate-path/-/locate-path-6.0.0.tgz. Extracting by manifest.
2780 silly tarball no local data for p-locate@https://registry.npmjs.org/p-locate/-/p-locate-5.0.0.tgz. Extracting by manifest.
2781 silly tarball no local data for acorn-jsx@https://registry.npmjs.org/acorn-jsx/-/acorn-jsx-5.3.2.tgz. Extracting by manifest.
2782 silly tarball no local data for flat-cache@https://registry.npmjs.org/flat-cache/-/flat-cache-3.2.0.tgz. Extracting by manifest.
2783 silly tarball no local data for estraverse@https://registry.npmjs.org/estraverse/-/estraverse-5.3.0.tgz. Extracting by manifest.
2784 silly tarball no local data for path-exists@https://registry.npmjs.org/path-exists/-/path-exists-4.0.0.tgz. Extracting by manifest.
2785 silly tarball no local data for esrecurse@https://registry.npmjs.org/esrecurse/-/esrecurse-4.3.0.tgz. Extracting by manifest.
2786 silly tarball no local data for acorn@https://registry.npmjs.org/acorn/-/acorn-8.16.0.tgz. Extracting by manifest.
2787 silly tarball no local data for shebang-command@https://registry.npmjs.org/shebang-command/-/shebang-command-2.0.0.tgz. Extracting by manifest.
2788 silly tarball no local data for reusify@https://registry.npmjs.org/reusify/-/reusify-1.1.0.tgz. Extracting by manifest.
2789 silly tarball no local data for path-key@https://registry.npmjs.org/path-key/-/path-key-3.1.1.tgz. Extracting by manifest.
2790 silly tarball no local data for supports-color@https://registry.npmjs.org/supports-color/-/supports-color-7.2.0.tgz. Extracting by manifest.
2791 silly tarball no local data for which@https://registry.npmjs.org/which/-/which-2.0.2.tgz. Extracting by manifest.
2792 silly tarball no local data for color-convert@https://registry.npmjs.org/color-convert/-/color-convert-2.0.1.tgz. Extracting by manifest.
2793 silly tarball no local data for ansi-styles@https://registry.npmjs.org/ansi-styles/-/ansi-styles-4.3.0.tgz. Extracting by manifest.
2794 silly tarball no local data for run-parallel@https://registry.npmjs.org/run-parallel/-/run-parallel-1.2.0.tgz. Extracting by manifest.
2795 silly tarball no local data for fastq@https://registry.npmjs.org/fastq/-/fastq-1.20.1.tgz. Extracting by manifest.
2796 silly tarball no local data for strip-json-comments@https://registry.npmjs.org/strip-json-comments/-/strip-json-comments-3.1.1.tgz. Extracting by manifest.
2797 silly tarball no local data for @nodelib/fs.stat@https://registry.npmjs.org/@nodelib/fs.stat/-/fs.stat-2.0.5.tgz. Extracting by manifest.
2798 silly tarball no local data for text-table@https://registry.npmjs.org/text-table/-/text-table-0.2.0.tgz. Extracting by manifest.
2799 silly tarball no local data for color-name@https://registry.npmjs.org/color-name/-/color-name-1.1.4.tgz. Extracting by manifest.
2800 silly tarball no local data for import-fresh@https://registry.npmjs.org/import-fresh/-/import-fresh-3.3.1.tgz. Extracting by manifest.
2801 silly tarball no local data for @humanwhocodes/object-schema@https://registry.npmjs.org/@humanwhocodes/object-schema/-/object-schema-2.0.3.tgz. Extracting by manifest.
2802 silly tarball no local data for @nodelib/fs.scandir@https://registry.npmjs.org/@nodelib/fs.scandir/-/fs.scandir-2.1.5.tgz. Extracting by manifest.
2803 silly tarball no local data for strip-ansi@https://registry.npmjs.org/strip-ansi/-/strip-ansi-6.0.1.tgz. Extracting by manifest.
2804 silly tarball no local data for optionator@https://registry.npmjs.org/optionator/-/optionator-0.9.4.tgz. Extracting by manifest.
2805 silly tarball no local data for levn@https://registry.npmjs.org/levn/-/levn-0.4.1.tgz. Extracting by manifest.
2806 silly tarball no local data for json-stable-stringify-without-jsonify@https://registry.npmjs.org/json-stable-stringify-without-jsonify/-/json-stable-stringify-without-jsonify-1.0.1.tgz. Extracting by manifest.
2807 silly tarball no local data for minimatch@https://registry.npmjs.org/minimatch/-/minimatch-3.1.5.tgz. Extracting by manifest.
2808 silly tarball no local data for js-yaml@https://registry.npmjs.org/js-yaml/-/js-yaml-4.1.1.tgz. Extracting by manifest.
2809 silly tarball no local data for is-glob@https://registry.npmjs.org/is-glob/-/is-glob-4.0.3.tgz. Extracting by manifest.
2810 silly tarball no local data for is-path-inside@https://registry.npmjs.org/is-path-inside/-/is-path-inside-3.0.3.tgz. Extracting by manifest.
2811 silly tarball no local data for lodash.merge@https://registry.npmjs.org/lodash.merge/-/lodash.merge-4.6.2.tgz. Extracting by manifest.
2812 silly tarball no local data for natural-compare@https://registry.npmjs.org/natural-compare/-/natural-compare-1.4.0.tgz. Extracting by manifest.
2813 silly tarball no local data for graphemer@https://registry.npmjs.org/graphemer/-/graphemer-1.4.0.tgz. Extracting by manifest.
2814 silly tarball no local data for ignore@https://registry.npmjs.org/ignore/-/ignore-5.3.2.tgz. Extracting by manifest.
2815 silly tarball no local data for glob-parent@https://registry.npmjs.org/glob-parent/-/glob-parent-6.0.2.tgz. Extracting by manifest.
2816 silly tarball no local data for imurmurhash@https://registry.npmjs.org/imurmurhash/-/imurmurhash-0.1.4.tgz. Extracting by manifest.
2817 silly tarball no local data for file-entry-cache@https://registry.npmjs.org/file-entry-cache/-/file-entry-cache-6.0.1.tgz. Extracting by manifest.
2818 silly tarball no local data for globals@https://registry.npmjs.org/globals/-/globals-13.24.0.tgz. Extracting by manifest.
2819 silly tarball no local data for find-up@https://registry.npmjs.org/find-up/-/find-up-5.0.0.tgz. Extracting by manifest.
2820 silly tarball no local data for esquery@https://registry.npmjs.org/esquery/-/esquery-1.7.0.tgz. Extracting by manifest.
2821 silly tarball no local data for esutils@https://registry.npmjs.org/esutils/-/esutils-2.0.3.tgz. Extracting by manifest.
2822 silly tarball no local data for escape-string-regexp@https://registry.npmjs.org/escape-string-regexp/-/escape-string-regexp-4.0.0.tgz. Extracting by manifest.
2823 silly tarball no local data for eslint-scope@https://registry.npmjs.org/eslint-scope/-/eslint-scope-7.2.2.tgz. Extracting by manifest.
2824 silly tarball no local data for eslint-visitor-keys@https://registry.npmjs.org/eslint-visitor-keys/-/eslint-visitor-keys-3.4.3.tgz. Extracting by manifest.
2825 silly tarball no local data for doctrine@https://registry.npmjs.org/doctrine/-/doctrine-3.0.0.tgz. Extracting by manifest.
2826 silly tarball no local data for @ungap/structured-clone@https://registry.npmjs.org/@ungap/structured-clone/-/structured-clone-1.3.0.tgz. Extracting by manifest.
2827 silly tarball no local data for chalk@https://registry.npmjs.org/chalk/-/chalk-4.1.2.tgz. Extracting by manifest.
2828 silly tarball no local data for espree@https://registry.npmjs.org/espree/-/espree-9.6.1.tgz. Extracting by manifest.
2829 silly tarball no local data for cross-spawn@https://registry.npmjs.org/cross-spawn/-/cross-spawn-7.0.6.tgz. Extracting by manifest.
2830 silly tarball no local data for @eslint-community/eslint-utils@https://registry.npmjs.org/@eslint-community/eslint-utils/-/eslint-utils-4.9.1.tgz. Extracting by manifest.
2831 silly tarball no local data for @nodelib/fs.walk@https://registry.npmjs.org/@nodelib/fs.walk/-/fs.walk-1.2.8.tgz. Extracting by manifest.
2832 silly tarball no local data for @eslint/eslintrc@https://registry.npmjs.org/@eslint/eslintrc/-/eslintrc-2.1.4.tgz. Extracting by manifest.
2833 silly tarball no local data for @eslint/js@https://registry.npmjs.org/@eslint/js/-/js-8.57.1.tgz. Extracting by manifest.
2834 silly tarball no local data for @eslint-community/regexpp@https://registry.npmjs.org/@eslint-community/regexpp/-/regexpp-4.12.2.tgz. Extracting by manifest.
2835 silly tarball no local data for eslint@https://registry.npmjs.org/eslint/-/eslint-8.57.1.tgz. Extracting by manifest.
2836 silly tarball no local data for @humanwhocodes/config-array@https://registry.npmjs.org/@humanwhocodes/config-array/-/config-array-0.13.0.tgz. Extracting by manifest.
2837 silly tarball no local data for json-schema@https://registry.npmjs.org/json-schema/-/json-schema-0.4.0.tgz. Extracting by manifest.
2838 silly tarball no local data for verror@https://registry.npmjs.org/verror/-/verror-1.10.0.tgz. Extracting by manifest.
2839 silly tarball no local data for extsprintf@https://registry.npmjs.org/extsprintf/-/extsprintf-1.3.0.tgz. Extracting by manifest.
2840 silly tarball no local data for jsprim@https://registry.npmjs.org/jsprim/-/jsprim-1.4.2.tgz. Extracting by manifest.
2841 silly tarball no local data for uri-js@https://registry.npmjs.org/uri-js/-/uri-js-4.4.1.tgz. Extracting by manifest.
2842 silly tarball no local data for assert-plus@https://registry.npmjs.org/assert-plus/-/assert-plus-1.0.0.tgz. Extracting by manifest.
2843 silly tarball no local data for json-schema-traverse@https://registry.npmjs.org/json-schema-traverse/-/json-schema-traverse-0.4.1.tgz. Extracting by manifest.
2844 silly tarball no local data for fast-json-stable-stringify@https://registry.npmjs.org/fast-json-stable-stringify/-/fast-json-stable-stringify-2.1.0.tgz. Extracting by manifest.
2845 silly tarball no local data for fast-deep-equal@https://registry.npmjs.org/fast-deep-equal/-/fast-deep-equal-3.1.3.tgz. Extracting by manifest.
2846 silly tarball no local data for asynckit@https://registry.npmjs.org/asynckit/-/asynckit-0.4.0.tgz. Extracting by manifest.
2847 silly tarball no local data for har-schema@https://registry.npmjs.org/har-schema/-/har-schema-2.0.0.tgz. Extracting by manifest.
2848 silly tarball no local data for sshpk@https://registry.npmjs.org/sshpk/-/sshpk-1.18.0.tgz. Extracting by manifest.
2849 silly tarball no local data for @humanwhocodes/module-importer@https://registry.npmjs.org/@humanwhocodes/module-importer/-/module-importer-1.0.1.tgz. Extracting by manifest.
2850 silly tarball no local data for performance-now@https://registry.npmjs.org/performance-now/-/performance-now-2.1.0.tgz. Extracting by manifest.
2851 silly tarball no local data for delayed-stream@https://registry.npmjs.org/delayed-stream/-/delayed-stream-1.0.0.tgz. Extracting by manifest.
2852 silly tarball no local data for tough-cookie@https://registry.npmjs.org/tough-cookie/-/tough-cookie-2.5.0.tgz. Extracting by manifest.
2853 silly tarball no local data for is-typedarray@https://registry.npmjs.org/is-typedarray/-/is-typedarray-1.0.0.tgz. Extracting by manifest.
2854 silly tarball no local data for json-stringify-safe@https://registry.npmjs.org/json-stringify-safe/-/json-stringify-safe-5.0.1.tgz. Extracting by manifest.
2855 silly tarball no local data for tunnel-agent@https://registry.npmjs.org/tunnel-agent/-/tunnel-agent-0.6.0.tgz. Extracting by manifest.
2856 silly tarball no local data for isstream@https://registry.npmjs.org/isstream/-/isstream-0.1.2.tgz. Extracting by manifest.
2857 silly tarball no local data for http-signature@https://registry.npmjs.org/http-signature/-/http-signature-1.2.0.tgz. Extracting by manifest.
2858 silly tarball no local data for har-validator@https://registry.npmjs.org/har-validator/-/har-validator-5.1.5.tgz. Extracting by manifest.
2859 silly tarball no local data for forever-agent@https://registry.npmjs.org/forever-agent/-/forever-agent-0.6.1.tgz. Extracting by manifest.
2860 silly tarball no local data for combined-stream@https://registry.npmjs.org/combined-stream/-/combined-stream-1.0.8.tgz. Extracting by manifest.
2861 silly tarball no local data for form-data@https://registry.npmjs.org/form-data/-/form-data-2.3.3.tgz. Extracting by manifest.
2862 silly tarball no local data for caseless@https://registry.npmjs.org/caseless/-/caseless-0.12.0.tgz. Extracting by manifest.
2863 silly tarball no local data for aws-sign2@https://registry.npmjs.org/aws-sign2/-/aws-sign2-0.7.0.tgz. Extracting by manifest.
2864 silly tarball no local data for aws4@https://registry.npmjs.org/aws4/-/aws4-1.13.2.tgz. Extracting by manifest.
2865 silly tarball no local data for process-nextick-args@https://registry.npmjs.org/process-nextick-args/-/process-nextick-args-2.0.1.tgz. Extracting by manifest.
2866 silly tarball no local data for core-util-is@https://registry.npmjs.org/core-util-is/-/core-util-is-1.0.3.tgz. Extracting by manifest.
2867 silly tarball no local data for isarray@https://registry.npmjs.org/isarray/-/isarray-1.0.0.tgz. Extracting by manifest.
2868 silly tarball no local data for string_decoder@https://registry.npmjs.org/string_decoder/-/string_decoder-1.1.1.tgz. Extracting by manifest.
2869 silly tarball no local data for util-deprecate@https://registry.npmjs.org/util-deprecate/-/util-deprecate-1.0.2.tgz. Extracting by manifest.
2870 silly tarball no local data for ipaddr.js@https://registry.npmjs.org/ipaddr.js/-/ipaddr.js-1.9.1.tgz. Extracting by manifest.
2871 silly tarball no local data for oauth-sign@https://registry.npmjs.org/oauth-sign/-/oauth-sign-0.9.0.tgz. Extracting by manifest.
2872 silly tarball no local data for side-channel@https://registry.npmjs.org/side-channel/-/side-channel-1.1.0.tgz. Extracting by manifest.
2873 silly tarball no local data for forwarded@https://registry.npmjs.org/forwarded/-/forwarded-0.2.0.tgz. Extracting by manifest.
2874 silly tarball no local data for whatwg-url@https://registry.npmjs.org/whatwg-url/-/whatwg-url-5.0.0.tgz. Extracting by manifest.
2875 silly tarball no local data for ee-first@https://registry.npmjs.org/ee-first/-/ee-first-1.1.1.tgz. Extracting by manifest.
2876 silly tarball no local data for minimist@https://registry.npmjs.org/minimist/-/minimist-1.2.8.tgz. Extracting by manifest.
2877 silly tarball no local data for typedarray@https://registry.npmjs.org/typedarray/-/typedarray-0.0.6.tgz. Extracting by manifest.
2878 silly tarball no local data for readable-stream@https://registry.npmjs.org/readable-stream/-/readable-stream-2.3.8.tgz. Extracting by manifest.
2879 silly tarball no local data for ajv@https://registry.npmjs.org/ajv/-/ajv-6.15.0.tgz. Extracting by manifest.
2880 silly tarball no local data for mkdirp@https://registry.npmjs.org/mkdirp/-/mkdirp-0.5.6.tgz. Extracting by manifest.
2881 silly tarball no local data for buffer-from@https://registry.npmjs.org/buffer-from/-/buffer-from-1.1.2.tgz. Extracting by manifest.
2882 silly tarball no local data for xtend@https://registry.npmjs.org/xtend/-/xtend-4.0.2.tgz. Extracting by manifest.
2883 silly tarball no local data for append-field@https://registry.npmjs.org/append-field/-/append-field-1.0.0.tgz. Extracting by manifest.
2884 silly tarball no local data for streamsearch@https://registry.npmjs.org/streamsearch/-/streamsearch-1.1.0.tgz. Extracting by manifest.
2885 silly tarball no local data for sift@https://registry.npmjs.org/sift/-/sift-17.1.3.tgz. Extracting by manifest.
2886 silly tarball no local data for mquery@https://registry.npmjs.org/mquery/-/mquery-5.0.0.tgz. Extracting by manifest.
2887 silly tarball no local data for busboy@https://registry.npmjs.org/busboy/-/busboy-1.6.0.tgz. Extracting by manifest.
2888 silly tarball no local data for concat-stream@https://registry.npmjs.org/concat-stream/-/concat-stream-1.6.2.tgz. Extracting by manifest.
2889 silly tarball no local data for bson@https://registry.npmjs.org/bson/-/bson-6.10.4.tgz. Extracting by manifest.
2890 silly tarball no local data for mpath@https://registry.npmjs.org/mpath/-/mpath-0.9.0.tgz. Extracting by manifest.
2891 silly tarball no local data for kareem@https://registry.npmjs.org/kareem/-/kareem-2.6.3.tgz. Extracting by manifest.
2892 silly tarball no local data for mime-db@https://registry.npmjs.org/mime-db/-/mime-db-1.52.0.tgz. Extracting by manifest.
2893 silly tarball no local data for buffer-equal-constant-time@https://registry.npmjs.org/buffer-equal-constant-time/-/buffer-equal-constant-time-1.0.1.tgz. Extracting by manifest.
2894 silly tarball no local data for jwa@https://registry.npmjs.org/jwa/-/jwa-2.0.1.tgz. Extracting by manifest.
2895 silly tarball no local data for semver@https://registry.npmjs.org/semver/-/semver-7.7.4.tgz. Extracting by manifest.
2896 silly tarball no local data for lodash.isplainobject@https://registry.npmjs.org/lodash.isplainobject/-/lodash.isplainobject-4.0.6.tgz. Extracting by manifest.
2897 silly tarball no local data for lodash.isinteger@https://registry.npmjs.org/lodash.isinteger/-/lodash.isinteger-4.0.4.tgz. Extracting by manifest.
2898 silly tarball no local data for lodash.includes@https://registry.npmjs.org/lodash.includes/-/lodash.includes-4.3.0.tgz. Extracting by manifest.
2899 silly tarball no local data for lodash.isstring@https://registry.npmjs.org/lodash.isstring/-/lodash.isstring-4.0.1.tgz. Extracting by manifest.
2900 silly tarball no local data for lodash.once@https://registry.npmjs.org/lodash.once/-/lodash.once-4.1.1.tgz. Extracting by manifest.
2901 silly tarball no local data for lodash.isboolean@https://registry.npmjs.org/lodash.isboolean/-/lodash.isboolean-3.0.3.tgz. Extracting by manifest.
2902 silly tarball no local data for bignumber.js@https://registry.npmjs.org/bignumber.js/-/bignumber.js-9.3.1.tgz. Extracting by manifest.
2903 silly tarball no local data for lodash.isnumber@https://registry.npmjs.org/lodash.isnumber/-/lodash.isnumber-3.0.3.tgz. Extracting by manifest.
2904 silly tarball no local data for safer-buffer@https://registry.npmjs.org/safer-buffer/-/safer-buffer-2.1.2.tgz. Extracting by manifest.
2905 silly tarball no local data for agent-base@https://registry.npmjs.org/agent-base/-/agent-base-7.1.4.tgz. Extracting by manifest.
2906 silly tarball no local data for inherits@https://registry.npmjs.org/inherits/-/inherits-2.0.4.tgz. Extracting by manifest.
2907 silly tarball no local data for json-bigint@https://registry.npmjs.org/json-bigint/-/json-bigint-1.0.0.tgz. Extracting by manifest.
2908 silly tarball no local data for google-logging-utils@https://registry.npmjs.org/google-logging-utils/-/google-logging-utils-0.0.2.tgz. Extracting by manifest.
2909 silly tarball no local data for uuid@https://registry.npmjs.org/uuid/-/uuid-9.0.1.tgz. Extracting by manifest.
2910 silly tarball no local data for toidentifier@https://registry.npmjs.org/toidentifier/-/toidentifier-1.0.1.tgz. Extracting by manifest.
2911 silly tarball no local data for https-proxy-agent@https://registry.npmjs.org/https-proxy-agent/-/https-proxy-agent-7.0.6.tgz. Extracting by manifest.
2912 silly tarball no local data for node-fetch@https://registry.npmjs.org/node-fetch/-/node-fetch-2.7.0.tgz. Extracting by manifest.
2913 silly tarball no local data for extend@https://registry.npmjs.org/extend/-/extend-3.0.2.tgz. Extracting by manifest.
2914 silly tarball no local data for gtoken@https://registry.npmjs.org/gtoken/-/gtoken-7.1.0.tgz. Extracting by manifest.
2915 silly tarball no local data for base64-js@https://registry.npmjs.org/base64-js/-/base64-js-1.5.1.tgz. Extracting by manifest.
2916 silly tarball no local data for is-stream@https://registry.npmjs.org/is-stream/-/is-stream-2.0.1.tgz. Extracting by manifest.
2917 silly tarball no local data for gcp-metadata@https://registry.npmjs.org/gcp-metadata/-/gcp-metadata-6.1.1.tgz. Extracting by manifest.
2918 silly tarball no local data for fast-xml-builder@https://registry.npmjs.org/fast-xml-builder/-/fast-xml-builder-1.1.5.tgz. Extracting by manifest.
2919 silly tarball no local data for ecdsa-sig-formatter@https://registry.npmjs.org/ecdsa-sig-formatter/-/ecdsa-sig-formatter-1.0.11.tgz. Extracting by manifest.
2920 silly tarball no local data for @nodable/entities@https://registry.npmjs.org/@nodable/entities/-/entities-2.1.0.tgz. Extracting by manifest.
2921 silly tarball no local data for gaxios@https://registry.npmjs.org/gaxios/-/gaxios-6.7.1.tgz. Extracting by manifest.
2922 silly tarball no local data for jws@https://registry.npmjs.org/jws/-/jws-4.0.1.tgz. Extracting by manifest.
2923 silly tarball no local data for strnum@https://registry.npmjs.org/strnum/-/strnum-2.2.3.tgz. Extracting by manifest.
2924 silly tarball no local data for validator@https://registry.npmjs.org/validator/-/validator-13.15.35.tgz. Extracting by manifest.
2925 silly tarball no local data for path-expression-matcher@https://registry.npmjs.org/path-expression-matcher/-/path-expression-matcher-1.5.0.tgz. Extracting by manifest.
2926 silly tarball no local data for lodash@https://registry.npmjs.org/lodash/-/lodash-4.18.1.tgz. Extracting by manifest.
2927 silly tarball no local data for ms@https://registry.npmjs.org/ms/-/ms-2.0.0.tgz. Extracting by manifest.
2928 silly tarball no local data for unpipe@https://registry.npmjs.org/unpipe/-/unpipe-1.0.0.tgz. Extracting by manifest.
2929 silly tarball no local data for negotiator@https://registry.npmjs.org/negotiator/-/negotiator-0.6.3.tgz. Extracting by manifest.
2930 silly tarball no local data for raw-body@https://registry.npmjs.org/raw-body/-/raw-body-2.5.3.tgz. Extracting by manifest.
2931 silly tarball no local data for destroy@https://registry.npmjs.org/destroy/-/destroy-1.2.0.tgz. Extracting by manifest.
2932 silly tarball no local data for bytes@https://registry.npmjs.org/bytes/-/bytes-3.1.2.tgz. Extracting by manifest.
2933 silly tarball no local data for type-is@https://registry.npmjs.org/type-is/-/type-is-1.6.18.tgz. Extracting by manifest.
2934 silly tarball no local data for mime-types@https://registry.npmjs.org/mime-types/-/mime-types-2.1.35.tgz. Extracting by manifest.
2935 silly tarball no local data for utils-merge@https://registry.npmjs.org/utils-merge/-/utils-merge-1.0.1.tgz. Extracting by manifest.
2936 silly tarball no local data for serve-static@https://registry.npmjs.org/serve-static/-/serve-static-1.16.3.tgz. Extracting by manifest.
2937 silly tarball no local data for statuses@https://registry.npmjs.org/statuses/-/statuses-2.0.2.tgz. Extracting by manifest.
2938 silly tarball no local data for iconv-lite@https://registry.npmjs.org/iconv-lite/-/iconv-lite-0.4.24.tgz. Extracting by manifest.
2939 silly tarball no local data for send@https://registry.npmjs.org/send/-/send-0.19.2.tgz. Extracting by manifest.
2940 silly tarball no local data for range-parser@https://registry.npmjs.org/range-parser/-/range-parser-1.2.1.tgz. Extracting by manifest.
2941 silly tarball no local data for setprototypeof@https://registry.npmjs.org/setprototypeof/-/setprototypeof-1.2.0.tgz. Extracting by manifest.
2942 silly tarball no local data for qs@https://registry.npmjs.org/qs/-/qs-6.14.2.tgz. Extracting by manifest.
2943 silly tarball no local data for proxy-addr@https://registry.npmjs.org/proxy-addr/-/proxy-addr-2.0.7.tgz. Extracting by manifest.
2944 silly tarball no local data for safe-buffer@https://registry.npmjs.org/safe-buffer/-/safe-buffer-5.2.1.tgz. Extracting by manifest.
2945 silly tarball no local data for path-to-regexp@https://registry.npmjs.org/path-to-regexp/-/path-to-regexp-0.1.13.tgz. Extracting by manifest.
2946 silly tarball no local data for methods@https://registry.npmjs.org/methods/-/methods-1.1.2.tgz. Extracting by manifest.
2947 silly tarball no local data for merge-descriptors@https://registry.npmjs.org/merge-descriptors/-/merge-descriptors-1.0.3.tgz. Extracting by manifest.
2948 silly tarball no local data for on-finished@https://registry.npmjs.org/on-finished/-/on-finished-2.4.1.tgz. Extracting by manifest.
2949 silly tarball no local data for http-errors@https://registry.npmjs.org/http-errors/-/http-errors-2.0.1.tgz. Extracting by manifest.
2950 silly tarball no local data for finalhandler@https://registry.npmjs.org/finalhandler/-/finalhandler-1.3.2.tgz. Extracting by manifest.
2951 silly tarball no local data for etag@https://registry.npmjs.org/etag/-/etag-1.8.1.tgz. Extracting by manifest.
2952 silly tarball no local data for fresh@https://registry.npmjs.org/fresh/-/fresh-0.5.2.tgz. Extracting by manifest.
2953 silly tarball no local data for depd@https://registry.npmjs.org/depd/-/depd-2.0.0.tgz. Extracting by manifest.
2954 silly tarball no local data for parseurl@https://registry.npmjs.org/parseurl/-/parseurl-1.3.3.tgz. Extracting by manifest.
2955 silly tarball no local data for escape-html@https://registry.npmjs.org/escape-html/-/escape-html-1.0.3.tgz. Extracting by manifest.
2956 silly tarball no local data for encodeurl@https://registry.npmjs.org/encodeurl/-/encodeurl-2.0.0.tgz. Extracting by manifest.
2957 silly tarball no local data for debug@https://registry.npmjs.org/debug/-/debug-2.6.9.tgz. Extracting by manifest.
2958 silly tarball no local data for content-disposition@https://registry.npmjs.org/content-disposition/-/content-disposition-0.5.4.tgz. Extracting by manifest.
2959 silly tarball no local data for content-type@https://registry.npmjs.org/content-type/-/content-type-1.0.5.tgz. Extracting by manifest.
2960 silly tarball no local data for body-parser@https://registry.npmjs.org/body-parser/-/body-parser-1.20.4.tgz. Extracting by manifest.
2961 silly tarball no local data for accepts@https://registry.npmjs.org/accepts/-/accepts-1.3.8.tgz. Extracting by manifest.
2962 silly tarball no local data for array-flatten@https://registry.npmjs.org/array-flatten/-/array-flatten-1.1.1.tgz. Extracting by manifest.
2963 silly tarball no local data for object-assign@https://registry.npmjs.org/object-assign/-/object-assign-4.1.1.tgz. Extracting by manifest.
2964 silly tarball no local data for vary@https://registry.npmjs.org/vary/-/vary-1.1.2.tgz. Extracting by manifest.
2965 silly tarball no local data for cookie@https://registry.npmjs.org/cookie/-/cookie-0.7.2.tgz. Extracting by manifest.
2966 silly tarball no local data for @smithy/util-uri-escape@https://registry.npmjs.org/@smithy/util-uri-escape/-/util-uri-escape-4.2.2.tgz. Extracting by manifest.
2967 silly tarball no local data for @smithy/service-error-classification@https://registry.npmjs.org/@smithy/service-error-classification/-/service-error-classification-4.3.0.tgz. Extracting by manifest.
2968 silly tarball no local data for @smithy/chunked-blob-reader-native@https://registry.npmjs.org/@smithy/chunked-blob-reader-native/-/chunked-blob-reader-native-4.2.3.tgz. Extracting by manifest.
2969 silly tarball no local data for @smithy/util-buffer-from@https://registry.npmjs.org/@smithy/util-buffer-from/-/util-buffer-from-4.2.2.tgz. Extracting by manifest.
2970 silly tarball no local data for cookie-signature@https://registry.npmjs.org/cookie-signature/-/cookie-signature-1.0.6.tgz. Extracting by manifest.
2971 silly tarball no local data for @smithy/util-hex-encoding@https://registry.npmjs.org/@smithy/util-hex-encoding/-/util-hex-encoding-4.2.2.tgz. Extracting by manifest.
2972 silly tarball no local data for @smithy/querystring-parser@https://registry.npmjs.org/@smithy/querystring-parser/-/querystring-parser-4.2.14.tgz. Extracting by manifest.
2973 silly tarball no local data for @smithy/uuid@https://registry.npmjs.org/@smithy/uuid/-/uuid-1.1.2.tgz. Extracting by manifest.
2974 silly tarball no local data for @smithy/eventstream-codec@https://registry.npmjs.org/@smithy/eventstream-codec/-/eventstream-codec-4.2.14.tgz. Extracting by manifest.
2975 silly tarball no local data for @smithy/eventstream-serde-universal@https://registry.npmjs.org/@smithy/eventstream-serde-universal/-/eventstream-serde-universal-4.2.14.tgz. Extracting by manifest.
2976 silly tarball no local data for @smithy/chunked-blob-reader@https://registry.npmjs.org/@smithy/chunked-blob-reader/-/chunked-blob-reader-5.2.2.tgz. Extracting by manifest.
2977 silly tarball no local data for rewire@https://registry.npmjs.org/rewire/-/rewire-7.0.0.tgz. Extracting by manifest.
2978 silly tarball no local data for request@https://registry.npmjs.org/request/-/request-2.88.2.tgz. Extracting by manifest.
2979 silly tarball no local data for fast-xml-parser@https://registry.npmjs.org/fast-xml-parser/-/fast-xml-parser-5.7.1.tgz. Extracting by manifest.
2980 silly tarball no local data for @smithy/querystring-builder@https://registry.npmjs.org/@smithy/querystring-builder/-/querystring-builder-4.2.14.tgz. Extracting by manifest.
2981 silly tarball no local data for bowser@https://registry.npmjs.org/bowser/-/bowser-2.14.1.tgz. Extracting by manifest.
2982 silly tarball no local data for @aws-sdk/util-format-url@https://registry.npmjs.org/@aws-sdk/util-format-url/-/util-format-url-3.972.10.tgz. Extracting by manifest.
2983 silly tarball no local data for bluebird@https://registry.npmjs.org/bluebird/-/bluebird-3.7.2.tgz. Extracting by manifest.
2984 silly tarball no local data for @aws/lambda-invoke-store@https://registry.npmjs.org/@aws/lambda-invoke-store/-/lambda-invoke-store-0.2.4.tgz. Extracting by manifest.
2985 silly tarball no local data for @aws-sdk/crc64-nvme@https://registry.npmjs.org/@aws-sdk/crc64-nvme/-/crc64-nvme-3.972.7.tgz. Extracting by manifest.
2986 silly tarball no local data for @aws-crypto/crc32c@https://registry.npmjs.org/@aws-crypto/crc32c/-/crc32c-5.2.0.tgz. Extracting by manifest.
2987 silly tarball no local data for @smithy/util-config-provider@https://registry.npmjs.org/@smithy/util-config-provider/-/util-config-provider-4.2.2.tgz. Extracting by manifest.
2988 silly tarball no local data for @smithy/is-array-buffer@https://registry.npmjs.org/@smithy/is-array-buffer/-/is-array-buffer-4.2.2.tgz. Extracting by manifest.
2989 silly tarball no local data for @aws-crypto/crc32@https://registry.npmjs.org/@aws-crypto/crc32/-/crc32-5.2.0.tgz. Extracting by manifest.
2990 silly tarball no local data for @aws-sdk/token-providers@https://registry.npmjs.org/@aws-sdk/token-providers/-/token-providers-3.1036.0.tgz. Extracting by manifest.
2991 silly tarball no local data for @aws-sdk/util-arn-parser@https://registry.npmjs.org/@aws-sdk/util-arn-parser/-/util-arn-parser-3.972.3.tgz. Extracting by manifest.
2992 silly tarball no local data for @aws-sdk/credential-provider-login@https://registry.npmjs.org/@aws-sdk/credential-provider-login/-/credential-provider-login-3.972.35.tgz. Extracting by manifest.
2993 silly tarball no local data for @aws-sdk/nested-clients@https://registry.npmjs.org/@aws-sdk/nested-clients/-/nested-clients-3.997.3.tgz. Extracting by manifest.
2994 silly tarball no local data for @smithy/shared-ini-file-loader@https://registry.npmjs.org/@smithy/shared-ini-file-loader/-/shared-ini-file-loader-4.4.9.tgz. Extracting by manifest.
2995 silly tarball no local data for @aws-sdk/credential-provider-web-identity@https://registry.npmjs.org/@aws-sdk/credential-provider-web-identity/-/credential-provider-web-identity-3.972.35.tgz. Extracting by manifest.
2996 silly tarball no local data for @smithy/credential-provider-imds@https://registry.npmjs.org/@smithy/credential-provider-imds/-/credential-provider-imds-4.2.14.tgz. Extracting by manifest.
2997 silly tarball no local data for @aws-sdk/credential-provider-env@https://registry.npmjs.org/@aws-sdk/credential-provider-env/-/credential-provider-env-3.972.31.tgz. Extracting by manifest.
2998 silly tarball no local data for @aws-sdk/credential-provider-process@https://registry.npmjs.org/@aws-sdk/credential-provider-process/-/credential-provider-process-3.972.31.tgz. Extracting by manifest.
2999 silly tarball no local data for @aws-sdk/credential-provider-http@https://registry.npmjs.org/@aws-sdk/credential-provider-http/-/credential-provider-http-3.972.33.tgz. Extracting by manifest.
3000 silly tarball no local data for @aws-sdk/credential-provider-ini@https://registry.npmjs.org/@aws-sdk/credential-provider-ini/-/credential-provider-ini-3.972.35.tgz. Extracting by manifest.
3001 silly tarball no local data for @aws-crypto/util@https://registry.npmjs.org/@aws-crypto/util/-/util-5.2.0.tgz. Extracting by manifest.
3002 silly tarball no local data for @aws-sdk/xml-builder@https://registry.npmjs.org/@aws-sdk/xml-builder/-/xml-builder-3.972.19.tgz. Extracting by manifest.
3003 silly tarball no local data for @smithy/signature-v4@https://registry.npmjs.org/@smithy/signature-v4/-/signature-v4-5.3.14.tgz. Extracting by manifest.
3004 silly tarball no local data for @aws-sdk/credential-provider-sso@https://registry.npmjs.org/@aws-sdk/credential-provider-sso/-/credential-provider-sso-3.972.35.tgz. Extracting by manifest.
3005 silly tarball no local data for @smithy/property-provider@https://registry.npmjs.org/@smithy/property-provider/-/property-provider-4.2.14.tgz. Extracting by manifest.
3006 silly tarball no local data for @aws-sdk/util-locate-window@https://registry.npmjs.org/@aws-sdk/util-locate-window/-/util-locate-window-3.965.5.tgz. Extracting by manifest.
3007 silly tarball no local data for @smithy/util-stream@https://registry.npmjs.org/@smithy/util-stream/-/util-stream-4.5.25.tgz. Extracting by manifest.
3008 silly tarball no local data for tslib@https://registry.npmjs.org/tslib/-/tslib-2.8.1.tgz. Extracting by manifest.
3009 silly tarball no local data for @smithy/util-utf8@https://registry.npmjs.org/@smithy/util-utf8/-/util-utf8-4.2.2.tgz. Extracting by manifest.
3010 silly tarball no local data for @smithy/util-waiter@https://registry.npmjs.org/@smithy/util-waiter/-/util-waiter-4.2.16.tgz. Extracting by manifest.
3011 silly tarball no local data for @aws-crypto/supports-web-crypto@https://registry.npmjs.org/@aws-crypto/supports-web-crypto/-/supports-web-crypto-5.2.0.tgz. Extracting by manifest.
3012 silly tarball no local data for @smithy/util-endpoints@https://registry.npmjs.org/@smithy/util-endpoints/-/util-endpoints-3.4.2.tgz. Extracting by manifest.
3013 silly tarball no local data for @smithy/util-middleware@https://registry.npmjs.org/@smithy/util-middleware/-/util-middleware-4.2.14.tgz. Extracting by manifest.
3014 silly tarball no local data for @smithy/util-defaults-mode-node@https://registry.npmjs.org/@smithy/util-defaults-mode-node/-/util-defaults-mode-node-4.2.54.tgz. Extracting by manifest.
3015 silly tarball no local data for @smithy/util-body-length-browser@https://registry.npmjs.org/@smithy/util-body-length-browser/-/util-body-length-browser-4.2.2.tgz. Extracting by manifest.
3016 silly tarball no local data for @smithy/util-base64@https://registry.npmjs.org/@smithy/util-base64/-/util-base64-4.3.2.tgz. Extracting by manifest.
3017 silly tarball no local data for @smithy/util-body-length-node@https://registry.npmjs.org/@smithy/util-body-length-node/-/util-body-length-node-4.2.3.tgz. Extracting by manifest.
3018 silly tarball no local data for @smithy/util-defaults-mode-browser@https://registry.npmjs.org/@smithy/util-defaults-mode-browser/-/util-defaults-mode-browser-4.3.49.tgz. Extracting by manifest.
3019 silly tarball no local data for @smithy/util-retry@https://registry.npmjs.org/@smithy/util-retry/-/util-retry-4.3.4.tgz. Extracting by manifest.
3020 silly tarball no local data for @smithy/types@https://registry.npmjs.org/@smithy/types/-/types-4.14.1.tgz. Extracting by manifest.
3021 silly tarball no local data for @smithy/smithy-client@https://registry.npmjs.org/@smithy/smithy-client/-/smithy-client-4.12.13.tgz. Extracting by manifest.
3022 silly tarball no local data for @smithy/url-parser@https://registry.npmjs.org/@smithy/url-parser/-/url-parser-4.2.14.tgz. Extracting by manifest.
3023 silly tarball no local data for @smithy/middleware-stack@https://registry.npmjs.org/@smithy/middleware-stack/-/middleware-stack-4.2.14.tgz. Extracting by manifest.
3024 silly tarball no local data for @smithy/node-config-provider@https://registry.npmjs.org/@smithy/node-config-provider/-/node-config-provider-4.3.14.tgz. Extracting by manifest.
3025 silly tarball no local data for @smithy/node-http-handler@https://registry.npmjs.org/@smithy/node-http-handler/-/node-http-handler-4.6.1.tgz. Extracting by manifest.
3026 silly tarball no local data for @smithy/middleware-retry@https://registry.npmjs.org/@smithy/middleware-retry/-/middleware-retry-4.5.5.tgz. Extracting by manifest.
3027 silly tarball no local data for @smithy/protocol-http@https://registry.npmjs.org/@smithy/protocol-http/-/protocol-http-5.3.14.tgz. Extracting by manifest.
3028 silly tarball no local data for @smithy/middleware-endpoint@https://registry.npmjs.org/@smithy/middleware-endpoint/-/middleware-endpoint-4.4.32.tgz. Extracting by manifest.
3029 silly tarball no local data for @smithy/md5-js@https://registry.npmjs.org/@smithy/md5-js/-/md5-js-4.2.14.tgz. Extracting by manifest.
3030 silly tarball no local data for @smithy/hash-stream-node@https://registry.npmjs.org/@smithy/hash-stream-node/-/hash-stream-node-4.2.14.tgz. Extracting by manifest.
3031 silly tarball no local data for @smithy/middleware-content-length@https://registry.npmjs.org/@smithy/middleware-content-length/-/middleware-content-length-4.2.14.tgz. Extracting by manifest.
3032 silly tarball no local data for @smithy/middleware-serde@https://registry.npmjs.org/@smithy/middleware-serde/-/middleware-serde-4.2.20.tgz. Extracting by manifest.
3033 silly tarball no local data for @smithy/invalid-dependency@https://registry.npmjs.org/@smithy/invalid-dependency/-/invalid-dependency-4.2.14.tgz. Extracting by manifest.
3034 silly tarball no local data for @smithy/hash-node@https://registry.npmjs.org/@smithy/hash-node/-/hash-node-4.2.14.tgz. Extracting by manifest.
3035 silly tarball no local data for @smithy/fetch-http-handler@https://registry.npmjs.org/@smithy/fetch-http-handler/-/fetch-http-handler-5.3.17.tgz. Extracting by manifest.
3036 silly tarball no local data for @smithy/hash-blob-browser@https://registry.npmjs.org/@smithy/hash-blob-browser/-/hash-blob-browser-4.2.15.tgz. Extracting by manifest.
3037 silly tarball no local data for @smithy/eventstream-serde-config-resolver@https://registry.npmjs.org/@smithy/eventstream-serde-config-resolver/-/eventstream-serde-config-resolver-4.3.14.tgz. Extracting by manifest.
3038 silly tarball no local data for @smithy/eventstream-serde-node@https://registry.npmjs.org/@smithy/eventstream-serde-node/-/eventstream-serde-node-4.2.14.tgz. Extracting by manifest.
3039 silly tarball no local data for @smithy/core@https://registry.npmjs.org/@smithy/core/-/core-3.23.17.tgz. Extracting by manifest.
3040 silly tarball no local data for @aws-sdk/util-user-agent-node@https://registry.npmjs.org/@aws-sdk/util-user-agent-node/-/util-user-agent-node-3.973.21.tgz. Extracting by manifest.
3041 silly tarball no local data for @smithy/config-resolver@https://registry.npmjs.org/@smithy/config-resolver/-/config-resolver-4.4.17.tgz. Extracting by manifest.
3042 silly tarball no local data for @aws-sdk/util-user-agent-browser@https://registry.npmjs.org/@aws-sdk/util-user-agent-browser/-/util-user-agent-browser-3.972.10.tgz. Extracting by manifest.
3043 silly tarball no local data for @aws-sdk/util-endpoints@https://registry.npmjs.org/@aws-sdk/util-endpoints/-/util-endpoints-3.996.8.tgz. Extracting by manifest.
3044 silly tarball no local data for @aws-sdk/signature-v4-multi-region@https://registry.npmjs.org/@aws-sdk/signature-v4-multi-region/-/signature-v4-multi-region-3.996.22.tgz. Extracting by manifest.
3045 silly tarball no local data for @aws-sdk/region-config-resolver@https://registry.npmjs.org/@aws-sdk/region-config-resolver/-/region-config-resolver-3.972.13.tgz. Extracting by manifest.
3046 silly tarball no local data for @aws-sdk/types@https://registry.npmjs.org/@aws-sdk/types/-/types-3.973.8.tgz. Extracting by manifest.
3047 silly tarball no local data for @smithy/eventstream-serde-browser@https://registry.npmjs.org/@smithy/eventstream-serde-browser/-/eventstream-serde-browser-4.2.14.tgz. Extracting by manifest.
3048 silly tarball no local data for @aws-sdk/middleware-user-agent@https://registry.npmjs.org/@aws-sdk/middleware-user-agent/-/middleware-user-agent-3.972.35.tgz. Extracting by manifest.
3049 silly tarball no local data for @aws-sdk/middleware-sdk-s3@https://registry.npmjs.org/@aws-sdk/middleware-sdk-s3/-/middleware-sdk-s3-3.972.34.tgz. Extracting by manifest.
3050 silly tarball no local data for @aws-sdk/middleware-logger@https://registry.npmjs.org/@aws-sdk/middleware-logger/-/middleware-logger-3.972.10.tgz. Extracting by manifest.
3051 silly tarball no local data for @aws-sdk/middleware-ssec@https://registry.npmjs.org/@aws-sdk/middleware-ssec/-/middleware-ssec-3.972.10.tgz. Extracting by manifest.
3052 silly tarball no local data for @aws-sdk/middleware-host-header@https://registry.npmjs.org/@aws-sdk/middleware-host-header/-/middleware-host-header-3.972.10.tgz. Extracting by manifest.
3053 silly tarball no local data for @aws-sdk/middleware-expect-continue@https://registry.npmjs.org/@aws-sdk/middleware-expect-continue/-/middleware-expect-continue-3.972.10.tgz. Extracting by manifest.
3054 silly tarball no local data for @aws-sdk/middleware-recursion-detection@https://registry.npmjs.org/@aws-sdk/middleware-recursion-detection/-/middleware-recursion-detection-3.972.11.tgz. Extracting by manifest.
3055 silly tarball no local data for @aws-sdk/middleware-location-constraint@https://registry.npmjs.org/@aws-sdk/middleware-location-constraint/-/middleware-location-constraint-3.972.10.tgz. Extracting by manifest.
3056 silly tarball no local data for @aws-sdk/middleware-flexible-checksums@https://registry.npmjs.org/@aws-sdk/middleware-flexible-checksums/-/middleware-flexible-checksums-3.974.13.tgz. Extracting by manifest.
3057 silly tarball no local data for @aws-sdk/middleware-bucket-endpoint@https://registry.npmjs.org/@aws-sdk/middleware-bucket-endpoint/-/middleware-bucket-endpoint-3.972.10.tgz. Extracting by manifest.
3058 silly tarball no local data for @aws-sdk/credential-provider-node@https://registry.npmjs.org/@aws-sdk/credential-provider-node/-/credential-provider-node-3.972.36.tgz. Extracting by manifest.
3059 silly tarball no local data for @aws-sdk/core@https://registry.npmjs.org/@aws-sdk/core/-/core-3.974.5.tgz. Extracting by manifest.
3060 silly tarball no local data for @aws-crypto/sha1-browser@https://registry.npmjs.org/@aws-crypto/sha1-browser/-/sha1-browser-5.2.0.tgz. Extracting by manifest.
3061 silly tarball no local data for @aws-crypto/sha256-browser@https://registry.npmjs.org/@aws-crypto/sha256-browser/-/sha256-browser-5.2.0.tgz. Extracting by manifest.
3062 silly tarball no local data for stripe@https://registry.npmjs.org/stripe/-/stripe-22.1.0.tgz. Extracting by manifest.
3063 silly tarball no local data for @aws-crypto/sha256-js@https://registry.npmjs.org/@aws-crypto/sha256-js/-/sha256-js-5.2.0.tgz. Extracting by manifest.
3064 silly tarball no local data for twilio@https://registry.npmjs.org/twilio/-/twilio-5.13.1.tgz. Extracting by manifest.
3065 silly tarball no local data for multer@https://registry.npmjs.org/multer/-/multer-1.4.5-lts.2.tgz. Extracting by manifest.
3066 silly tarball no local data for mongoose@https://registry.npmjs.org/mongoose/-/mongoose-8.23.1.tgz. Extracting by manifest.
3067 silly tarball no local data for jsonwebtoken@https://registry.npmjs.org/jsonwebtoken/-/jsonwebtoken-9.0.3.tgz. Extracting by manifest.
3068 silly tarball no local data for express-validator@https://registry.npmjs.org/express-validator/-/express-validator-7.3.2.tgz. Extracting by manifest.
3069 silly tarball no local data for google-auth-library@https://registry.npmjs.org/google-auth-library/-/google-auth-library-9.15.1.tgz. Extracting by manifest.
3070 silly tarball no local data for dotenv@https://registry.npmjs.org/dotenv/-/dotenv-16.6.1.tgz. Extracting by manifest.
3071 silly tarball no local data for express@https://registry.npmjs.org/express/-/express-4.22.1.tgz. Extracting by manifest.
3072 silly tarball no local data for cookie-parser@https://registry.npmjs.org/cookie-parser/-/cookie-parser-1.4.7.tgz. Extracting by manifest.
3073 silly tarball no local data for cors@https://registry.npmjs.org/cors/-/cors-2.8.6.tgz. Extracting by manifest.
3074 silly tarball no local data for bcryptjs@https://registry.npmjs.org/bcryptjs/-/bcryptjs-2.4.3.tgz. Extracting by manifest.
3075 silly tarball no local data for @aws-sdk/s3-request-presigner@https://registry.npmjs.org/@aws-sdk/s3-request-presigner/-/s3-request-presigner-3.1036.0.tgz. Extracting by manifest.
3076 silly tarball no local data for @getbrevo/brevo@https://registry.npmjs.org/@getbrevo/brevo/-/brevo-2.5.0.tgz. Extracting by manifest.
3077 silly tarball no local data for tr46@https://registry.npmjs.org/tr46/-/tr46-5.1.1.tgz. Extracting by manifest.
3078 silly tarball no local data for webidl-conversions@https://registry.npmjs.org/webidl-conversions/-/webidl-conversions-7.0.0.tgz. Extracting by manifest.
3079 silly tarball no local data for whatwg-url@https://registry.npmjs.org/whatwg-url/-/whatwg-url-14.2.0.tgz. Extracting by manifest.
3080 silly tarball no local data for @aws-sdk/client-s3@https://registry.npmjs.org/@aws-sdk/client-s3/-/client-s3-3.1036.0.tgz. Extracting by manifest.
3081 silly tarball no local data for debug@https://registry.npmjs.org/debug/-/debug-4.4.3.tgz. Extracting by manifest.
3082 silly tarball no local data for ms@https://registry.npmjs.org/ms/-/ms-2.1.3.tgz. Extracting by manifest.
3083 silly tarball no local data for debug@https://registry.npmjs.org/debug/-/debug-4.4.3.tgz. Extracting by manifest.
3084 silly tarball no local data for ms@https://registry.npmjs.org/ms/-/ms-2.1.3.tgz. Extracting by manifest.
3085 silly tarball no local data for form-data@https://registry.npmjs.org/form-data/-/form-data-4.0.5.tgz. Extracting by manifest.
3086 silly tarball no local data for core-util-is@https://registry.npmjs.org/core-util-is/-/core-util-is-1.0.2.tgz. Extracting by manifest.
3087 silly tarball no local data for safe-buffer@https://registry.npmjs.org/safe-buffer/-/safe-buffer-5.1.2.tgz. Extracting by manifest.
3088 silly tarball no local data for ms@https://registry.npmjs.org/ms/-/ms-2.1.3.tgz. Extracting by manifest.
3089 silly tarball no local data for debug@https://registry.npmjs.org/debug/-/debug-4.4.3.tgz. Extracting by manifest.
3090 silly tarball no local data for safe-buffer@https://registry.npmjs.org/safe-buffer/-/safe-buffer-5.1.2.tgz. Extracting by manifest.
3091 silly tarball no local data for uuid@https://registry.npmjs.org/uuid/-/uuid-3.4.0.tgz. Extracting by manifest.
3092 silly tarball no local data for debug@https://registry.npmjs.org/debug/-/debug-4.4.3.tgz. Extracting by manifest.
3093 silly tarball no local data for debug@https://registry.npmjs.org/debug/-/debug-4.4.3.tgz. Extracting by manifest.
3094 silly tarball no local data for ms@https://registry.npmjs.org/ms/-/ms-2.1.3.tgz. Extracting by manifest.
3095 silly tarball no local data for ms@https://registry.npmjs.org/ms/-/ms-2.1.3.tgz. Extracting by manifest.
3096 silly tarball no local data for ms@https://registry.npmjs.org/ms/-/ms-2.1.3.tgz. Extracting by manifest.
3097 silly tarball no local data for qs@https://registry.npmjs.org/qs/-/qs-6.5.5.tgz. Extracting by manifest.
3098 silly tarball no local data for @smithy/is-array-buffer@https://registry.npmjs.org/@smithy/is-array-buffer/-/is-array-buffer-2.2.0.tgz. Extracting by manifest.
3099 silly tarball no local data for @smithy/util-utf8@https://registry.npmjs.org/@smithy/util-utf8/-/util-utf8-2.3.0.tgz. Extracting by manifest.
3100 silly tarball no local data for @smithy/util-utf8@https://registry.npmjs.org/@smithy/util-utf8/-/util-utf8-2.3.0.tgz. Extracting by manifest.
3101 silly tarball no local data for @smithy/is-array-buffer@https://registry.npmjs.org/@smithy/is-array-buffer/-/is-array-buffer-2.2.0.tgz. Extracting by manifest.
3102 silly tarball no local data for @smithy/util-buffer-from@https://registry.npmjs.org/@smithy/util-buffer-from/-/util-buffer-from-2.2.0.tgz. Extracting by manifest.
3103 silly tarball no local data for @smithy/util-buffer-from@https://registry.npmjs.org/@smithy/util-buffer-from/-/util-buffer-from-2.2.0.tgz. Extracting by manifest.
3104 silly tarball no local data for @smithy/util-utf8@https://registry.npmjs.org/@smithy/util-utf8/-/util-utf8-2.3.0.tgz. Extracting by manifest.
3105 silly tarball no local data for @smithy/util-buffer-from@https://registry.npmjs.org/@smithy/util-buffer-from/-/util-buffer-from-2.2.0.tgz. Extracting by manifest.
3106 silly tarball no local data for @smithy/is-array-buffer@https://registry.npmjs.org/@smithy/is-array-buffer/-/is-array-buffer-2.2.0.tgz. Extracting by manifest.
3107 silly tarball no local data for agent-base@https://registry.npmjs.org/agent-base/-/agent-base-6.0.2.tgz. Extracting by manifest.
3108 silly tarball no local data for ms@https://registry.npmjs.org/ms/-/ms-2.1.3.tgz. Extracting by manifest.
3109 silly tarball no local data for agent-base@https://registry.npmjs.org/agent-base/-/agent-base-6.0.2.tgz. Extracting by manifest.
3110 silly tarball no local data for debug@https://registry.npmjs.org/debug/-/debug-4.4.3.tgz. Extracting by manifest.
3111 silly tarball no local data for https-proxy-agent@https://registry.npmjs.org/https-proxy-agent/-/https-proxy-agent-5.0.1.tgz. Extracting by manifest.
3112 silly tarball no local data for gaxios@https://registry.npmjs.org/gaxios/-/gaxios-5.1.3.tgz. Extracting by manifest.
3113 silly tarball no local data for debug@https://registry.npmjs.org/debug/-/debug-4.4.3.tgz. Extracting by manifest.
3114 silly tarball no local data for https-proxy-agent@https://registry.npmjs.org/https-proxy-agent/-/https-proxy-agent-5.0.1.tgz. Extracting by manifest.
3115 silly tarball no local data for ms@https://registry.npmjs.org/ms/-/ms-2.1.3.tgz. Extracting by manifest.
3116 silly tarball no local data for gcp-metadata@https://registry.npmjs.org/gcp-metadata/-/gcp-metadata-5.3.0.tgz. Extracting by manifest.
3117 silly tarball no local data for mongodb@https://registry.npmjs.org/mongodb/-/mongodb-6.20.0.tgz. Extracting by manifest.
3118 silly tarball no local data for ms@https://registry.npmjs.org/ms/-/ms-2.1.3.tgz. Extracting by manifest.
3119 http fetch GET 200 https://registry.npmjs.org/webidl-conversions/-/webidl-conversions-3.0.1.tgz 121ms (cache miss)
3120 http fetch GET 200 https://registry.npmjs.org/has-tostringtag/-/has-tostringtag-1.0.2.tgz 123ms (cache miss)
3121 http fetch GET 200 https://registry.npmjs.org/isexe/-/isexe-2.0.0.tgz 122ms (cache miss)
3122 http fetch GET 200 https://registry.npmjs.org/memory-pager/-/memory-pager-1.5.0.tgz 123ms (cache miss)
3123 http fetch GET 200 https://registry.npmjs.org/media-typer/-/media-typer-0.3.0.tgz 122ms (cache miss)
3124 http fetch GET 200 https://registry.npmjs.org/sparse-bitfield/-/sparse-bitfield-3.0.3.tgz 123ms (cache miss)
3125 http fetch GET 200 https://registry.npmjs.org/@types/whatwg-url/-/whatwg-url-11.0.5.tgz 124ms (cache miss)
3126 http fetch GET 200 https://registry.npmjs.org/mongodb-connection-string-url/-/mongodb-connection-string-url-3.0.2.tgz 129ms (cache miss)
3127 http fetch GET 200 https://registry.npmjs.org/es-set-tostringtag/-/es-set-tostringtag-2.1.0.tgz 157ms (cache miss)
3128 http fetch GET 200 https://registry.npmjs.org/punycode/-/punycode-2.3.1.tgz 173ms (cache miss)
3129 http fetch GET 200 https://registry.npmjs.org/has-flag/-/has-flag-4.0.0.tgz 173ms (cache miss)
3130 http fetch GET 200 https://registry.npmjs.org/ansi-regex/-/ansi-regex-5.0.1.tgz 191ms (cache miss)
3131 http fetch GET 200 https://registry.npmjs.org/proxy-from-env/-/proxy-from-env-2.1.0.tgz 192ms (cache miss)
3132 http fetch GET 200 https://registry.npmjs.org/tr46/-/tr46-0.0.3.tgz 194ms (cache miss)
3133 http fetch GET 200 https://registry.npmjs.org/jsbn/-/jsbn-0.1.1.tgz 223ms (cache miss)
3134 http fetch GET 200 https://registry.npmjs.org/follow-redirects/-/follow-redirects-1.16.0.tgz 224ms (cache miss)
3135 http fetch GET 200 https://registry.npmjs.org/scmp/-/scmp-2.1.0.tgz 231ms (cache miss)
3136 warn deprecated scmp@2.1.0: Just use Node.js's crypto.timingSafeEqual()
3137 http fetch GET 200 https://registry.npmjs.org/getpass/-/getpass-0.1.7.tgz 238ms (cache miss)
3138 http fetch GET 200 https://registry.npmjs.org/asn1/-/asn1-0.2.6.tgz 254ms (cache miss)
3139 http fetch GET 200 https://registry.npmjs.org/ecc-jsbn/-/ecc-jsbn-0.1.2.tgz 308ms (cache miss)
3140 http fetch GET 200 https://registry.npmjs.org/bcrypt-pbkdf/-/bcrypt-pbkdf-1.0.2.tgz 308ms (cache miss)
3141 http fetch GET 200 https://registry.npmjs.org/dunder-proto/-/dunder-proto-1.0.1.tgz 310ms (cache miss)
3142 http fetch GET 200 https://registry.npmjs.org/gopd/-/gopd-1.2.0.tgz 310ms (cache miss)
3143 http fetch GET 200 https://registry.npmjs.org/xmlbuilder/-/xmlbuilder-13.0.2.tgz 314ms (cache miss)
3144 http fetch GET 200 https://registry.npmjs.org/hasown/-/hasown-2.0.3.tgz 317ms (cache miss)
3145 http fetch GET 200 https://registry.npmjs.org/math-intrinsics/-/math-intrinsics-1.1.0.tgz 363ms (cache miss)
3146 http fetch GET 200 https://registry.npmjs.org/call-bind-apply-helpers/-/call-bind-apply-helpers-1.0.2.tgz 368ms (cache miss)
3147 http fetch GET 200 https://registry.npmjs.org/es-object-atoms/-/es-object-atoms-1.1.1.tgz 370ms (cache miss)
3148 http fetch GET 200 https://registry.npmjs.org/has-symbols/-/has-symbols-1.1.0.tgz 370ms (cache miss)
3149 http fetch GET 200 https://registry.npmjs.org/es-define-property/-/es-define-property-1.0.1.tgz 375ms (cache miss)
3150 http fetch GET 200 https://registry.npmjs.org/function-bind/-/function-bind-1.1.2.tgz 377ms (cache miss)
3151 http fetch GET 200 https://registry.npmjs.org/@types/webidl-conversions/-/webidl-conversions-7.0.3.tgz 386ms (cache miss)
3152 http fetch POST 200 https://registry.npmjs.org/-/npm/v1/security/advisories/bulk 435ms
3153 silly audit report {
3153 silly audit report   request: [
3153 silly audit report     {
3153 silly audit report       id: 1096727,
3153 silly audit report       url: 'https://github.com/advisories/GHSA-p8p7-x288-28g6',
3153 silly audit report       title: 'Server-Side Request Forgery in Request',
3153 silly audit report       severity: 'moderate',
3153 silly audit report       vulnerable_versions: '<=2.88.2',
3153 silly audit report       cwe: [Array],
3153 silly audit report       cvss: [Object]
3153 silly audit report     }
3153 silly audit report   ],
3153 silly audit report   qs: [
3153 silly audit report     {
3153 silly audit report       id: 1113719,
3153 silly audit report       url: 'https://github.com/advisories/GHSA-6rw7-vpxm-498p',
3153 silly audit report       title: "qs's arrayLimit bypass in its bracket notation allows DoS via memory exhaustion",
3153 silly audit report       severity: 'moderate',
3153 silly audit report       vulnerable_versions: '<6.14.1',
3153 silly audit report       cwe: [Array],
3153 silly audit report       cvss: [Object]
3153 silly audit report     }
3153 silly audit report   ],
3153 silly audit report   uuid: [
3153 silly audit report     {
3153 silly audit report       id: 1116970,
3153 silly audit report       url: 'https://github.com/advisories/GHSA-w5hq-g745-h8pq',
3153 silly audit report       title: 'uuid: Missing buffer bounds check in v3/v5/v6 when buf is provided',
3153 silly audit report       severity: 'moderate',
3153 silly audit report       vulnerable_versions: '<14.0.0',
3153 silly audit report       cwe: [Array],
3153 silly audit report       cvss: [Object]
3153 silly audit report     }
3153 silly audit report   ],
3153 silly audit report   'form-data': [
3153 silly audit report     {
3153 silly audit report       id: 1109540,
3153 silly audit report       url: 'https://github.com/advisories/GHSA-fjxv-7rqg-78g4',
3153 silly audit report       title: 'form-data uses unsafe random function in form-data for choosing boundary',
3153 silly audit report       severity: 'critical',
3153 silly audit report       vulnerable_versions: '<2.5.4',
3153 silly audit report       cwe: [Array],
3153 silly audit report       cvss: [Object]
3153 silly audit report     }
3153 silly audit report   ],
3153 silly audit report   'tough-cookie': [
3153 silly audit report     {
3153 silly audit report       id: 1097682,
3153 silly audit report       url: 'https://github.com/advisories/GHSA-72xf-g2v4-qvf3',
3153 silly audit report       title: 'tough-cookie Prototype Pollution vulnerability',
3153 silly audit report       severity: 'moderate',
3153 silly audit report       vulnerable_versions: '<4.1.3',
3153 silly audit report       cwe: [Array],
3153 silly audit report       cvss: [Object]
3153 silly audit report     }
3153 silly audit report   ]
3153 silly audit report }
3154 silly packumentCache corgi:https://registry.npmjs.org/request cache-miss
3155 silly packumentCache corgi:https://registry.npmjs.org/qs cache-miss
3156 silly packumentCache corgi:https://registry.npmjs.org/uuid cache-miss
3157 silly packumentCache corgi:https://registry.npmjs.org/form-data cache-miss
3158 silly packumentCache corgi:https://registry.npmjs.org/tough-cookie cache-miss
3159 http fetch GET 200 https://registry.npmjs.org/@mongodb-js/saslprep/-/saslprep-1.4.9.tgz 429ms (cache miss)
3160 http fetch GET 200 https://registry.npmjs.org/call-bound/-/call-bound-1.0.4.tgz 435ms (cache miss)
3161 http fetch GET 200 https://registry.npmjs.org/wrappy/-/wrappy-1.0.2.tgz 444ms (cache miss)
3162 http fetch GET 200 https://registry.npmjs.org/get-intrinsic/-/get-intrinsic-1.3.0.tgz 446ms (cache miss)
3163 http fetch GET 200 https://registry.npmjs.org/shebang-regex/-/shebang-regex-3.0.0.tgz 449ms (cache miss)
3164 http fetch GET 200 https://registry.npmjs.org/object-inspect/-/object-inspect-1.13.4.tgz 456ms (cache miss)
3165 http fetch GET 200 https://registry.npmjs.org/side-channel-weakmap/-/side-channel-weakmap-1.0.2.tgz 467ms (cache miss)
3166 http fetch GET 200 https://registry.npmjs.org/side-channel-list/-/side-channel-list-1.0.1.tgz 468ms (cache miss)
3167 http fetch GET 200 https://registry.npmjs.org/psl/-/psl-1.15.0.tgz 483ms (cache miss)
3168 http fetch GET 200 https://registry.npmjs.org/es-errors/-/es-errors-1.3.0.tgz 480ms (cache miss)
3169 http fetch GET 200 https://registry.npmjs.org/get-proto/-/get-proto-1.0.1.tgz 483ms (cache miss)
3170 http fetch GET 200 https://registry.npmjs.org/tweetnacl/-/tweetnacl-0.14.5.tgz 484ms (cache miss)
3171 http fetch GET 200 https://registry.npmjs.org/dashdash/-/dashdash-1.14.1.tgz 484ms (cache miss)
3172 http fetch GET 200 https://registry.npmjs.org/side-channel-map/-/side-channel-map-1.0.1.tgz 482ms (cache miss)
3173 http fetch GET 200 https://registry.npmjs.org/inflight/-/inflight-1.0.6.tgz 496ms (cache miss)
3174 warn deprecated inflight@1.0.6: This module is not supported, and leaks memory. Do not use it. Check out lru-cache if you want a good and tested way to coalesce async requests by a key value, which is much more comprehensive and powerful.
3175 http fetch GET 200 https://registry.npmjs.org/once/-/once-1.4.0.tgz 500ms (cache miss)
3176 http fetch GET 200 https://registry.npmjs.org/queue-microtask/-/queue-microtask-1.2.3.tgz 532ms (cache miss)
3177 http fetch GET 200 https://registry.npmjs.org/path-is-absolute/-/path-is-absolute-1.0.1.tgz 531ms (cache miss)
3178 http fetch GET 200 https://registry.npmjs.org/fs.realpath/-/fs.realpath-1.0.0.tgz 531ms (cache miss)
3179 http fetch GET 200 https://registry.npmjs.org/yocto-queue/-/yocto-queue-0.1.0.tgz 531ms (cache miss)
3180 http fetch GET 200 https://registry.npmjs.org/callsites/-/callsites-3.1.0.tgz 540ms (cache miss)
3181 http fetch GET 200 https://registry.npmjs.org/word-wrap/-/word-wrap-1.2.5.tgz 540ms (cache miss)
3182 http fetch GET 200 https://registry.npmjs.org/deep-is/-/deep-is-0.1.4.tgz 542ms (cache miss)
3183 http fetch GET 200 https://registry.npmjs.org/mime/-/mime-1.6.0.tgz 543ms (cache miss)
3184 http fetch GET 200 https://registry.npmjs.org/fast-levenshtein/-/fast-levenshtein-2.0.6.tgz 543ms (cache miss)
3185 http fetch GET 200 https://registry.npmjs.org/concat-map/-/concat-map-0.0.1.tgz 566ms (cache miss)
3186 http fetch GET 200 https://registry.npmjs.org/brace-expansion/-/brace-expansion-1.1.14.tgz 569ms (cache miss)
3187 http fetch GET 200 https://registry.npmjs.org/p-limit/-/p-limit-3.1.0.tgz 576ms (cache miss)
3188 http fetch GET 200 https://registry.npmjs.org/balanced-match/-/balanced-match-1.0.2.tgz 580ms (cache miss)
3189 http fetch GET 200 https://registry.npmjs.org/glob/-/glob-7.2.3.tgz 584ms (cache miss)
3190 warn deprecated glob@7.2.3: Old versions of glob are not supported, and contain widely publicized security vulnerabilities, which have been fixed in the current version. Please update. Support for old versions may be purchased (at exorbitant rates) by contacting i@izs.me
3191 http fetch GET 200 https://registry.npmjs.org/json-buffer/-/json-buffer-3.0.1.tgz 588ms (cache miss)
3192 http fetch GET 200 https://registry.npmjs.org/dayjs/-/dayjs-1.11.20.tgz 598ms (cache miss)
3193 http fetch GET 200 https://registry.npmjs.org/parent-module/-/parent-module-1.0.1.tgz 597ms (cache miss)
3194 http fetch GET 200 https://registry.npmjs.org/is-extglob/-/is-extglob-2.1.1.tgz 607ms (cache miss)
3195 http fetch GET 200 https://registry.npmjs.org/type-check/-/type-check-0.4.0.tgz 606ms (cache miss)
3196 http fetch GET 200 https://registry.npmjs.org/rimraf/-/rimraf-3.0.2.tgz 617ms (cache miss)
3197 warn deprecated rimraf@3.0.2: Rimraf versions prior to v4 are no longer supported
3198 http fetch GET 200 https://registry.npmjs.org/resolve-from/-/resolve-from-4.0.0.tgz 617ms (cache miss)
3199 http fetch GET 200 https://registry.npmjs.org/prelude-ls/-/prelude-ls-1.2.1.tgz 627ms (cache miss)
3200 http fetch GET 200 https://registry.npmjs.org/locate-path/-/locate-path-6.0.0.tgz 636ms (cache miss)
3201 http fetch GET 200 https://registry.npmjs.org/p-locate/-/p-locate-5.0.0.tgz 636ms (cache miss)
3202 http fetch GET 200 https://registry.npmjs.org/flat-cache/-/flat-cache-3.2.0.tgz 651ms (cache miss)
3203 http fetch GET 200 https://registry.npmjs.org/flatted/-/flatted-3.4.2.tgz 651ms (cache miss)
3204 http fetch GET 200 https://registry.npmjs.org/path-exists/-/path-exists-4.0.0.tgz 668ms (cache miss)
3205 http fetch GET 200 https://registry.npmjs.org/estraverse/-/estraverse-5.3.0.tgz 669ms (cache miss)
3206 http fetch GET 200 https://registry.npmjs.org/acorn-jsx/-/acorn-jsx-5.3.2.tgz 669ms (cache miss)
3207 http fetch GET 200 https://registry.npmjs.org/esrecurse/-/esrecurse-4.3.0.tgz 668ms (cache miss)
3208 http fetch GET 200 https://registry.npmjs.org/type-fest/-/type-fest-0.20.2.tgz 672ms (cache miss)
3209 http fetch GET 200 https://registry.npmjs.org/shebang-command/-/shebang-command-2.0.0.tgz 674ms (cache miss)
3210 http fetch GET 200 https://registry.npmjs.org/path-key/-/path-key-3.1.1.tgz 780ms (cache miss)
3211 http fetch GET 200 https://registry.npmjs.org/supports-color/-/supports-color-7.2.0.tgz 781ms (cache miss)
3212 http fetch GET 200 https://registry.npmjs.org/reusify/-/reusify-1.1.0.tgz 781ms (cache miss)
3213 http fetch GET 200 https://registry.npmjs.org/argparse/-/argparse-2.0.1.tgz 783ms (cache miss)
3214 http fetch GET 200 https://registry.npmjs.org/import-fresh/-/import-fresh-3.3.1.tgz 832ms (cache miss)
3215 http fetch GET 200 https://registry.npmjs.org/color-name/-/color-name-1.1.4.tgz 871ms (cache miss)
3216 http fetch GET 200 https://registry.npmjs.org/acorn/-/acorn-8.16.0.tgz 877ms (cache miss)
3217 http fetch GET 200 https://registry.npmjs.org/text-table/-/text-table-0.2.0.tgz 877ms (cache miss)
3218 http fetch GET 200 https://registry.npmjs.org/run-parallel/-/run-parallel-1.2.0.tgz 879ms (cache miss)
3219 http fetch GET 200 https://registry.npmjs.org/strip-ansi/-/strip-ansi-6.0.1.tgz 885ms (cache miss)
3220 http fetch GET 200 https://registry.npmjs.org/strip-json-comments/-/strip-json-comments-3.1.1.tgz 906ms (cache miss)
3221 http fetch GET 200 https://registry.npmjs.org/ansi-styles/-/ansi-styles-4.3.0.tgz 907ms (cache miss)
3222 http fetch GET 200 https://registry.npmjs.org/optionator/-/optionator-0.9.4.tgz 905ms (cache miss)
3223 http fetch GET 200 https://registry.npmjs.org/which/-/which-2.0.2.tgz 918ms (cache miss)
3224 http fetch GET 200 https://registry.npmjs.org/@nodelib/fs.stat/-/fs.stat-2.0.5.tgz 917ms (cache miss)
3225 http fetch GET 200 https://registry.npmjs.org/levn/-/levn-0.4.1.tgz 933ms (cache miss)
3226 http fetch GET 200 https://registry.npmjs.org/fastq/-/fastq-1.20.1.tgz 935ms (cache miss)
3227 http fetch GET 200 https://registry.npmjs.org/glob-parent/-/glob-parent-6.0.2.tgz 996ms (cache miss)
3228 http fetch GET 200 https://registry.npmjs.org/ignore/-/ignore-5.3.2.tgz 1036ms (cache miss)
3229 http fetch GET 200 https://registry.npmjs.org/imurmurhash/-/imurmurhash-0.1.4.tgz 1053ms (cache miss)
3230 http fetch GET 200 https://registry.npmjs.org/color-convert/-/color-convert-2.0.1.tgz 1081ms (cache miss)
3231 http fetch GET 200 https://registry.npmjs.org/file-entry-cache/-/file-entry-cache-6.0.1.tgz 1107ms (cache miss)
3232 http fetch GET 200 https://registry.npmjs.org/is-path-inside/-/is-path-inside-3.0.3.tgz 1108ms (cache miss)
3233 http fetch GET 200 https://registry.npmjs.org/globals/-/globals-13.24.0.tgz 1120ms (cache miss)
3234 http fetch GET 200 https://registry.npmjs.org/is-glob/-/is-glob-4.0.3.tgz 1143ms (cache miss)
3235 http fetch GET 200 https://registry.npmjs.org/@nodelib/fs.scandir/-/fs.scandir-2.1.5.tgz 1150ms (cache miss)
3236 http fetch GET 200 https://registry.npmjs.org/natural-compare/-/natural-compare-1.4.0.tgz 1164ms (cache miss)
3237 http fetch GET 200 https://registry.npmjs.org/esutils/-/esutils-2.0.3.tgz 1163ms (cache miss)
3238 http fetch GET 200 https://registry.npmjs.org/escape-string-regexp/-/escape-string-regexp-4.0.0.tgz 1196ms (cache miss)
3239 http fetch GET 200 https://registry.npmjs.org/find-up/-/find-up-5.0.0.tgz 1196ms (cache miss)
3240 http fetch GET 200 https://registry.npmjs.org/minimatch/-/minimatch-3.1.5.tgz 1197ms (cache miss)
3241 http fetch GET 200 https://registry.npmjs.org/lodash.merge/-/lodash.merge-4.6.2.tgz 1206ms (cache miss)
3242 http fetch GET 200 https://registry.npmjs.org/eslint-visitor-keys/-/eslint-visitor-keys-3.4.3.tgz 1229ms (cache miss)
3243 http fetch GET 200 https://registry.npmjs.org/doctrine/-/doctrine-3.0.0.tgz 1229ms (cache miss)
3244 http fetch GET 200 https://registry.npmjs.org/@ungap/structured-clone/-/structured-clone-1.3.0.tgz 1238ms (cache miss)
3245 http fetch GET 200 https://registry.npmjs.org/eslint-scope/-/eslint-scope-7.2.2.tgz 1248ms (cache miss)
3246 http fetch GET 200 https://registry.npmjs.org/cross-spawn/-/cross-spawn-7.0.6.tgz 1414ms (cache miss)
3247 http fetch GET 200 https://registry.npmjs.org/json-stable-stringify-without-jsonify/-/json-stable-stringify-without-jsonify-1.0.1.tgz 1416ms (cache miss)
3248 http fetch GET 200 https://registry.npmjs.org/espree/-/espree-9.6.1.tgz 1416ms (cache miss)
3249 http fetch GET 200 https://registry.npmjs.org/@nodelib/fs.walk/-/fs.walk-1.2.8.tgz 1416ms (cache miss)
3250 http fetch GET 200 https://registry.npmjs.org/verror/-/verror-1.10.0.tgz 1476ms (cache miss)
3251 http fetch GET 200 https://registry.npmjs.org/json-schema/-/json-schema-0.4.0.tgz 1511ms (cache miss)
3252 http fetch GET 200 https://registry.npmjs.org/extsprintf/-/extsprintf-1.3.0.tgz 1535ms (cache miss)
3253 http fetch GET 200 https://registry.npmjs.org/@eslint/js/-/js-8.57.1.tgz 1547ms (cache miss)
3254 http fetch GET 200 https://registry.npmjs.org/@eslint-community/regexpp/-/regexpp-4.12.2.tgz 1560ms (cache miss)
3255 http fetch GET 200 https://registry.npmjs.org/keyv/-/keyv-4.5.4.tgz 1598ms (cache miss)
3256 http fetch GET 200 https://registry.npmjs.org/@humanwhocodes/object-schema/-/object-schema-2.0.3.tgz 1696ms (cache miss)
3257 warn deprecated @humanwhocodes/object-schema@2.0.3: Use @eslint/object-schema instead
3258 http fetch GET 200 https://registry.npmjs.org/uri-js/-/uri-js-4.4.1.tgz 1700ms (cache miss)
3259 http fetch GET 200 https://registry.npmjs.org/@eslint-community/eslint-utils/-/eslint-utils-4.9.1.tgz 1707ms (cache miss)
3260 http fetch GET 200 https://registry.npmjs.org/axios/-/axios-1.15.2.tgz 1725ms (cache miss)
3261 http fetch GET 200 https://registry.npmjs.org/js-yaml/-/js-yaml-4.1.1.tgz 1824ms (cache miss)
3262 http fetch GET 200 https://registry.npmjs.org/fast-deep-equal/-/fast-deep-equal-3.1.3.tgz 1821ms (cache miss)
3263 http fetch GET 200 https://registry.npmjs.org/esquery/-/esquery-1.7.0.tgz 1830ms (cache miss)
3264 http fetch GET 200 https://registry.npmjs.org/fast-json-stable-stringify/-/fast-json-stable-stringify-2.1.0.tgz 1828ms (cache miss)
3265 http fetch GET 200 https://registry.npmjs.org/asynckit/-/asynckit-0.4.0.tgz 1830ms (cache miss)
3266 http fetch GET 200 https://registry.npmjs.org/har-schema/-/har-schema-2.0.0.tgz 1831ms (cache miss)
3267 http fetch GET 200 https://registry.npmjs.org/is-typedarray/-/is-typedarray-1.0.0.tgz 1888ms (cache miss)
3268 http fetch GET 200 https://registry.npmjs.org/performance-now/-/performance-now-2.1.0.tgz 1888ms (cache miss)
3269 http fetch GET 200 https://registry.npmjs.org/delayed-stream/-/delayed-stream-1.0.0.tgz 1888ms (cache miss)
3270 http fetch GET 200 https://registry.npmjs.org/json-stringify-safe/-/json-stringify-safe-5.0.1.tgz 1889ms (cache miss)
3271 http fetch GET 200 https://registry.npmjs.org/@humanwhocodes/module-importer/-/module-importer-1.0.1.tgz 1910ms (cache miss)
3272 http fetch GET 200 https://registry.npmjs.org/har-validator/-/har-validator-5.1.5.tgz 1938ms (cache miss)
3273 warn deprecated har-validator@5.1.5: this library is no longer supported
3274 http fetch GET 200 https://registry.npmjs.org/isstream/-/isstream-0.1.2.tgz 1946ms (cache miss)
3275 http fetch GET 200 https://registry.npmjs.org/sshpk/-/sshpk-1.18.0.tgz 1950ms (cache miss)
3276 http fetch GET 200 https://registry.npmjs.org/assert-plus/-/assert-plus-1.0.0.tgz 1958ms (cache miss)
3277 http fetch GET 200 https://registry.npmjs.org/tunnel-agent/-/tunnel-agent-0.6.0.tgz 1966ms (cache miss)
3278 http fetch GET 200 https://registry.npmjs.org/jsprim/-/jsprim-1.4.2.tgz 1967ms (cache miss)
3279 http fetch GET 200 https://registry.npmjs.org/@humanwhocodes/config-array/-/config-array-0.13.0.tgz 1967ms (cache miss)
3280 warn deprecated @humanwhocodes/config-array@0.13.0: Use @eslint/config-array instead
3281 http fetch GET 200 https://registry.npmjs.org/http-signature/-/http-signature-1.2.0.tgz 1967ms (cache miss)
3282 http fetch GET 200 https://registry.npmjs.org/forever-agent/-/forever-agent-0.6.1.tgz 1968ms (cache miss)
3283 http fetch GET 200 https://registry.npmjs.org/combined-stream/-/combined-stream-1.0.8.tgz 1992ms (cache miss)
3284 http fetch GET 200 https://registry.npmjs.org/process-nextick-args/-/process-nextick-args-2.0.1.tgz 2019ms (cache miss)
3285 http fetch GET 200 https://registry.npmjs.org/caseless/-/caseless-0.12.0.tgz 2019ms (cache miss)
3286 http fetch GET 200 https://registry.npmjs.org/aws4/-/aws4-1.13.2.tgz 2021ms (cache miss)
3287 http fetch GET 200 https://registry.npmjs.org/aws-sign2/-/aws-sign2-0.7.0.tgz 2021ms (cache miss)
3288 http fetch GET 200 https://registry.npmjs.org/string_decoder/-/string_decoder-1.1.1.tgz 2035ms (cache miss)
3289 http fetch GET 200 https://registry.npmjs.org/core-util-is/-/core-util-is-1.0.3.tgz 2036ms (cache miss)
3290 http fetch GET 200 https://registry.npmjs.org/isarray/-/isarray-1.0.0.tgz 2037ms (cache miss)
3291 http fetch GET 200 https://registry.npmjs.org/chalk/-/chalk-4.1.2.tgz 2057ms (cache miss)
3292 http fetch GET 200 https://registry.npmjs.org/util-deprecate/-/util-deprecate-1.0.2.tgz 2054ms (cache miss)
3293 http fetch GET 200 https://registry.npmjs.org/@eslint/eslintrc/-/eslintrc-2.1.4.tgz 2057ms (cache miss)
3294 http fetch GET 200 https://registry.npmjs.org/json-schema-traverse/-/json-schema-traverse-0.4.1.tgz 2102ms (cache miss)
3295 http fetch GET 200 https://registry.npmjs.org/forwarded/-/forwarded-0.2.0.tgz 2099ms (cache miss)
3296 http fetch GET 200 https://registry.npmjs.org/side-channel/-/side-channel-1.1.0.tgz 2102ms (cache miss)
3297 http fetch GET 200 https://registry.npmjs.org/typedarray/-/typedarray-0.0.6.tgz 2114ms (cache miss)
3298 http fetch GET 200 https://registry.npmjs.org/ipaddr.js/-/ipaddr.js-1.9.1.tgz 2152ms (cache miss)
3299 http fetch GET 200 https://registry.npmjs.org/buffer-from/-/buffer-from-1.1.2.tgz 2159ms (cache miss)
3300 http fetch GET 200 https://registry.npmjs.org/mkdirp/-/mkdirp-0.5.6.tgz 2159ms (cache miss)
3301 http fetch GET 200 https://registry.npmjs.org/xtend/-/xtend-4.0.2.tgz 2174ms (cache miss)
3302 http fetch GET 200 https://registry.npmjs.org/oauth-sign/-/oauth-sign-0.9.0.tgz 2175ms (cache miss)
3303 http fetch GET 200 https://registry.npmjs.org/append-field/-/append-field-1.0.0.tgz 2172ms (cache miss)
3304 http fetch GET 200 https://registry.npmjs.org/readable-stream/-/readable-stream-2.3.8.tgz 2183ms (cache miss)
3305 http fetch GET 200 https://registry.npmjs.org/whatwg-url/-/whatwg-url-5.0.0.tgz 2199ms (cache miss)
3306 http fetch GET 200 https://registry.npmjs.org/tough-cookie/-/tough-cookie-2.5.0.tgz 2209ms (cache miss)
3307 http fetch GET 200 https://registry.npmjs.org/graphemer/-/graphemer-1.4.0.tgz 2220ms (cache miss)
3308 http fetch GET 200 https://registry.npmjs.org/busboy/-/busboy-1.6.0.tgz 2234ms (cache miss)
3309 http fetch GET 200 https://registry.npmjs.org/streamsearch/-/streamsearch-1.1.0.tgz 2240ms (cache miss)
3310 http fetch GET 200 https://registry.npmjs.org/minimist/-/minimist-1.2.8.tgz 2243ms (cache miss)
3311 http fetch GET 200 https://registry.npmjs.org/ee-first/-/ee-first-1.1.1.tgz 2252ms (cache miss)
3312 http fetch GET 200 https://registry.npmjs.org/buffer-equal-constant-time/-/buffer-equal-constant-time-1.0.1.tgz 2318ms (cache miss)
3313 http fetch GET 200 https://registry.npmjs.org/lodash.isinteger/-/lodash.isinteger-4.0.4.tgz 2318ms (cache miss)
3314 http fetch GET 200 https://registry.npmjs.org/lodash.isplainobject/-/lodash.isplainobject-4.0.6.tgz 2349ms (cache miss)
3315 http fetch GET 200 https://registry.npmjs.org/concat-stream/-/concat-stream-1.6.2.tgz 2351ms (cache miss)
3316 http fetch GET 200 https://registry.npmjs.org/mpath/-/mpath-0.9.0.tgz 2361ms (cache miss)
3317 http fetch GET 200 https://registry.npmjs.org/mquery/-/mquery-5.0.0.tgz 2393ms (cache miss)
3318 http fetch GET 200 https://registry.npmjs.org/jwa/-/jwa-2.0.1.tgz 2400ms (cache miss)
3319 http fetch GET 200 https://registry.npmjs.org/form-data/-/form-data-2.3.3.tgz 2422ms (cache miss)
3320 http fetch GET 200 https://registry.npmjs.org/lodash.isboolean/-/lodash.isboolean-3.0.3.tgz 2431ms (cache miss)
3321 http fetch GET 200 https://registry.npmjs.org/agent-base/-/agent-base-7.1.4.tgz 2491ms (cache miss)
3322 http fetch GET 200 https://registry.npmjs.org/lodash.includes/-/lodash.includes-4.3.0.tgz 2548ms (cache miss)
3323 http fetch GET 200 https://registry.npmjs.org/inherits/-/inherits-2.0.4.tgz 2554ms (cache miss)
3324 http fetch GET 200 https://registry.npmjs.org/safer-buffer/-/safer-buffer-2.1.2.tgz 2554ms (cache miss)
3325 http fetch GET 200 https://registry.npmjs.org/json-bigint/-/json-bigint-1.0.0.tgz 2572ms (cache miss)
3326 http fetch GET 200 https://registry.npmjs.org/bson/-/bson-6.10.4.tgz 2585ms (cache miss)
3327 http fetch GET 200 https://registry.npmjs.org/toidentifier/-/toidentifier-1.0.1.tgz 2611ms (cache miss)
3328 http fetch GET 200 https://registry.npmjs.org/lodash.once/-/lodash.once-4.1.1.tgz 2621ms (cache miss)
3329 http fetch GET 200 https://registry.npmjs.org/mime-db/-/mime-db-1.52.0.tgz 2627ms (cache miss)
3330 http fetch GET 200 https://registry.npmjs.org/node-fetch/-/node-fetch-2.7.0.tgz 2649ms (cache miss)
3331 http fetch GET 200 https://registry.npmjs.org/https-proxy-agent/-/https-proxy-agent-7.0.6.tgz 2660ms (cache miss)
3332 http fetch GET 200 https://registry.npmjs.org/sift/-/sift-17.1.3.tgz 2663ms (cache miss)
3333 http fetch GET 200 https://registry.npmjs.org/bignumber.js/-/bignumber.js-9.3.1.tgz 2679ms (cache miss)
3334 http fetch GET 200 https://registry.npmjs.org/extend/-/extend-3.0.2.tgz 2678ms (cache miss)
3335 http fetch GET 200 https://registry.npmjs.org/is-stream/-/is-stream-2.0.1.tgz 2703ms (cache miss)
3336 http fetch GET 200 https://registry.npmjs.org/kareem/-/kareem-2.6.3.tgz 2709ms (cache miss)
3337 http fetch GET 200 https://registry.npmjs.org/lodash.isstring/-/lodash.isstring-4.0.1.tgz 2714ms (cache miss)
3338 http fetch GET 200 https://registry.npmjs.org/semver/-/semver-7.7.4.tgz 2720ms (cache miss)
3339 http fetch GET 200 https://registry.npmjs.org/base64-js/-/base64-js-1.5.1.tgz 2726ms (cache miss)
3340 http fetch GET 200 https://registry.npmjs.org/ecdsa-sig-formatter/-/ecdsa-sig-formatter-1.0.11.tgz 2741ms (cache miss)
3341 http fetch GET 200 https://registry.npmjs.org/gtoken/-/gtoken-7.1.0.tgz 2870ms (cache miss)
3342 http fetch GET 200 https://registry.npmjs.org/lodash.isnumber/-/lodash.isnumber-3.0.3.tgz 2871ms (cache miss)
3343 http fetch GET 200 https://registry.npmjs.org/gaxios/-/gaxios-6.7.1.tgz 2878ms (cache miss)
3344 http fetch GET 200 https://registry.npmjs.org/google-logging-utils/-/google-logging-utils-0.0.2.tgz 2880ms (cache miss)
3345 http fetch GET 200 https://registry.npmjs.org/@nodable/entities/-/entities-2.1.0.tgz 2881ms (cache miss)
3346 http fetch GET 200 https://registry.npmjs.org/jws/-/jws-4.0.1.tgz 2886ms (cache miss)
3347 http fetch GET 200 https://registry.npmjs.org/strnum/-/strnum-2.2.3.tgz 2885ms (cache miss)
3348 http fetch GET 200 https://registry.npmjs.org/gcp-metadata/-/gcp-metadata-6.1.1.tgz 2888ms (cache miss)
3349 http fetch GET 200 https://registry.npmjs.org/fast-xml-builder/-/fast-xml-builder-1.1.5.tgz 2901ms (cache miss)
3350 http fetch GET 200 https://registry.npmjs.org/unpipe/-/unpipe-1.0.0.tgz 2923ms (cache miss)
3351 http fetch GET 200 https://registry.npmjs.org/ms/-/ms-2.0.0.tgz 2924ms (cache miss)
3352 http fetch GET 200 https://registry.npmjs.org/mime-types/-/mime-types-2.1.35.tgz 2947ms (cache miss)
3353 http fetch GET 200 https://registry.npmjs.org/utils-merge/-/utils-merge-1.0.1.tgz 2958ms (cache miss)
3354 http fetch GET 200 https://registry.npmjs.org/destroy/-/destroy-1.2.0.tgz 2958ms (cache miss)
3355 http fetch GET 200 https://registry.npmjs.org/statuses/-/statuses-2.0.2.tgz 2996ms (cache miss)
3356 http fetch GET 200 https://registry.npmjs.org/negotiator/-/negotiator-0.6.3.tgz 2997ms (cache miss)
3357 http fetch GET 200 https://registry.npmjs.org/bytes/-/bytes-3.1.2.tgz 2999ms (cache miss)
3358 http fetch GET 200 https://registry.npmjs.org/raw-body/-/raw-body-2.5.3.tgz 3001ms (cache miss)
3359 http fetch GET 200 https://registry.npmjs.org/serve-static/-/serve-static-1.16.3.tgz 3001ms (cache miss)
3360 http fetch GET 200 https://registry.npmjs.org/range-parser/-/range-parser-1.2.1.tgz 3006ms (cache miss)
3361 http fetch GET 200 https://registry.npmjs.org/uuid/-/uuid-9.0.1.tgz 3016ms (cache miss)
3362 http fetch GET 200 https://registry.npmjs.org/send/-/send-0.19.2.tgz 3051ms (cache miss)
3363 http fetch GET 200 https://registry.npmjs.org/path-to-regexp/-/path-to-regexp-0.1.13.tgz 3061ms (cache miss)
3364 http fetch GET 200 https://registry.npmjs.org/proxy-addr/-/proxy-addr-2.0.7.tgz 3062ms (cache miss)
3365 http fetch GET 200 https://registry.npmjs.org/merge-descriptors/-/merge-descriptors-1.0.3.tgz 3075ms (cache miss)
3366 http fetch GET 200 https://registry.npmjs.org/setprototypeof/-/setprototypeof-1.2.0.tgz 3075ms (cache miss)
3367 http fetch GET 200 https://registry.npmjs.org/methods/-/methods-1.1.2.tgz 3090ms (cache miss)
3368 http fetch GET 200 https://registry.npmjs.org/type-is/-/type-is-1.6.18.tgz 3091ms (cache miss)
3369 http fetch GET 200 https://registry.npmjs.org/finalhandler/-/finalhandler-1.3.2.tgz 3122ms (cache miss)
3370 http fetch GET 200 https://registry.npmjs.org/on-finished/-/on-finished-2.4.1.tgz 3126ms (cache miss)
3371 http fetch GET 200 https://registry.npmjs.org/http-errors/-/http-errors-2.0.1.tgz 3129ms (cache miss)
3372 http fetch GET 200 https://registry.npmjs.org/path-expression-matcher/-/path-expression-matcher-1.5.0.tgz 3142ms (cache miss)
3373 http fetch GET 200 https://registry.npmjs.org/safe-buffer/-/safe-buffer-5.2.1.tgz 3147ms (cache miss)
3374 http fetch GET 200 https://registry.npmjs.org/etag/-/etag-1.8.1.tgz 3154ms (cache miss)
3375 http fetch GET 200 https://registry.npmjs.org/fresh/-/fresh-0.5.2.tgz 3154ms (cache miss)
3376 http fetch GET 200 https://registry.npmjs.org/eslint/-/eslint-8.57.1.tgz 3188ms (cache miss)
3377 warn deprecated eslint@8.57.1: This version is no longer supported. Please see https://eslint.org/version-support for other options.
3378 http fetch GET 200 https://registry.npmjs.org/escape-html/-/escape-html-1.0.3.tgz 3178ms (cache miss)
3379 http fetch GET 200 https://registry.npmjs.org/encodeurl/-/encodeurl-2.0.0.tgz 3183ms (cache miss)
3380 http fetch GET 200 https://registry.npmjs.org/validator/-/validator-13.15.35.tgz 3185ms (cache miss)
3381 http fetch GET 200 https://registry.npmjs.org/debug/-/debug-2.6.9.tgz 3223ms (cache miss)
3382 http fetch GET 200 https://registry.npmjs.org/parseurl/-/parseurl-1.3.3.tgz 3225ms (cache miss)
3383 http fetch GET 200 https://registry.npmjs.org/array-flatten/-/array-flatten-1.1.1.tgz 3224ms (cache miss)
3384 http fetch GET 200 https://registry.npmjs.org/object-assign/-/object-assign-4.1.1.tgz 3230ms (cache miss)
3385 http fetch GET 200 https://registry.npmjs.org/vary/-/vary-1.1.2.tgz 3241ms (cache miss)
3386 http fetch GET 200 https://registry.npmjs.org/accepts/-/accepts-1.3.8.tgz 3244ms (cache miss)
3387 http fetch GET 200 https://registry.npmjs.org/depd/-/depd-2.0.0.tgz 3254ms (cache miss)
3388 http fetch GET 200 https://registry.npmjs.org/content-disposition/-/content-disposition-0.5.4.tgz 3255ms (cache miss)
3389 http fetch GET 200 https://registry.npmjs.org/content-type/-/content-type-1.0.5.tgz 3264ms (cache miss)
3390 http fetch GET 200 https://registry.npmjs.org/cookie/-/cookie-0.7.2.tgz 3274ms (cache miss)
3391 http fetch GET 200 https://registry.npmjs.org/@smithy/util-buffer-from/-/util-buffer-from-4.2.2.tgz 3302ms (cache miss)
3392 http fetch GET 200 https://registry.npmjs.org/cookie-signature/-/cookie-signature-1.0.6.tgz 3307ms (cache miss)
3393 http fetch GET 200 https://registry.npmjs.org/@smithy/chunked-blob-reader-native/-/chunked-blob-reader-native-4.2.3.tgz 3307ms (cache miss)
3394 http fetch GET 200 https://registry.npmjs.org/@smithy/util-uri-escape/-/util-uri-escape-4.2.2.tgz 3307ms (cache miss)
3395 http fetch GET 200 https://registry.npmjs.org/iconv-lite/-/iconv-lite-0.4.24.tgz 3328ms (cache miss)
3396 http fetch GET 200 https://registry.npmjs.org/@smithy/util-hex-encoding/-/util-hex-encoding-4.2.2.tgz 3354ms (cache miss)
3397 http fetch GET 200 https://registry.npmjs.org/body-parser/-/body-parser-1.20.4.tgz 3388ms (cache miss)
3398 http fetch GET 200 https://registry.npmjs.org/rewire/-/rewire-7.0.0.tgz 3407ms (cache miss)
3399 http fetch GET 200 https://registry.npmjs.org/@smithy/eventstream-codec/-/eventstream-codec-4.2.14.tgz 3449ms (cache miss)
3400 http fetch GET 200 https://registry.npmjs.org/@smithy/querystring-builder/-/querystring-builder-4.2.14.tgz 3448ms (cache miss)
3401 http fetch GET 200 https://registry.npmjs.org/ajv/-/ajv-6.15.0.tgz 3485ms (cache miss)
3402 http fetch GET 200 https://registry.npmjs.org/request/-/request-2.88.2.tgz 3489ms (cache miss)
3403 warn deprecated request@2.88.2: request has been deprecated, see https://github.com/request/request/issues/3142
3404 http fetch GET 200 https://registry.npmjs.org/qs/-/qs-6.14.2.tgz 3493ms (cache miss)
3405 http fetch GET 200 https://registry.npmjs.org/lodash/-/lodash-4.18.1.tgz 3515ms (cache miss)
3406 http fetch GET 200 https://registry.npmjs.org/@smithy/chunked-blob-reader/-/chunked-blob-reader-5.2.2.tgz 3521ms (cache miss)
3407 http fetch GET 200 https://registry.npmjs.org/@smithy/uuid/-/uuid-1.1.2.tgz 3527ms (cache miss)
3408 http fetch GET 200 https://registry.npmjs.org/@aws/lambda-invoke-store/-/lambda-invoke-store-0.2.4.tgz 3534ms (cache miss)
3409 http fetch GET 200 https://registry.npmjs.org/@smithy/util-config-provider/-/util-config-provider-4.2.2.tgz 3572ms (cache miss)
3410 http fetch GET 200 https://registry.npmjs.org/@aws-crypto/crc32c/-/crc32c-5.2.0.tgz 3591ms (cache miss)
3411 http fetch GET 200 https://registry.npmjs.org/@aws-sdk/token-providers/-/token-providers-3.1036.0.tgz 3606ms (cache miss)
3412 http fetch GET 200 https://registry.npmjs.org/@aws-sdk/credential-provider-login/-/credential-provider-login-3.972.35.tgz 3611ms (cache miss)
3413 http fetch GET 200 https://registry.npmjs.org/@smithy/eventstream-serde-universal/-/eventstream-serde-universal-4.2.14.tgz 3637ms (cache miss)
3414 http fetch GET 200 https://registry.npmjs.org/@smithy/service-error-classification/-/service-error-classification-4.3.0.tgz 3675ms (cache miss)
3415 http fetch GET 200 https://registry.npmjs.org/@aws-sdk/util-arn-parser/-/util-arn-parser-3.972.3.tgz 3680ms (cache miss)
3416 http fetch GET 200 https://registry.npmjs.org/@aws-sdk/credential-provider-web-identity/-/credential-provider-web-identity-3.972.35.tgz 3680ms (cache miss)
3417 http fetch GET 200 https://registry.npmjs.org/bluebird/-/bluebird-3.7.2.tgz 3683ms (cache miss)
3418 http fetch GET 200 https://registry.npmjs.org/@smithy/shared-ini-file-loader/-/shared-ini-file-loader-4.4.9.tgz 3707ms (cache miss)
3419 http fetch GET 200 https://registry.npmjs.org/@smithy/is-array-buffer/-/is-array-buffer-4.2.2.tgz 3739ms (cache miss)
3420 http fetch GET 200 https://registry.npmjs.org/@aws-sdk/util-format-url/-/util-format-url-3.972.10.tgz 3740ms (cache miss)
3421 http fetch GET 200 https://registry.npmjs.org/@aws-sdk/credential-provider-env/-/credential-provider-env-3.972.31.tgz 3756ms (cache miss)
3422 http fetch GET 200 https://registry.npmjs.org/fast-xml-parser/-/fast-xml-parser-5.7.1.tgz 3796ms (cache miss)
3423 http fetch GET 200 https://registry.npmjs.org/@aws-sdk/nested-clients/-/nested-clients-3.997.3.tgz 3800ms (cache miss)
3424 http fetch GET 200 https://registry.npmjs.org/@aws-sdk/xml-builder/-/xml-builder-3.972.19.tgz 3811ms (cache miss)
3425 http fetch GET 200 https://registry.npmjs.org/@aws-crypto/util/-/util-5.2.0.tgz 3902ms (cache miss)
3426 http fetch GET 200 https://registry.npmjs.org/@smithy/property-provider/-/property-provider-4.2.14.tgz 3908ms (cache miss)
3427 http fetch GET 200 https://registry.npmjs.org/@aws-sdk/crc64-nvme/-/crc64-nvme-3.972.7.tgz 3910ms (cache miss)
3428 http fetch GET 200 https://registry.npmjs.org/@aws-sdk/util-locate-window/-/util-locate-window-3.965.5.tgz 3908ms (cache miss)
3429 http fetch GET 200 https://registry.npmjs.org/@aws-sdk/credential-provider-process/-/credential-provider-process-3.972.31.tgz 3909ms (cache miss)
3430 http fetch GET 200 https://registry.npmjs.org/@aws-crypto/crc32/-/crc32-5.2.0.tgz 3942ms (cache miss)
3431 http fetch GET 200 https://registry.npmjs.org/@smithy/credential-provider-imds/-/credential-provider-imds-4.2.14.tgz 3963ms (cache miss)
3432 http fetch GET 200 https://registry.npmjs.org/@smithy/util-middleware/-/util-middleware-4.2.14.tgz 3976ms (cache miss)
3433 http fetch GET 200 https://registry.npmjs.org/bowser/-/bowser-2.14.1.tgz 3984ms (cache miss)
3434 http fetch GET 200 https://registry.npmjs.org/@aws-sdk/credential-provider-ini/-/credential-provider-ini-3.972.35.tgz 4010ms (cache miss)
3435 http fetch GET 200 https://registry.npmjs.org/@smithy/querystring-parser/-/querystring-parser-4.2.14.tgz 4022ms (cache miss)
3436 http fetch GET 200 https://registry.npmjs.org/@aws-sdk/credential-provider-http/-/credential-provider-http-3.972.33.tgz 4019ms (cache miss)
3437 http fetch GET 200 https://registry.npmjs.org/@smithy/util-utf8/-/util-utf8-4.2.2.tgz 4018ms (cache miss)
3438 http fetch GET 200 https://registry.npmjs.org/tslib/-/tslib-2.8.1.tgz 4020ms (cache miss)
3439 http fetch GET 200 https://registry.npmjs.org/@smithy/util-body-length-browser/-/util-body-length-browser-4.2.2.tgz 4034ms (cache miss)
3440 http fetch GET 200 https://registry.npmjs.org/@aws-crypto/supports-web-crypto/-/supports-web-crypto-5.2.0.tgz 4047ms (cache miss)
3441 http fetch GET 200 https://registry.npmjs.org/@smithy/util-body-length-node/-/util-body-length-node-4.2.3.tgz 4090ms (cache miss)
3442 http fetch GET 200 https://registry.npmjs.org/@smithy/middleware-stack/-/middleware-stack-4.2.14.tgz 4123ms (cache miss)
3443 http fetch GET 200 https://registry.npmjs.org/@smithy/util-stream/-/util-stream-4.5.25.tgz 4130ms (cache miss)
3444 http fetch GET 200 https://registry.npmjs.org/@smithy/smithy-client/-/smithy-client-4.12.13.tgz 4130ms (cache miss)
3445 http fetch GET 200 https://registry.npmjs.org/@aws-sdk/credential-provider-sso/-/credential-provider-sso-3.972.35.tgz 4133ms (cache miss)
3446 http fetch GET 200 https://registry.npmjs.org/@smithy/node-config-provider/-/node-config-provider-4.3.14.tgz 4171ms (cache miss)
3447 http fetch GET 200 https://registry.npmjs.org/@smithy/util-defaults-mode-node/-/util-defaults-mode-node-4.2.54.tgz 4174ms (cache miss)
3448 http fetch GET 200 https://registry.npmjs.org/@smithy/util-defaults-mode-browser/-/util-defaults-mode-browser-4.3.49.tgz 4226ms (cache miss)
3449 http fetch GET 200 https://registry.npmjs.org/@smithy/middleware-endpoint/-/middleware-endpoint-4.4.32.tgz 4227ms (cache miss)
3450 http fetch GET 200 https://registry.npmjs.org/@smithy/middleware-retry/-/middleware-retry-4.5.5.tgz 4229ms (cache miss)
3451 http fetch GET 200 https://registry.npmjs.org/@smithy/util-waiter/-/util-waiter-4.2.16.tgz 4252ms (cache miss)
3452 http fetch GET 200 https://registry.npmjs.org/@smithy/signature-v4/-/signature-v4-5.3.14.tgz 4253ms (cache miss)
3453 http fetch GET 200 https://registry.npmjs.org/@smithy/middleware-serde/-/middleware-serde-4.2.20.tgz 4290ms (cache miss)
3454 http fetch GET 200 https://registry.npmjs.org/@smithy/util-base64/-/util-base64-4.3.2.tgz 4320ms (cache miss)
3455 http fetch GET 200 https://registry.npmjs.org/@smithy/hash-node/-/hash-node-4.2.14.tgz 4354ms (cache miss)
3456 http fetch GET 200 https://registry.npmjs.org/@smithy/node-http-handler/-/node-http-handler-4.6.1.tgz 4362ms (cache miss)
3457 http fetch GET 200 https://registry.npmjs.org/@smithy/util-endpoints/-/util-endpoints-3.4.2.tgz 4371ms (cache miss)
3458 http fetch GET 200 https://registry.npmjs.org/@smithy/util-retry/-/util-retry-4.3.4.tgz 4388ms (cache miss)
3459 http fetch GET 200 https://registry.npmjs.org/@smithy/types/-/types-4.14.1.tgz 4399ms (cache miss)
3460 http fetch GET 200 https://registry.npmjs.org/@smithy/core/-/core-3.23.17.tgz 4460ms (cache miss)
3461 http fetch GET 200 https://registry.npmjs.org/@smithy/md5-js/-/md5-js-4.2.14.tgz 4480ms (cache miss)
3462 http fetch GET 200 https://registry.npmjs.org/@aws-sdk/signature-v4-multi-region/-/signature-v4-multi-region-3.996.22.tgz 4517ms (cache miss)
3463 http fetch GET 200 https://registry.npmjs.org/@smithy/eventstream-serde-config-resolver/-/eventstream-serde-config-resolver-4.3.14.tgz 4518ms (cache miss)
3464 http fetch GET 200 https://registry.npmjs.org/@aws-sdk/util-user-agent-browser/-/util-user-agent-browser-3.972.10.tgz 4536ms (cache miss)
3465 http fetch GET 200 https://registry.npmjs.org/@smithy/config-resolver/-/config-resolver-4.4.17.tgz 4566ms (cache miss)
3466 http fetch GET 200 https://registry.npmjs.org/@smithy/protocol-http/-/protocol-http-5.3.14.tgz 4589ms (cache miss)
3467 http fetch GET 200 https://registry.npmjs.org/@smithy/middleware-content-length/-/middleware-content-length-4.2.14.tgz 4615ms (cache miss)
3468 http fetch GET 200 https://registry.npmjs.org/@smithy/fetch-http-handler/-/fetch-http-handler-5.3.17.tgz 4634ms (cache miss)
3469 http fetch GET 200 https://registry.npmjs.org/@aws-sdk/middleware-logger/-/middleware-logger-3.972.10.tgz 4675ms (cache miss)
3470 http fetch GET 200 https://registry.npmjs.org/@smithy/url-parser/-/url-parser-4.2.14.tgz 4725ms (cache miss)
3471 http fetch GET 200 https://registry.npmjs.org/@aws-sdk/middleware-host-header/-/middleware-host-header-3.972.10.tgz 4723ms (cache miss)
3472 http fetch GET 200 https://registry.npmjs.org/@aws-sdk/util-user-agent-node/-/util-user-agent-node-3.973.21.tgz 4744ms (cache miss)
3473 http fetch GET 200 https://registry.npmjs.org/@aws-sdk/middleware-user-agent/-/middleware-user-agent-3.972.35.tgz 4754ms (cache miss)
3474 http fetch GET 200 https://registry.npmjs.org/@aws-sdk/middleware-recursion-detection/-/middleware-recursion-detection-3.972.11.tgz 4815ms (cache miss)
3475 http fetch GET 200 https://registry.npmjs.org/@aws-sdk/region-config-resolver/-/region-config-resolver-3.972.13.tgz 4819ms (cache miss)
3476 http fetch GET 200 https://registry.npmjs.org/@aws-sdk/util-endpoints/-/util-endpoints-3.996.8.tgz 4820ms (cache miss)
3477 http fetch GET 200 https://registry.npmjs.org/@smithy/eventstream-serde-browser/-/eventstream-serde-browser-4.2.14.tgz 4947ms (cache miss)
3478 http fetch GET 200 https://registry.npmjs.org/@aws-crypto/sha1-browser/-/sha1-browser-5.2.0.tgz 4946ms (cache miss)
3479 http fetch GET 200 https://registry.npmjs.org/@smithy/invalid-dependency/-/invalid-dependency-4.2.14.tgz 4950ms (cache miss)
3480 http fetch GET 200 https://registry.npmjs.org/@aws-sdk/credential-provider-node/-/credential-provider-node-3.972.36.tgz 4950ms (cache miss)
3481 http fetch GET 200 https://registry.npmjs.org/@smithy/hash-blob-browser/-/hash-blob-browser-4.2.15.tgz 4975ms (cache miss)
3482 http fetch GET 200 https://registry.npmjs.org/@aws-crypto/sha256-browser/-/sha256-browser-5.2.0.tgz 5028ms (cache miss)
3483 http fetch GET 200 https://registry.npmjs.org/multer/-/multer-1.4.5-lts.2.tgz 5050ms (cache miss)
3484 warn deprecated multer@1.4.5-lts.2: Multer 1.x is impacted by a number of vulnerabilities, which have been patched in 2.x. You should upgrade to the latest 2.x version.
3485 http fetch GET 200 https://registry.npmjs.org/@smithy/eventstream-serde-node/-/eventstream-serde-node-4.2.14.tgz 5053ms (cache miss)
3486 http fetch GET 200 https://registry.npmjs.org/@aws-crypto/sha256-js/-/sha256-js-5.2.0.tgz 5062ms (cache miss)
3487 http fetch GET 200 https://registry.npmjs.org/jsonwebtoken/-/jsonwebtoken-9.0.3.tgz 5126ms (cache miss)
3488 http fetch GET 200 https://registry.npmjs.org/@aws-sdk/middleware-sdk-s3/-/middleware-sdk-s3-3.972.34.tgz 5142ms (cache miss)
3489 http fetch GET 200 https://registry.npmjs.org/express-validator/-/express-validator-7.3.2.tgz 5197ms (cache miss)
3490 http fetch GET 200 https://registry.npmjs.org/@aws-sdk/middleware-bucket-endpoint/-/middleware-bucket-endpoint-3.972.10.tgz 5250ms (cache miss)
3491 http fetch GET 200 https://registry.npmjs.org/cookie-parser/-/cookie-parser-1.4.7.tgz 5255ms (cache miss)
3492 http fetch GET 200 https://registry.npmjs.org/@aws-sdk/types/-/types-3.973.8.tgz 5271ms (cache miss)
3493 http fetch GET 200 https://registry.npmjs.org/cors/-/cors-2.8.6.tgz 5302ms (cache miss)
3494 http fetch GET 200 https://registry.npmjs.org/dotenv/-/dotenv-16.6.1.tgz 5317ms (cache miss)
3495 http fetch GET 200 https://registry.npmjs.org/google-auth-library/-/google-auth-library-9.15.1.tgz 5329ms (cache miss)
3496 http fetch GET 200 https://registry.npmjs.org/@aws-sdk/middleware-ssec/-/middleware-ssec-3.972.10.tgz 5345ms (cache miss)
3497 http fetch GET 200 https://registry.npmjs.org/webidl-conversions/-/webidl-conversions-7.0.0.tgz 5381ms (cache miss)
3498 http fetch GET 200 https://registry.npmjs.org/@aws-sdk/middleware-expect-continue/-/middleware-expect-continue-3.972.10.tgz 5404ms (cache miss)
3499 http fetch GET 200 https://registry.npmjs.org/@smithy/hash-stream-node/-/hash-stream-node-4.2.14.tgz 5422ms (cache miss)
3500 http fetch GET 200 https://registry.npmjs.org/whatwg-url/-/whatwg-url-14.2.0.tgz 5424ms (cache miss)
3501 http fetch GET 200 https://registry.npmjs.org/@aws-sdk/core/-/core-3.974.5.tgz 5449ms (cache miss)
3502 http fetch GET 200 https://registry.npmjs.org/tr46/-/tr46-5.1.1.tgz 5485ms (cache miss)
3503 http fetch GET 200 https://registry.npmjs.org/ms/-/ms-2.1.3.tgz 5494ms (cache miss)
3504 http fetch GET 200 https://registry.npmjs.org/ms/-/ms-2.1.3.tgz 5505ms (cache miss)
3505 http fetch GET 200 https://registry.npmjs.org/@aws-sdk/middleware-location-constraint/-/middleware-location-constraint-3.972.10.tgz 5529ms (cache miss)
3506 http fetch GET 200 https://registry.npmjs.org/@aws-sdk/middleware-flexible-checksums/-/middleware-flexible-checksums-3.974.13.tgz 5557ms (cache miss)
3507 http fetch GET 200 https://registry.npmjs.org/core-util-is/-/core-util-is-1.0.2.tgz 5566ms (cache miss)
3508 http fetch GET 200 https://registry.npmjs.org/safe-buffer/-/safe-buffer-5.1.2.tgz 5568ms (cache miss)
3509 http fetch GET 200 https://registry.npmjs.org/ms/-/ms-2.1.3.tgz 5584ms (cache miss)
3510 http fetch GET 200 https://registry.npmjs.org/form-data/-/form-data-4.0.5.tgz 5587ms (cache miss)
3511 http fetch GET 200 https://registry.npmjs.org/debug/-/debug-4.4.3.tgz 5601ms (cache miss)
3512 http fetch GET 200 https://registry.npmjs.org/@aws-sdk/s3-request-presigner/-/s3-request-presigner-3.1036.0.tgz 5628ms (cache miss)
3513 http fetch GET 200 https://registry.npmjs.org/uuid/-/uuid-3.4.0.tgz 5638ms (cache miss)
3514 warn deprecated uuid@3.4.0: Please upgrade  to version 7 or higher.  Older versions may use Math.random() in certain circumstances, which is known to be problematic.  See https://v8.dev/blog/math-random for details.
3515 http fetch GET 200 https://registry.npmjs.org/debug/-/debug-4.4.3.tgz 5647ms (cache miss)
3516 http fetch GET 200 https://registry.npmjs.org/debug/-/debug-4.4.3.tgz 5647ms (cache miss)
3517 http fetch GET 200 https://registry.npmjs.org/debug/-/debug-4.4.3.tgz 5655ms (cache miss)
3518 http fetch GET 200 https://registry.npmjs.org/safe-buffer/-/safe-buffer-5.1.2.tgz 5694ms (cache miss)
3519 http fetch GET 200 https://registry.npmjs.org/ms/-/ms-2.1.3.tgz 5694ms (cache miss)
3520 http fetch GET 200 https://registry.npmjs.org/ms/-/ms-2.1.3.tgz 5697ms (cache miss)
3521 http fetch GET 200 https://registry.npmjs.org/debug/-/debug-4.4.3.tgz 5699ms (cache miss)
3522 http fetch GET 200 https://registry.npmjs.org/express/-/express-4.22.1.tgz 5748ms (cache miss)
3523 http fetch GET 200 https://registry.npmjs.org/ms/-/ms-2.1.3.tgz 5757ms (cache miss)
3524 http fetch GET 200 https://registry.npmjs.org/@smithy/util-utf8/-/util-utf8-2.3.0.tgz 5757ms (cache miss)
3525 http fetch GET 200 https://registry.npmjs.org/@smithy/is-array-buffer/-/is-array-buffer-2.2.0.tgz 5757ms (cache miss)
3526 http fetch GET 200 https://registry.npmjs.org/@smithy/util-buffer-from/-/util-buffer-from-2.2.0.tgz 5790ms (cache miss)
3527 http fetch GET 200 https://registry.npmjs.org/@smithy/util-buffer-from/-/util-buffer-from-2.2.0.tgz 5800ms (cache miss)
3528 http fetch GET 200 https://registry.npmjs.org/@smithy/util-utf8/-/util-utf8-2.3.0.tgz 5806ms (cache miss)
3529 http fetch GET 200 https://registry.npmjs.org/@smithy/is-array-buffer/-/is-array-buffer-2.2.0.tgz 5812ms (cache miss)
3530 http fetch GET 200 https://registry.npmjs.org/@smithy/util-buffer-from/-/util-buffer-from-2.2.0.tgz 5833ms (cache miss)
3531 http fetch GET 200 https://registry.npmjs.org/agent-base/-/agent-base-6.0.2.tgz 5846ms (cache miss)
3532 http fetch GET 200 https://registry.npmjs.org/ms/-/ms-2.1.3.tgz 5857ms (cache miss)
3533 http fetch GET 200 https://registry.npmjs.org/qs/-/qs-6.5.5.tgz 5859ms (cache miss)
3534 http fetch GET 200 https://registry.npmjs.org/@smithy/util-utf8/-/util-utf8-2.3.0.tgz 5870ms (cache miss)
3535 http fetch GET 200 https://registry.npmjs.org/agent-base/-/agent-base-6.0.2.tgz 5878ms (cache miss)
3536 http fetch GET 200 https://registry.npmjs.org/debug/-/debug-4.4.3.tgz 5995ms (cache miss)
3537 http fetch GET 200 https://registry.npmjs.org/ms/-/ms-2.1.3.tgz 5997ms (cache miss)
3538 http fetch GET 200 https://registry.npmjs.org/mongoose/-/mongoose-8.23.1.tgz 6001ms (cache miss)
3539 http fetch GET 200 https://registry.npmjs.org/ms/-/ms-2.1.3.tgz 6064ms (cache miss)
3540 warn tar TAR_ENTRY_ERROR ENOENT: no such file or directory, lstat '/Users/rayanqadir/Desktop/Farely/backend/node_modules/bcryptjs/.vscode'
3541 silly tar TAR_ENTRY_ERROR ENOENT: no such file or directory, lstat '/Users/rayanqadir/Desktop/Farely/backend/node_modules/bcryptjs/.vscode' [Error: ENOENT: no such file or directory, lstat '/Users/rayanqadir/Desktop/Farely/backend/node_modules/bcryptjs/.vscode'] {
3541 silly tar   errno: -2,
3541 silly tar   code: 'ENOENT',
3541 silly tar   syscall: 'lstat',
3541 silly tar   path: '/Users/rayanqadir/Desktop/Farely/backend/node_modules/bcryptjs/.vscode',
3541 silly tar   entry: ReadEntry {
3541 silly tar     _events: [Object: null prototype] { end: [Function (anonymous)] },
3541 silly tar     _eventsCount: 1,
3541 silly tar     _maxListeners: undefined,
3541 silly tar     writable: false,
3541 silly tar     readable: true,
3541 silly tar     extended: undefined,
3541 silly tar     globalExtended: undefined,
3541 silly tar     header: Header {
3541 silly tar       cksumValid: true,
3541 silly tar       needPax: false,
3541 silly tar       nullBlock: false,
3541 silly tar       block: undefined,
3541 silly tar       path: 'package/.vscode/settings.json',
3541 silly tar       mode: 438,
3541 silly tar       uid: 0,
3541 silly tar       gid: 0,
3541 silly tar       size: 42,
3541 silly tar       cksum: 6533,
3541 silly tar       linkpath: '',
3541 silly tar       uname: '',
3541 silly tar       gname: '',
3541 silly tar       devmaj: 0,
3541 silly tar       devmin: 0,
3541 silly tar       atime: undefined,
3541 silly tar       ctime: undefined,
3541 silly tar       mtime: 2017-02-07T07:20:07.000Z,
3541 silly tar       charset: undefined,
3541 silly tar       comment: undefined
3541 silly tar     },
3541 silly tar     startBlockSize: 512,
3541 silly tar     blockRemain: 0,
3541 silly tar     remain: 0,
3541 silly tar     type: 'File',
3541 silly tar     meta: false,
3541 silly tar     ignore: false,
3541 silly tar     path: '.vscode/settings.json',
3541 silly tar     mode: 438,
3541 silly tar     uid: 0,
3541 silly tar     gid: 0,
3541 silly tar     uname: '',
3541 silly tar     gname: '',
3541 silly tar     size: 42,
3541 silly tar     mtime: 2017-02-07T07:20:07.000Z,
3541 silly tar     atime: undefined,
3541 silly tar     ctime: undefined,
3541 silly tar     linkpath: undefined,
3541 silly tar     dev: undefined,
3541 silly tar     ino: undefined,
3541 silly tar     nlink: undefined,
3541 silly tar     invalid: false,
3541 silly tar     absolute: '/Users/rayanqadir/Desktop/Farely/backend/node_modules/bcryptjs/.vscode/settings.json',
3541 silly tar     unsupported: false,
3541 silly tar     [Symbol(shapeMode)]: false,
3541 silly tar     [Symbol(kCapture)]: false,
3541 silly tar     [Symbol(flowing)]: false,
3541 silly tar     [Symbol(paused)]: true,
3541 silly tar     [Symbol(pipes)]: [],
3541 silly tar     [Symbol(buffer)]: [
3541 silly tar       <Buffer 7b 0d 0a 20 20 20 20 22 76 73 69 63 6f 6e 73 2e 70 72 65 73 65 74 73 2e 61 6e 67 75 6c 61 72 22 3a 20 66 61 6c 73 65 0d 0a 7d>
3541 silly tar     ],
3541 silly tar     [Symbol(objectMode)]: false,
3541 silly tar     [Symbol(encoding)]: null,
3541 silly tar     [Symbol(async)]: false,
3541 silly tar     [Symbol(decoder)]: null,
3541 silly tar     [Symbol(EOF)]: true,
3541 silly tar     [Symbol(emittedEnd)]: false,
3541 silly tar     [Symbol(emittingEnd)]: false,
3541 silly tar     [Symbol(closed)]: false,
3541 silly tar     [Symbol(emittedError)]: null,
3541 silly tar     [Symbol(bufferLength)]: 42,
3541 silly tar     [Symbol(destroyed)]: false,
3541 silly tar     [Symbol(signal)]: undefined,
3541 silly tar     [Symbol(aborted)]: false,
3541 silly tar     [Symbol(dataListeners)]: 0,
3541 silly tar     [Symbol(discarded)]: false
3541 silly tar   },
3541 silly tar   cwd: '/Users/rayanqadir/Desktop/Farely/backend/node_modules/bcryptjs',
3541 silly tar   tarCode: 'TAR_ENTRY_ERROR'
3541 silly tar }
3542 http fetch GET 200 https://registry.npmjs.org/form-data 5756ms (cache miss)
3543 silly packumentCache corgi:https://registry.npmjs.org/form-data set size:undefined disposed:false
3544 http fetch GET 200 https://registry.npmjs.org/gaxios/-/gaxios-5.1.3.tgz 6225ms (cache miss)
3545 http fetch GET 200 https://registry.npmjs.org/bcryptjs/-/bcryptjs-2.4.3.tgz 6235ms (cache miss)
3546 http fetch GET 200 https://registry.npmjs.org/https-proxy-agent/-/https-proxy-agent-5.0.1.tgz 6244ms (cache miss)
3547 http fetch GET 200 https://registry.npmjs.org/https-proxy-agent/-/https-proxy-agent-5.0.1.tgz 6256ms (cache miss)
3548 http fetch GET 200 https://registry.npmjs.org/gcp-metadata/-/gcp-metadata-5.3.0.tgz 6292ms (cache miss)
3549 http fetch GET 200 https://registry.npmjs.org/@smithy/is-array-buffer/-/is-array-buffer-2.2.0.tgz 6301ms (cache miss)
3550 http fetch GET 200 https://registry.npmjs.org/qs 5976ms (cache miss)
3551 silly packumentCache corgi:https://registry.npmjs.org/qs set size:undefined disposed:false
3552 http fetch GET 200 https://registry.npmjs.org/uuid 5978ms (cache miss)
3553 silly packumentCache corgi:https://registry.npmjs.org/uuid set size:undefined disposed:false
3554 http fetch GET 200 https://registry.npmjs.org/request 6089ms (cache miss)
3555 silly packumentCache corgi:https://registry.npmjs.org/request set size:undefined disposed:false
3556 http fetch GET 200 https://registry.npmjs.org/@getbrevo/brevo/-/brevo-2.5.0.tgz 6461ms (cache miss)
3557 http fetch GET 200 https://registry.npmjs.org/@aws-sdk/client-s3/-/client-s3-3.1036.0.tgz 6663ms (cache miss)
3558 http fetch GET 200 https://registry.npmjs.org/tough-cookie 6307ms (cache miss)
3559 silly packumentCache corgi:https://registry.npmjs.org/tough-cookie set size:undefined disposed:false
3560 silly packumentCache corgi:https://registry.npmjs.org/@getbrevo%2fbrevo cache-miss
3561 http fetch GET 200 https://registry.npmjs.org/debug/-/debug-4.4.3.tgz 6900ms (cache miss)
3562 http fetch GET 200 https://registry.npmjs.org/stripe/-/stripe-22.1.0.tgz 6909ms (cache miss)
3563 http fetch GET 200 https://registry.npmjs.org/@getbrevo%2fbrevo 642ms (cache miss)
3564 silly packumentCache corgi:https://registry.npmjs.org/@getbrevo%2fbrevo set size:undefined disposed:false
3565 silly packumentCache corgi:https://registry.npmjs.org/gaxios cache-miss
3566 http fetch GET 200 https://registry.npmjs.org/mongodb/-/mongodb-6.20.0.tgz 7434ms (cache miss)
3567 http fetch GET 200 https://registry.npmjs.org/twilio/-/twilio-5.13.1.tgz 7810ms (cache miss)
3568 http fetch GET 200 https://registry.npmjs.org/gaxios 556ms (cache miss)
3569 silly packumentCache corgi:https://registry.npmjs.org/gaxios set size:undefined disposed:false
3570 silly packumentCache corgi:https://registry.npmjs.org/google-auth-library cache-miss
3571 silly packumentCache corgi:https://registry.npmjs.org/gcp-metadata cache-miss
3572 silly packumentCache corgi:https://registry.npmjs.org/gtoken cache-miss
3573 http fetch GET 200 https://registry.npmjs.org/gtoken 73ms (cache miss)
3574 silly packumentCache corgi:https://registry.npmjs.org/gtoken set size:undefined disposed:false
3575 http fetch GET 200 https://registry.npmjs.org/gcp-metadata 244ms (cache miss)
3576 silly packumentCache corgi:https://registry.npmjs.org/gcp-metadata set size:undefined disposed:false
3577 http fetch GET 200 https://registry.npmjs.org/google-auth-library 687ms (cache miss)
3578 silly packumentCache corgi:https://registry.npmjs.org/google-auth-library set size:undefined disposed:false
3579 silly ADD node_modules/memory-pager
3580 silly ADD node_modules/@types/webidl-conversions
3581 silly ADD node_modules/@types/whatwg-url
3582 silly ADD node_modules/sparse-bitfield
3583 silly ADD node_modules/mongodb-connection-string-url
3584 silly ADD node_modules/mongodb-connection-string-url/node_modules/webidl-conversions
3585 silly ADD node_modules/mongodb-connection-string-url/node_modules/tr46
3586 silly ADD node_modules/mongodb-connection-string-url/node_modules/whatwg-url
3587 silly ADD node_modules/@mongodb-js/saslprep
3588 silly ADD node_modules/has-tostringtag
3589 silly ADD node_modules/es-set-tostringtag
3590 silly ADD node_modules/isexe
3591 silly ADD node_modules/webidl-conversions
3592 silly ADD node_modules/tr46
3593 silly ADD node_modules/media-typer
3594 silly ADD node_modules/proxy-from-env
3595 silly ADD node_modules/follow-redirects
3596 silly ADD node_modules/xmlbuilder
3597 silly ADD node_modules/scmp
3598 silly ADD node_modules/dayjs
3599 silly ADD node_modules/axios
3600 silly ADD node_modules/axios/node_modules/form-data
3601 silly ADD node_modules/punycode
3602 silly ADD node_modules/psl
3603 silly ADD node_modules/has-flag
3604 silly ADD node_modules/ansi-regex
3605 silly ADD node_modules/tweetnacl
3606 silly ADD node_modules/jsbn
3607 silly ADD node_modules/getpass
3608 silly ADD node_modules/ecc-jsbn
3609 silly ADD node_modules/dashdash
3610 silly ADD node_modules/bcrypt-pbkdf
3611 silly ADD node_modules/asn1
3612 silly ADD node_modules/dunder-proto
3613 silly ADD node_modules/math-intrinsics
3614 silly ADD node_modules/hasown
3615 silly ADD node_modules/has-symbols
3616 silly ADD node_modules/gopd
3617 silly ADD node_modules/get-proto
3618 silly ADD node_modules/es-object-atoms
3619 silly ADD node_modules/es-define-property
3620 silly ADD node_modules/function-bind
3621 silly ADD node_modules/call-bind-apply-helpers
3622 silly ADD node_modules/get-intrinsic
3623 silly ADD node_modules/call-bound
3624 silly ADD node_modules/side-channel-weakmap
3625 silly ADD node_modules/side-channel-map
3626 silly ADD node_modules/side-channel-list
3627 silly ADD node_modules/object-inspect
3628 silly ADD node_modules/es-errors
3629 silly ADD node_modules/shebang-regex
3630 silly ADD node_modules/mime
3631 silly ADD node_modules/queue-microtask
3632 silly ADD node_modules/wrappy
3633 silly ADD node_modules/path-is-absolute
3634 silly ADD node_modules/once
3635 silly ADD node_modules/inflight
3636 silly ADD node_modules/fs.realpath
3637 silly ADD node_modules/glob
3638 silly ADD node_modules/callsites
3639 silly ADD node_modules/yocto-queue
3640 silly ADD node_modules/p-limit
3641 silly ADD node_modules/word-wrap
3642 silly ADD node_modules/fast-levenshtein
3643 silly ADD node_modules/deep-is
3644 silly ADD node_modules/concat-map
3645 silly ADD node_modules/balanced-match
3646 silly ADD node_modules/brace-expansion
3647 silly ADD node_modules/p-locate
3648 silly ADD node_modules/type-check
3649 silly ADD node_modules/prelude-ls
3650 silly ADD node_modules/json-buffer
3651 silly ADD node_modules/argparse
3652 silly ADD node_modules/is-extglob
3653 silly ADD node_modules/resolve-from
3654 silly ADD node_modules/parent-module
3655 silly ADD node_modules/type-fest
3656 silly ADD node_modules/rimraf
3657 silly ADD node_modules/keyv
3658 silly ADD node_modules/flatted
3659 silly ADD node_modules/path-exists
3660 silly ADD node_modules/locate-path
3661 silly ADD node_modules/flat-cache
3662 silly ADD node_modules/reusify
3663 silly ADD node_modules/acorn-jsx
3664 silly ADD node_modules/acorn
3665 silly ADD node_modules/estraverse
3666 silly ADD node_modules/esrecurse
3667 silly ADD node_modules/which
3668 silly ADD node_modules/shebang-command
3669 silly ADD node_modules/path-key
3670 silly ADD node_modules/color-name
3671 silly ADD node_modules/color-convert
3672 silly ADD node_modules/supports-color
3673 silly ADD node_modules/ansi-styles
3674 silly ADD node_modules/run-parallel
3675 silly ADD node_modules/@nodelib/fs.stat
3676 silly ADD node_modules/fastq
3677 silly ADD node_modules/@nodelib/fs.scandir
3678 silly ADD node_modules/@humanwhocodes/object-schema
3679 silly ADD node_modules/strip-json-comments
3680 silly ADD node_modules/import-fresh
3681 silly ADD node_modules/text-table
3682 silly ADD node_modules/strip-ansi
3683 silly ADD node_modules/optionator
3684 silly ADD node_modules/natural-compare
3685 silly ADD node_modules/minimatch
3686 silly ADD node_modules/lodash.merge
3687 silly ADD node_modules/levn
3688 silly ADD node_modules/json-stable-stringify-without-jsonify
3689 silly ADD node_modules/js-yaml
3690 silly ADD node_modules/is-path-inside
3691 silly ADD node_modules/is-glob
3692 silly ADD node_modules/imurmurhash
3693 silly ADD node_modules/ignore
3694 silly ADD node_modules/graphemer
3695 silly ADD node_modules/globals
3696 silly ADD node_modules/glob-parent
3697 silly ADD node_modules/find-up
3698 silly ADD node_modules/file-entry-cache
3699 silly ADD node_modules/esutils
3700 silly ADD node_modules/esquery
3701 silly ADD node_modules/espree
3702 silly ADD node_modules/eslint-visitor-keys
3703 silly ADD node_modules/eslint-scope
3704 silly ADD node_modules/escape-string-regexp
3705 silly ADD node_modules/doctrine
3706 silly ADD node_modules/cross-spawn
3707 silly ADD node_modules/chalk
3708 silly ADD node_modules/@ungap/structured-clone
3709 silly ADD node_modules/@nodelib/fs.walk
3710 silly ADD node_modules/@humanwhocodes/module-importer
3711 silly ADD node_modules/@humanwhocodes/config-array
3712 silly ADD node_modules/@humanwhocodes/config-array/node_modules/ms
3713 silly ADD node_modules/@humanwhocodes/config-array/node_modules/debug
3714 silly ADD node_modules/@eslint/js
3715 silly ADD node_modules/@eslint/eslintrc
3716 silly ADD node_modules/@eslint/eslintrc/node_modules/ms
3717 silly ADD node_modules/@eslint/eslintrc/node_modules/debug
3718 silly ADD node_modules/@eslint-community/regexpp
3719 silly ADD node_modules/@eslint-community/eslint-utils
3720 silly ADD node_modules/eslint
3721 silly ADD node_modules/eslint/node_modules/ms
3722 silly ADD node_modules/eslint/node_modules/debug
3723 silly ADD node_modules/verror
3724 silly ADD node_modules/verror/node_modules/core-util-is
3725 silly ADD node_modules/json-schema
3726 silly ADD node_modules/extsprintf
3727 silly ADD node_modules/sshpk
3728 silly ADD node_modules/jsprim
3729 silly ADD node_modules/assert-plus
3730 silly ADD node_modules/uri-js
3731 silly ADD node_modules/json-schema-traverse
3732 silly ADD node_modules/fast-json-stable-stringify
3733 silly ADD node_modules/fast-deep-equal
3734 silly ADD node_modules/har-schema
3735 silly ADD node_modules/ajv
3736 silly ADD node_modules/asynckit
3737 silly ADD node_modules/delayed-stream
3738 silly ADD node_modules/tunnel-agent
3739 silly ADD node_modules/tough-cookie
3740 silly ADD node_modules/performance-now
3741 silly ADD node_modules/oauth-sign
3742 silly ADD node_modules/json-stringify-safe
3743 silly ADD node_modules/isstream
3744 silly ADD node_modules/is-typedarray
3745 silly ADD node_modules/http-signature
3746 silly ADD node_modules/har-validator
3747 silly ADD node_modules/form-data
3748 silly ADD node_modules/forever-agent
3749 silly ADD node_modules/combined-stream
3750 silly ADD node_modules/caseless
3751 silly ADD node_modules/aws4
3752 silly ADD node_modules/aws-sign2
3753 silly ADD node_modules/util-deprecate
3754 silly ADD node_modules/string_decoder
3755 silly ADD node_modules/string_decoder/node_modules/safe-buffer
3756 silly ADD node_modules/process-nextick-args
3757 silly ADD node_modules/isarray
3758 silly ADD node_modules/core-util-is
3759 silly ADD node_modules/side-channel
3760 silly ADD node_modules/ipaddr.js
3761 silly ADD node_modules/forwarded
3762 silly ADD node_modules/ee-first
3763 silly ADD node_modules/whatwg-url
3764 silly ADD node_modules/minimist
3765 silly ADD node_modules/typedarray
3766 silly ADD node_modules/readable-stream
3767 silly ADD node_modules/readable-stream/node_modules/safe-buffer
3768 silly ADD node_modules/buffer-from
3769 silly ADD node_modules/streamsearch
3770 silly ADD node_modules/xtend
3771 silly ADD node_modules/mkdirp
3772 silly ADD node_modules/concat-stream
3773 silly ADD node_modules/busboy
3774 silly ADD node_modules/append-field
3775 silly ADD node_modules/sift
3776 silly ADD node_modules/mquery
3777 silly ADD node_modules/mquery/node_modules/ms
3778 silly ADD node_modules/mquery/node_modules/debug
3779 silly ADD node_modules/mpath
3780 silly ADD node_modules/kareem
3781 silly ADD node_modules/bson
3782 silly ADD node_modules/mime-db
3783 silly ADD node_modules/buffer-equal-constant-time
3784 silly ADD node_modules/jwa
3785 silly ADD node_modules/semver
3786 silly ADD node_modules/lodash.once
3787 silly ADD node_modules/lodash.isstring
3788 silly ADD node_modules/lodash.isplainobject
3789 silly ADD node_modules/lodash.isnumber
3790 silly ADD node_modules/lodash.isinteger
3791 silly ADD node_modules/lodash.isboolean
3792 silly ADD node_modules/lodash.includes
3793 silly ADD node_modules/bignumber.js
3794 silly ADD node_modules/safer-buffer
3795 silly ADD node_modules/agent-base
3796 silly ADD node_modules/toidentifier
3797 silly ADD node_modules/inherits
3798 silly ADD node_modules/json-bigint
3799 silly ADD node_modules/google-logging-utils
3800 silly ADD node_modules/uuid
3801 silly ADD node_modules/node-fetch
3802 silly ADD node_modules/is-stream
3803 silly ADD node_modules/https-proxy-agent
3804 silly ADD node_modules/https-proxy-agent/node_modules/ms
3805 silly ADD node_modules/https-proxy-agent/node_modules/debug
3806 silly ADD node_modules/extend
3807 silly ADD node_modules/jws
3808 silly ADD node_modules/gtoken
3809 silly ADD node_modules/gcp-metadata
3810 silly ADD node_modules/gaxios
3811 silly ADD node_modules/ecdsa-sig-formatter
3812 silly ADD node_modules/base64-js
3813 silly ADD node_modules/strnum
3814 silly ADD node_modules/path-expression-matcher
3815 silly ADD node_modules/fast-xml-builder
3816 silly ADD node_modules/@nodable/entities
3817 silly ADD node_modules/validator
3818 silly ADD node_modules/lodash
3819 silly ADD node_modules/ms
3820 silly ADD node_modules/unpipe
3821 silly ADD node_modules/raw-body
3822 silly ADD node_modules/iconv-lite
3823 silly ADD node_modules/destroy
3824 silly ADD node_modules/bytes
3825 silly ADD node_modules/negotiator
3826 silly ADD node_modules/mime-types
3827 silly ADD node_modules/utils-merge
3828 silly ADD node_modules/type-is
3829 silly ADD node_modules/statuses
3830 silly ADD node_modules/setprototypeof
3831 silly ADD node_modules/serve-static
3832 silly ADD node_modules/send
3833 silly ADD node_modules/send/node_modules/ms
3834 silly ADD node_modules/safe-buffer
3835 silly ADD node_modules/range-parser
3836 silly ADD node_modules/qs
3837 silly ADD node_modules/proxy-addr
3838 silly ADD node_modules/path-to-regexp
3839 silly ADD node_modules/parseurl
3840 silly ADD node_modules/on-finished
3841 silly ADD node_modules/methods
3842 silly ADD node_modules/merge-descriptors
3843 silly ADD node_modules/http-errors
3844 silly ADD node_modules/fresh
3845 silly ADD node_modules/finalhandler
3846 silly ADD node_modules/etag
3847 silly ADD node_modules/escape-html
3848 silly ADD node_modules/encodeurl
3849 silly ADD node_modules/depd
3850 silly ADD node_modules/debug
3851 silly ADD node_modules/content-type
3852 silly ADD node_modules/content-disposition
3853 silly ADD node_modules/body-parser
3854 silly ADD node_modules/array-flatten
3855 silly ADD node_modules/accepts
3856 silly ADD node_modules/vary
3857 silly ADD node_modules/object-assign
3858 silly ADD node_modules/cookie-signature
3859 silly ADD node_modules/cookie
3860 silly ADD node_modules/@smithy/querystring-parser
3861 silly ADD node_modules/@smithy/util-uri-escape
3862 silly ADD node_modules/@smithy/service-error-classification
3863 silly ADD node_modules/@smithy/util-buffer-from
3864 silly ADD node_modules/@smithy/chunked-blob-reader-native
3865 silly ADD node_modules/@smithy/chunked-blob-reader
3866 silly ADD node_modules/@smithy/util-hex-encoding
3867 silly ADD node_modules/@smithy/eventstream-codec
3868 silly ADD node_modules/@smithy/eventstream-serde-universal
3869 silly ADD node_modules/@smithy/uuid
3870 silly ADD node_modules/rewire
3871 silly ADD node_modules/request
3872 silly ADD node_modules/request/node_modules/uuid
3873 silly ADD node_modules/request/node_modules/qs
3874 silly ADD node_modules/bluebird
3875 silly ADD node_modules/fast-xml-parser
3876 silly ADD node_modules/bowser
3877 silly ADD node_modules/@smithy/querystring-builder
3878 silly ADD node_modules/@aws-sdk/util-format-url
3879 silly ADD node_modules/@aws/lambda-invoke-store
3880 silly ADD node_modules/@smithy/is-array-buffer
3881 silly ADD node_modules/@aws-sdk/crc64-nvme
3882 silly ADD node_modules/@aws-crypto/crc32c
3883 silly ADD node_modules/@aws-crypto/crc32
3884 silly ADD node_modules/@smithy/util-config-provider
3885 silly ADD node_modules/@aws-sdk/util-arn-parser
3886 silly ADD node_modules/@aws-sdk/token-providers
3887 silly ADD node_modules/@aws-sdk/nested-clients
3888 silly ADD node_modules/@aws-sdk/credential-provider-login
3889 silly ADD node_modules/@smithy/shared-ini-file-loader
3890 silly ADD node_modules/@smithy/credential-provider-imds
3891 silly ADD node_modules/@aws-sdk/credential-provider-web-identity
3892 silly ADD node_modules/@aws-sdk/credential-provider-sso
3893 silly ADD node_modules/@aws-sdk/credential-provider-process
3894 silly ADD node_modules/@aws-sdk/credential-provider-ini
3895 silly ADD node_modules/@aws-sdk/credential-provider-http
3896 silly ADD node_modules/@aws-sdk/credential-provider-env
3897 silly ADD node_modules/@smithy/signature-v4
3898 silly ADD node_modules/@smithy/property-provider
3899 silly ADD node_modules/@aws-sdk/xml-builder
3900 silly ADD node_modules/@aws-sdk/util-locate-window
3901 silly ADD node_modules/@aws-crypto/util
3902 silly ADD node_modules/@aws-crypto/util/node_modules/@smithy/is-array-buffer
3903 silly ADD node_modules/@aws-crypto/util/node_modules/@smithy/util-buffer-from
3904 silly ADD node_modules/@aws-crypto/util/node_modules/@smithy/util-utf8
3905 silly ADD node_modules/@aws-crypto/supports-web-crypto
3906 silly ADD node_modules/tslib
3907 silly ADD node_modules/@smithy/util-waiter
3908 silly ADD node_modules/@smithy/util-utf8
3909 silly ADD node_modules/@smithy/util-stream
3910 silly ADD node_modules/@smithy/util-retry
3911 silly ADD node_modules/@smithy/util-middleware
3912 silly ADD node_modules/@smithy/util-endpoints
3913 silly ADD node_modules/@smithy/util-defaults-mode-node
3914 silly ADD node_modules/@smithy/util-defaults-mode-browser
3915 silly ADD node_modules/@smithy/util-body-length-node
3916 silly ADD node_modules/@smithy/util-body-length-browser
3917 silly ADD node_modules/@smithy/util-base64
3918 silly ADD node_modules/@smithy/url-parser
3919 silly ADD node_modules/@smithy/types
3920 silly ADD node_modules/@smithy/smithy-client
3921 silly ADD node_modules/@smithy/protocol-http
3922 silly ADD node_modules/@smithy/node-http-handler
3923 silly ADD node_modules/@smithy/node-config-provider
3924 silly ADD node_modules/@smithy/middleware-stack
3925 silly ADD node_modules/@smithy/middleware-serde
3926 silly ADD node_modules/@smithy/middleware-retry
3927 silly ADD node_modules/@smithy/middleware-endpoint
3928 silly ADD node_modules/@smithy/middleware-content-length
3929 silly ADD node_modules/@smithy/md5-js
3930 silly ADD node_modules/@smithy/invalid-dependency
3931 silly ADD node_modules/@smithy/hash-stream-node
3932 silly ADD node_modules/@smithy/hash-node
3933 silly ADD node_modules/@smithy/hash-blob-browser
3934 silly ADD node_modules/@smithy/fetch-http-handler
3935 silly ADD node_modules/@smithy/eventstream-serde-node
3936 silly ADD node_modules/@smithy/eventstream-serde-config-resolver
3937 silly ADD node_modules/@smithy/eventstream-serde-browser
3938 silly ADD node_modules/@smithy/core
3939 silly ADD node_modules/@smithy/config-resolver
3940 silly ADD node_modules/@aws-sdk/util-user-agent-node
3941 silly ADD node_modules/@aws-sdk/util-user-agent-browser
3942 silly ADD node_modules/@aws-sdk/util-endpoints
3943 silly ADD node_modules/@aws-sdk/types
3944 silly ADD node_modules/@aws-sdk/signature-v4-multi-region
3945 silly ADD node_modules/@aws-sdk/region-config-resolver
3946 silly ADD node_modules/@aws-sdk/middleware-user-agent
3947 silly ADD node_modules/@aws-sdk/middleware-ssec
3948 silly ADD node_modules/@aws-sdk/middleware-sdk-s3
3949 silly ADD node_modules/@aws-sdk/middleware-recursion-detection
3950 silly ADD node_modules/@aws-sdk/middleware-logger
3951 silly ADD node_modules/@aws-sdk/middleware-location-constraint
3952 silly ADD node_modules/@aws-sdk/middleware-host-header
3953 silly ADD node_modules/@aws-sdk/middleware-flexible-checksums
3954 silly ADD node_modules/@aws-sdk/middleware-expect-continue
3955 silly ADD node_modules/@aws-sdk/middleware-bucket-endpoint
3956 silly ADD node_modules/@aws-sdk/credential-provider-node
3957 silly ADD node_modules/@aws-sdk/core
3958 silly ADD node_modules/@aws-crypto/sha256-js
3959 silly ADD node_modules/@aws-crypto/sha256-browser
3960 silly ADD node_modules/@aws-crypto/sha256-browser/node_modules/@smithy/is-array-buffer
3961 silly ADD node_modules/@aws-crypto/sha256-browser/node_modules/@smithy/util-buffer-from
3962 silly ADD node_modules/@aws-crypto/sha256-browser/node_modules/@smithy/util-utf8
3963 silly ADD node_modules/@aws-crypto/sha1-browser
3964 silly ADD node_modules/@aws-crypto/sha1-browser/node_modules/@smithy/is-array-buffer
3965 silly ADD node_modules/@aws-crypto/sha1-browser/node_modules/@smithy/util-buffer-from
3966 silly ADD node_modules/@aws-crypto/sha1-browser/node_modules/@smithy/util-utf8
3967 silly ADD node_modules/twilio
3968 silly ADD node_modules/twilio/node_modules/ms
3969 silly ADD node_modules/twilio/node_modules/debug
3970 silly ADD node_modules/twilio/node_modules/agent-base
3971 silly ADD node_modules/twilio/node_modules/https-proxy-agent
3972 silly ADD node_modules/stripe
3973 silly ADD node_modules/multer
3974 silly ADD node_modules/mongoose
3975 silly ADD node_modules/mongoose/node_modules/debug
3976 silly ADD node_modules/mongoose/node_modules/agent-base
3977 silly ADD node_modules/mongoose/node_modules/https-proxy-agent
3978 silly ADD node_modules/mongoose/node_modules/gaxios
3979 silly ADD node_modules/mongoose/node_modules/ms
3980 silly ADD node_modules/mongoose/node_modules/gcp-metadata
3981 silly ADD node_modules/mongoose/node_modules/mongodb
3982 silly ADD node_modules/jsonwebtoken
3983 silly ADD node_modules/jsonwebtoken/node_modules/ms
3984 silly ADD node_modules/google-auth-library
3985 silly ADD node_modules/express-validator
3986 silly ADD node_modules/express
3987 silly ADD node_modules/dotenv
3988 silly ADD node_modules/cors
3989 silly ADD node_modules/cookie-parser
3990 silly ADD node_modules/bcryptjs
3991 silly ADD node_modules/@getbrevo/brevo
3992 silly ADD node_modules/@aws-sdk/s3-request-presigner
3993 silly ADD node_modules/@aws-sdk/client-s3
3994 verbose cwd /Users/rayanqadir/Desktop/Farely/backend
3995 verbose os Darwin 25.4.0
3996 verbose node v23.11.1
3997 verbose npm  v11.6.3
3998 notice
3998 notice New minor version of npm available! 11.6.3 -> 11.13.0
3998 notice Changelog: https://github.com/npm/cli/releases/tag/v11.13.0
3998 notice To update run: npm install -g npm@11.13.0
3998 notice  { force: true, [Symbol(proc-log.meta)]: true }
3999 verbose exit 0
4000 info ok
