0 verbose cli /Users/rayanqadir/.nvm/versions/node/v23.11.1/bin/node /Users/rayanqadir/.npm-global/bin/npm
1 info using npm@11.6.3
2 info using node@v23.11.1
3 silly config load:file:/Users/rayanqadir/.npm-global/lib/node_modules/npm/npmrc
4 warn Unknown env config "devdir". This will stop working in the next major version of npm.
5 silly config load:file:/Users/rayanqadir/Desktop/Farely/backend/.npmrc
6 silly config load:file:/Users/rayanqadir/.npmrc
7 silly config load:file:/Users/rayanqadir/.nvm/versions/node/v23.11.1/etc/npmrc
8 verbose title npm install
9 verbose argv "install" "--cache" "/Users/rayanqadir/Desktop/Farely/.npm-cache"
10 verbose logfile logs-max:10 dir:/Users/rayanqadir/Desktop/Farely/.npm-cache/_logs/2026-04-24T16_24_53_249Z-
11 verbose logfile /Users/rayanqadir/Desktop/Farely/.npm-cache/_logs/2026-04-24T16_24_53_249Z-debug-0.log
12 silly logfile done cleaning log files
13 silly packumentCache heap:4345298944 maxSize:1086324736 maxEntrySize:543162368
14 silly idealTree buildDeps
15 silly fetch manifest @aws-sdk/client-s3@^3.700.0
16 silly packumentCache full:https://registry.npmjs.org/@aws-sdk%2fclient-s3 cache-miss
17 http fetch GET 200 https://registry.npmjs.org/@aws-sdk%2fclient-s3 285ms (cache revalidated)
18 silly packumentCache full:https://registry.npmjs.org/@aws-sdk%2fclient-s3 set size:3753881 disposed:false
19 silly fetch manifest @aws-sdk/s3-request-presigner@^3.700.0
20 silly packumentCache full:https://registry.npmjs.org/@aws-sdk%2fs3-request-presigner cache-miss
21 http fetch GET 200 https://registry.npmjs.org/@aws-sdk%2fs3-request-presigner 125ms (cache revalidated)
22 silly packumentCache full:https://registry.npmjs.org/@aws-sdk%2fs3-request-presigner set size:2273994 disposed:false
23 silly fetch manifest @getbrevo/brevo@^2.2.0
24 silly packumentCache full:https://registry.npmjs.org/@getbrevo%2fbrevo cache-miss
25 http fetch GET 200 https://registry.npmjs.org/@getbrevo%2fbrevo 1055ms (cache revalidated)
26 silly packumentCache full:https://registry.npmjs.org/@getbrevo%2fbrevo set size:82163 disposed:false
27 silly fetch manifest bcryptjs@^2.4.3
28 silly packumentCache full:https://registry.npmjs.org/bcryptjs cache-miss
29 http fetch GET 200 https://registry.npmjs.org/bcryptjs 355ms (cache revalidated)
30 silly packumentCache full:https://registry.npmjs.org/bcryptjs set size:80409 disposed:false
31 silly fetch manifest cookie-parser@^1.4.6
32 silly packumentCache full:https://registry.npmjs.org/cookie-parser cache-miss
33 http fetch GET 200 https://registry.npmjs.org/cookie-parser 349ms (cache revalidated)
34 silly packumentCache full:https://registry.npmjs.org/cookie-parser set size:44731 disposed:false
35 silly fetch manifest cors@^2.8.6
36 silly packumentCache full:https://registry.npmjs.org/cors cache-miss
37 http fetch GET 200 https://registry.npmjs.org/cors 103ms (cache revalidated)
38 silly packumentCache full:https://registry.npmjs.org/cors set size:77956 disposed:false
39 silly fetch manifest dotenv@^16.4.5
40 silly packumentCache full:https://registry.npmjs.org/dotenv cache-miss
41 http fetch GET 200 https://registry.npmjs.org/dotenv 109ms (cache revalidated)
42 silly packumentCache full:https://registry.npmjs.org/dotenv set size:277856 disposed:false
43 silly fetch manifest express@^4.21.0
44 silly packumentCache full:https://registry.npmjs.org/express cache-miss
45 http fetch GET 200 https://registry.npmjs.org/express 115ms (cache revalidated)
46 silly packumentCache full:https://registry.npmjs.org/express set size:801278 disposed:false
47 silly fetch manifest express-validator@^7.2.0
48 silly packumentCache full:https://registry.npmjs.org/express-validator cache-miss
49 http fetch GET 200 https://registry.npmjs.org/express-validator 379ms (cache revalidated)
50 silly packumentCache full:https://registry.npmjs.org/express-validator set size:312637 disposed:false
51 silly fetch manifest google-auth-library@^9.14.1
52 silly packumentCache full:https://registry.npmjs.org/google-auth-library cache-miss
53 http fetch GET 200 https://registry.npmjs.org/google-auth-library 72ms (cache revalidated)
54 silly packumentCache full:https://registry.npmjs.org/google-auth-library set size:724318 disposed:false
55 silly fetch manifest jsonwebtoken@^9.0.2
56 silly packumentCache full:https://registry.npmjs.org/jsonwebtoken cache-miss
57 http fetch GET 200 https://registry.npmjs.org/jsonwebtoken 106ms (cache revalidated)
58 silly packumentCache full:https://registry.npmjs.org/jsonwebtoken set size:183545 disposed:false
59 silly fetch manifest mongoose@^8.8.0
60 silly packumentCache full:https://registry.npmjs.org/mongoose cache-miss
61 http fetch GET 200 https://registry.npmjs.org/mongoose 384ms (cache revalidated)
62 silly packumentCache full:https://registry.npmjs.org/mongoose set size:4121405 disposed:false
63 silly fetch manifest multer@^1.4.5-lts.1
64 silly packumentCache full:https://registry.npmjs.org/multer cache-miss
65 http fetch GET 200 https://registry.npmjs.org/multer 64ms (cache revalidated)
66 silly packumentCache full:https://registry.npmjs.org/multer set size:150932 disposed:false
67 silly fetch manifest stripe@^22.0.1
68 silly packumentCache full:https://registry.npmjs.org/stripe cache-miss
69 http fetch GET 200 https://registry.npmjs.org/stripe 613ms (cache revalidated)
70 silly packumentCache full:https://registry.npmjs.org/stripe set size:2634675 disposed:false
71 silly fetch manifest @types/node@>=18
72 silly packumentCache full:https://registry.npmjs.org/@types%2fnode cache-miss
73 http fetch GET 200 https://registry.npmjs.org/@types%2fnode 113ms (cache revalidated)
74 silly packumentCache full:https://registry.npmjs.org/@types%2fnode set size:10972342 disposed:false
75 silly fetch manifest twilio@^5.3.4
76 silly packumentCache full:https://registry.npmjs.org/twilio cache-miss
77 http fetch GET 200 https://registry.npmjs.org/twilio 349ms (cache revalidated)
78 silly packumentCache full:https://registry.npmjs.org/twilio set size:989481 disposed:false
79 silly placeDep ROOT @aws-sdk/client-s3@3.1036.0 OK for: backend@1.0.0 want: ^3.700.0
80 silly placeDep ROOT @aws-sdk/s3-request-presigner@3.1036.0 OK for: backend@1.0.0 want: ^3.700.0
81 silly placeDep ROOT @getbrevo/brevo@2.5.0 OK for: backend@1.0.0 want: ^2.2.0
82 silly placeDep ROOT bcryptjs@2.4.3 OK for: backend@1.0.0 want: ^2.4.3
83 silly placeDep ROOT cookie-parser@1.4.7 OK for: backend@1.0.0 want: ^1.4.6
84 silly placeDep ROOT cors@2.8.6 OK for: backend@1.0.0 want: ^2.8.6
85 silly placeDep ROOT dotenv@16.6.1 OK for: backend@1.0.0 want: ^16.4.5
86 silly placeDep ROOT express@4.22.1 OK for: backend@1.0.0 want: ^4.21.0
87 silly placeDep ROOT express-validator@7.3.2 OK for: backend@1.0.0 want: ^7.2.0
88 silly placeDep ROOT google-auth-library@9.15.1 OK for: backend@1.0.0 want: ^9.14.1
89 silly placeDep ROOT jsonwebtoken@9.0.3 OK for: backend@1.0.0 want: ^9.0.2
90 silly placeDep ROOT mongoose@8.23.1 OK for: backend@1.0.0 want: ^8.8.0
91 silly placeDep ROOT multer@1.4.5-lts.2 OK for: backend@1.0.0 want: ^1.4.5-lts.1
92 silly placeDep ROOT stripe@22.1.0 OK for: backend@1.0.0 want: ^22.0.1
93 silly placeDep ROOT twilio@5.13.1 OK for: backend@1.0.0 want: ^5.3.4
94 silly fetch manifest @aws-crypto/sha1-browser@5.2.0
95 silly packumentCache full:https://registry.npmjs.org/@aws-crypto%2fsha1-browser cache-miss
96 silly fetch manifest @aws-crypto/sha256-browser@5.2.0
97 silly packumentCache full:https://registry.npmjs.org/@aws-crypto%2fsha256-browser cache-miss
98 silly fetch manifest @aws-crypto/sha256-js@5.2.0
99 silly packumentCache full:https://registry.npmjs.org/@aws-crypto%2fsha256-js cache-miss
100 silly fetch manifest @aws-sdk/core@^3.974.5
101 silly packumentCache full:https://registry.npmjs.org/@aws-sdk%2fcore cache-miss
102 silly fetch manifest @aws-sdk/credential-provider-node@^3.972.36
103 silly packumentCache full:https://registry.npmjs.org/@aws-sdk%2fcredential-provider-node cache-miss
104 silly fetch manifest @aws-sdk/middleware-bucket-endpoint@^3.972.10
105 silly packumentCache full:https://registry.npmjs.org/@aws-sdk%2fmiddleware-bucket-endpoint cache-miss
106 silly fetch manifest @aws-sdk/middleware-expect-continue@^3.972.10
107 silly packumentCache full:https://registry.npmjs.org/@aws-sdk%2fmiddleware-expect-continue cache-miss
108 silly fetch manifest @aws-sdk/middleware-flexible-checksums@^3.974.13
109 silly packumentCache full:https://registry.npmjs.org/@aws-sdk%2fmiddleware-flexible-checksums cache-miss
110 silly fetch manifest @aws-sdk/middleware-host-header@^3.972.10
111 silly packumentCache full:https://registry.npmjs.org/@aws-sdk%2fmiddleware-host-header cache-miss
112 silly fetch manifest @aws-sdk/middleware-location-constraint@^3.972.10
113 silly packumentCache full:https://registry.npmjs.org/@aws-sdk%2fmiddleware-location-constraint cache-miss
114 silly fetch manifest @aws-sdk/middleware-logger@^3.972.10
115 silly packumentCache full:https://registry.npmjs.org/@aws-sdk%2fmiddleware-logger cache-miss
116 silly fetch manifest @aws-sdk/middleware-recursion-detection@^3.972.11
117 silly packumentCache full:https://registry.npmjs.org/@aws-sdk%2fmiddleware-recursion-detection cache-miss
118 silly fetch manifest @aws-sdk/middleware-sdk-s3@^3.972.34
119 silly packumentCache full:https://registry.npmjs.org/@aws-sdk%2fmiddleware-sdk-s3 cache-miss
120 http fetch GET 200 https://registry.npmjs.org/@aws-sdk%2fcore 105ms (cache revalidated)
121 silly packumentCache full:https://registry.npmjs.org/@aws-sdk%2fcore set size:800169 disposed:false
122 silly fetch manifest @aws-sdk/middleware-ssec@^3.972.10
123 silly packumentCache full:https://registry.npmjs.org/@aws-sdk%2fmiddleware-ssec cache-miss
124 http fetch GET 200 https://registry.npmjs.org/@aws-crypto%2fsha256-js 419ms (cache revalidated)
125 silly packumentCache full:https://registry.npmjs.org/@aws-crypto%2fsha256-js set size:54628 disposed:false
126 silly fetch manifest @aws-sdk/middleware-user-agent@^3.972.35
127 silly packumentCache full:https://registry.npmjs.org/@aws-sdk%2fmiddleware-user-agent cache-miss
128 http fetch GET 200 https://registry.npmjs.org/@aws-sdk%2fmiddleware-host-header 428ms (cache revalidated)
129 silly packumentCache full:https://registry.npmjs.org/@aws-sdk%2fmiddleware-host-header set size:665546 disposed:false
130 silly fetch manifest @aws-sdk/region-config-resolver@^3.972.13
131 silly packumentCache full:https://registry.npmjs.org/@aws-sdk%2fregion-config-resolver cache-miss
132 http fetch GET 200 https://registry.npmjs.org/@aws-sdk%2fcredential-provider-node 438ms (cache revalidated)
133 silly packumentCache full:https://registry.npmjs.org/@aws-sdk%2fcredential-provider-node set size:1829095 disposed:false
134 silly fetch manifest @aws-sdk/signature-v4-multi-region@^3.996.22
135 silly packumentCache full:https://registry.npmjs.org/@aws-sdk%2fsignature-v4-multi-region cache-miss
136 http fetch GET 200 https://registry.npmjs.org/@aws-sdk%2fmiddleware-logger 482ms (cache revalidated)
137 silly packumentCache full:https://registry.npmjs.org/@aws-sdk%2fmiddleware-logger set size:590544 disposed:false
138 silly fetch manifest @aws-sdk/types@^3.973.8
139 silly packumentCache full:https://registry.npmjs.org/@aws-sdk%2ftypes cache-miss
140 http fetch GET 200 https://registry.npmjs.org/@aws-sdk%2fmiddleware-sdk-s3 486ms (cache revalidated)
141 silly packumentCache full:https://registry.npmjs.org/@aws-sdk%2fmiddleware-sdk-s3 set size:1155748 disposed:false
142 silly fetch manifest @aws-sdk/util-endpoints@^3.996.8
143 silly packumentCache full:https://registry.npmjs.org/@aws-sdk%2futil-endpoints cache-miss
144 http fetch GET 200 https://registry.npmjs.org/@aws-sdk%2fmiddleware-user-agent 91ms (cache revalidated)
145 silly packumentCache full:https://registry.npmjs.org/@aws-sdk%2fmiddleware-user-agent set size:1045325 disposed:false
146 silly fetch manifest @aws-sdk/util-user-agent-browser@^3.972.10
147 silly packumentCache full:https://registry.npmjs.org/@aws-sdk%2futil-user-agent-browser cache-miss
148 http fetch GET 200 https://registry.npmjs.org/@aws-sdk%2fregion-config-resolver 99ms (cache revalidated)
149 silly packumentCache full:https://registry.npmjs.org/@aws-sdk%2fregion-config-resolver set size:267112 disposed:false
150 silly fetch manifest @aws-sdk/util-user-agent-node@^3.973.21
151 silly packumentCache full:https://registry.npmjs.org/@aws-sdk%2futil-user-agent-node cache-miss
152 http fetch GET 200 https://registry.npmjs.org/@aws-sdk%2fsignature-v4-multi-region 89ms (cache revalidated)
153 silly packumentCache full:https://registry.npmjs.org/@aws-sdk%2fsignature-v4-multi-region set size:901026 disposed:false
154 silly fetch manifest @smithy/config-resolver@^4.4.17
155 silly packumentCache full:https://registry.npmjs.org/@smithy%2fconfig-resolver cache-miss
156 http fetch GET 200 https://registry.npmjs.org/@aws-sdk%2fmiddleware-location-constraint 561ms (cache revalidated)
157 silly packumentCache full:https://registry.npmjs.org/@aws-sdk%2fmiddleware-location-constraint set size:638873 disposed:false
158 silly fetch manifest @smithy/core@^3.23.17
159 silly packumentCache full:https://registry.npmjs.org/@smithy%2fcore cache-miss
160 http fetch GET 200 https://registry.npmjs.org/@aws-sdk%2ftypes 79ms (cache revalidated)
161 silly packumentCache full:https://registry.npmjs.org/@aws-sdk%2ftypes set size:519855 disposed:false
162 silly fetch manifest @smithy/eventstream-serde-browser@^4.2.14
163 silly packumentCache full:https://registry.npmjs.org/@smithy%2feventstream-serde-browser cache-miss
164 http fetch GET 200 https://registry.npmjs.org/@aws-sdk%2futil-endpoints 92ms (cache revalidated)
165 silly packumentCache full:https://registry.npmjs.org/@aws-sdk%2futil-endpoints set size:553538 disposed:false
166 silly fetch manifest @smithy/eventstream-serde-config-resolver@^4.3.14
167 silly packumentCache full:https://registry.npmjs.org/@smithy%2feventstream-serde-config-resolver cache-miss
168 http fetch GET 200 https://registry.npmjs.org/@aws-sdk%2futil-user-agent-browser 100ms (cache revalidated)
169 silly packumentCache full:https://registry.npmjs.org/@aws-sdk%2futil-user-agent-browser set size:671300 disposed:false
170 silly fetch manifest @smithy/eventstream-serde-node@^4.2.14
171 silly packumentCache full:https://registry.npmjs.org/@smithy%2feventstream-serde-node cache-miss
172 http fetch GET 200 https://registry.npmjs.org/@aws-sdk%2futil-user-agent-node 97ms (cache revalidated)
173 silly packumentCache full:https://registry.npmjs.org/@aws-sdk%2futil-user-agent-node set size:1083988 disposed:false
174 silly fetch manifest @smithy/fetch-http-handler@^5.3.17
175 silly packumentCache full:https://registry.npmjs.org/@smithy%2ffetch-http-handler cache-miss
176 http fetch GET 200 https://registry.npmjs.org/@smithy%2fconfig-resolver 109ms (cache revalidated)
177 silly packumentCache full:https://registry.npmjs.org/@smithy%2fconfig-resolver set size:267280 disposed:false
178 silly fetch manifest @smithy/hash-blob-browser@^4.2.15
179 silly packumentCache full:https://registry.npmjs.org/@smithy%2fhash-blob-browser cache-miss
180 http fetch GET 200 https://registry.npmjs.org/@smithy%2feventstream-serde-config-resolver 80ms (cache revalidated)
181 silly packumentCache full:https://registry.npmjs.org/@smithy%2feventstream-serde-config-resolver set size:203769 disposed:false
182 silly fetch manifest @smithy/hash-node@^4.2.14
183 silly packumentCache full:https://registry.npmjs.org/@smithy%2fhash-node cache-miss
184 http fetch GET 200 https://registry.npmjs.org/@aws-crypto%2fsha256-browser 697ms (cache revalidated)
185 silly packumentCache full:https://registry.npmjs.org/@aws-crypto%2fsha256-browser set size:64772 disposed:false
186 silly fetch manifest @smithy/hash-stream-node@^4.2.14
187 silly packumentCache full:https://registry.npmjs.org/@smithy%2fhash-stream-node cache-miss
188 http fetch GET 200 https://registry.npmjs.org/@smithy%2ffetch-http-handler 66ms (cache revalidated)
189 silly packumentCache full:https://registry.npmjs.org/@smithy%2ffetch-http-handler set size:268187 disposed:false
190 silly fetch manifest @smithy/invalid-dependency@^4.2.14
191 silly packumentCache full:https://registry.npmjs.org/@smithy%2finvalid-dependency cache-miss
192 http fetch GET 200 https://registry.npmjs.org/@smithy%2fcore 143ms (cache revalidated)
193 silly packumentCache full:https://registry.npmjs.org/@smithy%2fcore set size:578485 disposed:false
194 silly fetch manifest @smithy/md5-js@^4.2.14
195 silly packumentCache full:https://registry.npmjs.org/@smithy%2fmd5-js cache-miss
196 http fetch GET 200 https://registry.npmjs.org/@smithy%2feventstream-serde-node 103ms (cache revalidated)
197 silly packumentCache full:https://registry.npmjs.org/@smithy%2feventstream-serde-node set size:205451 disposed:false
198 silly fetch manifest @smithy/middleware-content-length@^4.2.14
199 silly packumentCache full:https://registry.npmjs.org/@smithy%2fmiddleware-content-length cache-miss
200 http fetch GET 200 https://registry.npmjs.org/@aws-sdk%2fmiddleware-recursion-detection 726ms (cache revalidated)
201 silly packumentCache full:https://registry.npmjs.org/@aws-sdk%2fmiddleware-recursion-detection set size:468325 disposed:false
202 silly fetch manifest @smithy/middleware-endpoint@^4.4.32
203 silly packumentCache full:https://registry.npmjs.org/@smithy%2fmiddleware-endpoint cache-miss
204 http fetch GET 200 https://registry.npmjs.org/@smithy%2fhash-node 87ms (cache revalidated)
205 silly packumentCache full:https://registry.npmjs.org/@smithy%2fhash-node set size:202467 disposed:false
206 silly fetch manifest @smithy/middleware-retry@^4.5.5
207 silly packumentCache full:https://registry.npmjs.org/@smithy%2fmiddleware-retry cache-miss
208 http fetch GET 200 https://registry.npmjs.org/@smithy%2finvalid-dependency 65ms (cache revalidated)
209 silly packumentCache full:https://registry.npmjs.org/@smithy%2finvalid-dependency set size:192814 disposed:false
210 silly fetch manifest @smithy/middleware-serde@^4.2.20
211 silly packumentCache full:https://registry.npmjs.org/@smithy%2fmiddleware-serde cache-miss
212 http fetch GET 200 https://registry.npmjs.org/@smithy%2fhash-stream-node 77ms (cache revalidated)
213 silly packumentCache full:https://registry.npmjs.org/@smithy%2fhash-stream-node set size:210065 disposed:false
214 silly fetch manifest @smithy/middleware-stack@^4.2.14
215 silly packumentCache full:https://registry.npmjs.org/@smithy%2fmiddleware-stack cache-miss
216 http fetch GET 200 https://registry.npmjs.org/@smithy%2fmd5-js 78ms (cache revalidated)
217 silly packumentCache full:https://registry.npmjs.org/@smithy%2fmd5-js set size:201046 disposed:false
218 silly fetch manifest @smithy/node-config-provider@^4.3.14
219 silly packumentCache full:https://registry.npmjs.org/@smithy%2fnode-config-provider cache-miss
220 http fetch GET 200 https://registry.npmjs.org/@smithy%2fmiddleware-content-length 86ms (cache revalidated)
221 silly packumentCache full:https://registry.npmjs.org/@smithy%2fmiddleware-content-length set size:217671 disposed:false
222 silly fetch manifest @smithy/node-http-handler@^4.6.1
223 silly packumentCache full:https://registry.npmjs.org/@smithy%2fnode-http-handler cache-miss
224 http fetch GET 200 https://registry.npmjs.org/@smithy%2fmiddleware-endpoint 97ms (cache revalidated)
225 silly packumentCache full:https://registry.npmjs.org/@smithy%2fmiddleware-endpoint set size:514851 disposed:false
226 silly fetch manifest @smithy/protocol-http@^5.3.14
227 silly packumentCache full:https://registry.npmjs.org/@smithy%2fprotocol-http cache-miss
228 http fetch GET 200 https://registry.npmjs.org/@smithy%2fmiddleware-serde 80ms (cache revalidated)
229 silly packumentCache full:https://registry.npmjs.org/@smithy%2fmiddleware-serde set size:237373 disposed:false
230 silly fetch manifest @smithy/smithy-client@^4.12.13
231 silly packumentCache full:https://registry.npmjs.org/@smithy%2fsmithy-client cache-miss
232 http fetch GET 200 https://registry.npmjs.org/@smithy%2fmiddleware-retry 96ms (cache revalidated)
233 silly packumentCache full:https://registry.npmjs.org/@smithy%2fmiddleware-retry set size:650071 disposed:false
234 silly fetch manifest @smithy/types@^4.14.1
235 silly packumentCache full:https://registry.npmjs.org/@smithy%2ftypes cache-miss
236 http fetch GET 200 https://registry.npmjs.org/@smithy%2fprotocol-http 108ms (cache revalidated)
237 silly packumentCache full:https://registry.npmjs.org/@smithy%2fprotocol-http set size:202364 disposed:false
238 silly fetch manifest @smithy/url-parser@^4.2.14
239 silly packumentCache full:https://registry.npmjs.org/@smithy%2furl-parser cache-miss
240 http fetch GET 200 https://registry.npmjs.org/@smithy%2feventstream-serde-browser 371ms (cache revalidated)
241 silly packumentCache full:https://registry.npmjs.org/@smithy%2feventstream-serde-browser set size:208387 disposed:false
242 silly fetch manifest @smithy/util-base64@^4.3.2
243 silly packumentCache full:https://registry.npmjs.org/@smithy%2futil-base64 cache-miss
244 http fetch GET 200 https://registry.npmjs.org/@smithy%2ftypes 141ms (cache revalidated)
245 silly packumentCache full:https://registry.npmjs.org/@smithy%2ftypes set size:188679 disposed:false
246 silly fetch manifest @smithy/util-body-length-browser@^4.2.2
247 silly packumentCache full:https://registry.npmjs.org/@smithy%2futil-body-length-browser cache-miss
248 http fetch GET 200 https://registry.npmjs.org/@aws-sdk%2fmiddleware-flexible-checksums 1004ms (cache revalidated)
249 silly packumentCache full:https://registry.npmjs.org/@aws-sdk%2fmiddleware-flexible-checksums set size:960157 disposed:false
250 silly fetch manifest @smithy/util-body-length-node@^4.2.3
251 silly packumentCache full:https://registry.npmjs.org/@smithy%2futil-body-length-node cache-miss
252 http fetch GET 200 https://registry.npmjs.org/@smithy%2fhash-blob-browser 372ms (cache revalidated)
253 silly packumentCache full:https://registry.npmjs.org/@smithy%2fhash-blob-browser set size:235556 disposed:false
254 silly fetch manifest @smithy/util-defaults-mode-browser@^4.3.49
255 silly packumentCache full:https://registry.npmjs.org/@smithy%2futil-defaults-mode-browser cache-miss
256 http fetch GET 200 https://registry.npmjs.org/@smithy%2futil-body-length-browser 94ms (cache revalidated)
257 silly packumentCache full:https://registry.npmjs.org/@smithy%2futil-body-length-browser set size:43930 disposed:false
258 silly fetch manifest @smithy/util-defaults-mode-node@^4.2.54
259 silly packumentCache full:https://registry.npmjs.org/@smithy%2futil-defaults-mode-node cache-miss
260 http fetch GET 200 https://registry.npmjs.org/@smithy%2futil-base64 151ms (cache revalidated)
261 silly packumentCache full:https://registry.npmjs.org/@smithy%2futil-base64 set size:57505 disposed:false
262 silly fetch manifest @smithy/util-endpoints@^3.4.2
263 silly packumentCache full:https://registry.npmjs.org/@smithy%2futil-endpoints cache-miss
264 http fetch GET 200 https://registry.npmjs.org/@smithy%2fnode-config-provider 306ms (cache revalidated)
265 silly packumentCache full:https://registry.npmjs.org/@smithy%2fnode-config-provider set size:232280 disposed:false
266 silly fetch manifest @smithy/util-middleware@^4.2.14
267 silly packumentCache full:https://registry.npmjs.org/@smithy%2futil-middleware cache-miss
268 http fetch GET 200 https://registry.npmjs.org/@smithy%2futil-body-length-node 90ms (cache revalidated)
269 silly packumentCache full:https://registry.npmjs.org/@smithy%2futil-body-length-node set size:50018 disposed:false
270 silly fetch manifest @smithy/util-retry@^4.3.4
271 silly packumentCache full:https://registry.npmjs.org/@smithy%2futil-retry cache-miss
272 http fetch GET 200 https://registry.npmjs.org/@aws-crypto%2fsha1-browser 1101ms (cache revalidated)
273 silly packumentCache full:https://registry.npmjs.org/@aws-crypto%2fsha1-browser set size:25749 disposed:false
274 silly fetch manifest @smithy/util-stream@^4.5.25
275 silly packumentCache full:https://registry.npmjs.org/@smithy%2futil-stream cache-miss
276 http fetch GET 200 https://registry.npmjs.org/@aws-sdk%2fmiddleware-expect-continue 1103ms (cache revalidated)
277 silly packumentCache full:https://registry.npmjs.org/@aws-sdk%2fmiddleware-expect-continue set size:686667 disposed:false
278 silly fetch manifest @smithy/util-utf8@^4.2.2
279 silly packumentCache full:https://registry.npmjs.org/@smithy%2futil-utf8 cache-miss
280 http fetch GET 200 https://registry.npmjs.org/@smithy%2futil-retry 68ms (cache revalidated)
281 silly packumentCache full:https://registry.npmjs.org/@smithy%2futil-retry set size:194620 disposed:false
282 silly fetch manifest @smithy/util-waiter@^4.2.16
283 silly packumentCache full:https://registry.npmjs.org/@smithy%2futil-waiter cache-miss
284 http fetch GET 200 https://registry.npmjs.org/@smithy%2fmiddleware-stack 393ms (cache revalidated)
285 silly packumentCache full:https://registry.npmjs.org/@smithy%2fmiddleware-stack set size:167718 disposed:false
286 silly fetch manifest tslib@^2.6.2
287 silly packumentCache full:https://registry.npmjs.org/tslib cache-miss
288 http fetch GET 200 https://registry.npmjs.org/@smithy%2futil-middleware 84ms (cache revalidated)
289 silly packumentCache full:https://registry.npmjs.org/@smithy%2futil-middleware set size:160338 disposed:false
290 silly fetch manifest @aws-sdk/util-format-url@^3.972.10
291 silly packumentCache full:https://registry.npmjs.org/@aws-sdk%2futil-format-url cache-miss
292 http fetch GET 200 https://registry.npmjs.org/@smithy%2futil-utf8 76ms (cache revalidated)
293 silly packumentCache full:https://registry.npmjs.org/@smithy%2futil-utf8 set size:50817 disposed:false
294 silly fetch manifest @smithy/smithy-client@^4.12.13
295 silly packumentCache full:https://registry.npmjs.org/@smithy%2fsmithy-client cache-miss
296 http fetch GET 200 https://registry.npmjs.org/@smithy%2futil-endpoints 201ms (cache revalidated)
297 silly packumentCache full:https://registry.npmjs.org/@smithy%2futil-endpoints set size:176811 disposed:false
298 silly fetch manifest tslib@^2.6.2
299 silly packumentCache full:https://registry.npmjs.org/tslib cache-miss
300 http fetch GET 200 https://registry.npmjs.org/@aws-sdk%2fmiddleware-ssec 1190ms (cache revalidated)
301 silly packumentCache full:https://registry.npmjs.org/@aws-sdk%2fmiddleware-ssec set size:611641 disposed:false
302 silly fetch manifest rewire@^7.0.0
303 silly packumentCache full:https://registry.npmjs.org/rewire cache-miss
304 http fetch GET 200 https://registry.npmjs.org/tslib 138ms (cache revalidated)
305 silly packumentCache full:https://registry.npmjs.org/tslib set size:108760 disposed:false
306 silly fetch manifest request@^2.81.0
307 silly packumentCache full:https://registry.npmjs.org/request cache-miss
308 http fetch GET 200 https://registry.npmjs.org/@aws-sdk%2fmiddleware-bucket-endpoint 1311ms (cache revalidated)
309 silly packumentCache full:https://registry.npmjs.org/@aws-sdk%2fmiddleware-bucket-endpoint set size:810939 disposed:false
310 silly fetch manifest bluebird@^3.5.0
311 silly packumentCache full:https://registry.npmjs.org/bluebird cache-miss
312 http fetch GET 200 https://registry.npmjs.org/@smithy%2fnode-http-handler 507ms (cache revalidated)
313 silly packumentCache full:https://registry.npmjs.org/@smithy%2fnode-http-handler set size:258231 disposed:false
314 silly fetch manifest cookie@0.7.2
315 silly packumentCache full:https://registry.npmjs.org/cookie cache-miss
316 http fetch GET 200 https://registry.npmjs.org/@smithy%2furl-parser 378ms (cache revalidated)
317 silly packumentCache full:https://registry.npmjs.org/@smithy%2furl-parser set size:190843 disposed:false
318 silly fetch manifest cookie-signature@1.0.6
319 silly packumentCache full:https://registry.npmjs.org/cookie-signature cache-miss
320 http fetch GET 200 https://registry.npmjs.org/@smithy%2fsmithy-client 491ms (cache revalidated)
321 silly packumentCache full:https://registry.npmjs.org/@smithy%2fsmithy-client set size:551423 disposed:false
322 silly fetch manifest object-assign@^4
323 silly packumentCache full:https://registry.npmjs.org/object-assign cache-miss
324 http fetch GET 200 https://registry.npmjs.org/tslib 56ms (cache revalidated)
325 silly packumentCache full:https://registry.npmjs.org/tslib set size:108760 disposed:false
326 silly packumentCache full:https://registry.npmjs.org/tslib dispose
327 silly fetch manifest vary@^1
328 silly packumentCache full:https://registry.npmjs.org/vary cache-miss
329 http fetch GET 200 https://registry.npmjs.org/@aws-sdk%2futil-format-url 186ms (cache revalidated)
330 silly packumentCache full:https://registry.npmjs.org/@aws-sdk%2futil-format-url set size:623039 disposed:false
331 silly fetch manifest qs@~6.14.0
332 silly packumentCache full:https://registry.npmjs.org/qs cache-miss
333 http fetch GET 200 https://registry.npmjs.org/@smithy%2fsmithy-client 185ms (cache revalidated)
334 silly packumentCache full:https://registry.npmjs.org/@smithy%2fsmithy-client set size:551423 disposed:false
335 silly packumentCache full:https://registry.npmjs.org/@smithy%2fsmithy-client dispose
336 silly fetch manifest depd@2.0.0
337 silly packumentCache full:https://registry.npmjs.org/depd cache-miss
338 http fetch GET 200 https://registry.npmjs.org/cookie-signature 97ms (cache revalidated)
339 silly packumentCache full:https://registry.npmjs.org/cookie-signature set size:21777 disposed:false
340 silly fetch manifest etag@~1.8.1
341 silly packumentCache full:https://registry.npmjs.org/etag cache-miss
342 http fetch GET 200 https://registry.npmjs.org/object-assign 75ms (cache revalidated)
343 silly packumentCache full:https://registry.npmjs.org/object-assign set size:28988 disposed:false
344 silly fetch manifest send@~0.19.0
345 silly packumentCache full:https://registry.npmjs.org/send cache-miss
346 http fetch GET 200 https://registry.npmjs.org/cookie 102ms (cache revalidated)
347 silly packumentCache full:https://registry.npmjs.org/cookie set size:72891 disposed:false
348 silly fetch manifest vary@~1.1.2
349 silly packumentCache full:https://registry.npmjs.org/vary cache-miss
350 http fetch GET 200 https://registry.npmjs.org/bluebird 114ms (cache revalidated)
351 silly packumentCache full:https://registry.npmjs.org/bluebird set size:491002 disposed:false
352 silly fetch manifest debug@2.6.9
353 silly packumentCache full:https://registry.npmjs.org/debug cache-miss
354 http fetch GET 200 https://registry.npmjs.org/qs 80ms (cache revalidated)
355 silly packumentCache full:https://registry.npmjs.org/qs set size:353582 disposed:false
356 silly fetch manifest fresh@~0.5.2
357 silly packumentCache full:https://registry.npmjs.org/fresh cache-miss
358 http fetch GET 200 https://registry.npmjs.org/@smithy%2futil-defaults-mode-browser 431ms (cache revalidated)
359 silly packumentCache full:https://registry.npmjs.org/@smithy%2futil-defaults-mode-browser set size:535490 disposed:false
360 silly fetch manifest cookie@~0.7.1
361 silly packumentCache full:https://registry.npmjs.org/cookie cache-hit
362 silly fetch manifest accepts@~1.3.8
363 silly packumentCache full:https://registry.npmjs.org/accepts cache-miss
364 http fetch GET 200 https://registry.npmjs.org/@smithy%2futil-defaults-mode-node 366ms (cache revalidated)
365 silly packumentCache full:https://registry.npmjs.org/@smithy%2futil-defaults-mode-node set size:589480 disposed:false
366 silly fetch manifest methods@~1.1.2
367 silly packumentCache full:https://registry.npmjs.org/methods cache-miss
368 http fetch GET 200 https://registry.npmjs.org/depd 88ms (cache revalidated)
369 silly packumentCache full:https://registry.npmjs.org/depd set size:40182 disposed:false
370 silly fetch manifest type-is@~1.6.18
371 silly packumentCache full:https://registry.npmjs.org/type-is cache-miss
372 http fetch GET 200 https://registry.npmjs.org/etag 59ms (cache revalidated)
373 silly packumentCache full:https://registry.npmjs.org/etag set size:30032 disposed:false
374 silly fetch manifest parseurl@~1.3.3
375 silly packumentCache full:https://registry.npmjs.org/parseurl cache-miss
376 http fetch GET 200 https://registry.npmjs.org/methods 88ms (cache revalidated)
377 silly packumentCache full:https://registry.npmjs.org/methods set size:12600 disposed:false
378 silly fetch manifest statuses@~2.0.1
379 silly packumentCache full:https://registry.npmjs.org/statuses cache-miss
380 http fetch GET 200 https://registry.npmjs.org/send 129ms (cache revalidated)
381 silly packumentCache full:https://registry.npmjs.org/send set size:152810 disposed:false
382 silly fetch manifest encodeurl@~2.0.0
383 silly packumentCache full:https://registry.npmjs.org/encodeurl cache-miss
384 http fetch GET 200 https://registry.npmjs.org/debug 122ms (cache revalidated)
385 silly packumentCache full:https://registry.npmjs.org/debug set size:195840 disposed:false
386 silly fetch manifest proxy-addr@~2.0.7
387 silly packumentCache full:https://registry.npmjs.org/proxy-addr cache-miss
388 http fetch GET 200 https://registry.npmjs.org/accepts 103ms (cache revalidated)
389 silly packumentCache full:https://registry.npmjs.org/accepts set size:77054 disposed:false
390 silly fetch manifest body-parser@~1.20.3
391 silly packumentCache full:https://registry.npmjs.org/body-parser cache-miss
392 http fetch GET 200 https://registry.npmjs.org/type-is 96ms (cache revalidated)
393 silly packumentCache full:https://registry.npmjs.org/type-is set size:86196 disposed:false
394 silly fetch manifest escape-html@~1.0.3
395 silly packumentCache full:https://registry.npmjs.org/escape-html cache-miss
396 http fetch GET 200 https://registry.npmjs.org/fresh 107ms (cache revalidated)
397 silly packumentCache full:https://registry.npmjs.org/fresh set size:25427 disposed:false
398 silly fetch manifest http-errors@~2.0.0
399 silly packumentCache full:https://registry.npmjs.org/http-errors cache-miss
400 http fetch GET 200 https://registry.npmjs.org/@smithy%2futil-waiter 389ms (cache revalidated)
401 silly packumentCache full:https://registry.npmjs.org/@smithy%2futil-waiter set size:197148 disposed:false
402 silly fetch manifest on-finished@~2.4.1
403 silly packumentCache full:https://registry.npmjs.org/on-finished cache-miss
404 http fetch GET 200 https://registry.npmjs.org/@smithy%2futil-stream 468ms (cache revalidated)
405 silly packumentCache full:https://registry.npmjs.org/@smithy%2futil-stream set size:470000 disposed:false
406 silly fetch manifest safe-buffer@5.2.1
407 silly packumentCache full:https://registry.npmjs.org/safe-buffer cache-miss
408 http fetch GET 200 https://registry.npmjs.org/parseurl 112ms (cache revalidated)
409 silly packumentCache full:https://registry.npmjs.org/parseurl set size:24148 disposed:false
410 silly fetch manifest utils-merge@1.0.1
411 silly packumentCache full:https://registry.npmjs.org/utils-merge cache-miss
412 http fetch GET 200 https://registry.npmjs.org/statuses 69ms (cache revalidated)
413 silly packumentCache full:https://registry.npmjs.org/statuses set size:37117 disposed:false
414 silly fetch manifest content-type@~1.0.4
415 silly packumentCache full:https://registry.npmjs.org/content-type cache-miss
416 http fetch GET 200 https://registry.npmjs.org/body-parser 63ms (cache revalidated)
417 silly packumentCache full:https://registry.npmjs.org/body-parser set size:216830 disposed:false
418 silly fetch manifest finalhandler@~1.3.1
419 silly packumentCache full:https://registry.npmjs.org/finalhandler cache-miss
420 http fetch GET 200 https://registry.npmjs.org/on-finished 62ms (cache revalidated)
421 silly packumentCache full:https://registry.npmjs.org/on-finished set size:23212 disposed:false
422 silly fetch manifest range-parser@~1.2.1
423 silly packumentCache full:https://registry.npmjs.org/range-parser cache-miss
424 http fetch GET 200 https://registry.npmjs.org/encodeurl 78ms (cache revalidated)
425 silly packumentCache full:https://registry.npmjs.org/encodeurl set size:12296 disposed:false
426 silly fetch manifest serve-static@~1.16.2
427 silly packumentCache full:https://registry.npmjs.org/serve-static cache-miss
428 http fetch GET 200 https://registry.npmjs.org/escape-html 73ms (cache revalidated)
429 silly packumentCache full:https://registry.npmjs.org/escape-html set size:7345 disposed:false
430 silly fetch manifest array-flatten@1.1.1
431 silly packumentCache full:https://registry.npmjs.org/array-flatten cache-miss
432 http fetch GET 200 https://registry.npmjs.org/safe-buffer 59ms (cache revalidated)
433 silly packumentCache full:https://registry.npmjs.org/safe-buffer set size:41183 disposed:false
434 silly fetch manifest path-to-regexp@~0.1.12
435 silly packumentCache full:https://registry.npmjs.org/path-to-regexp cache-miss
436 http fetch GET 200 https://registry.npmjs.org/http-errors 83ms (cache revalidated)
437 silly packumentCache full:https://registry.npmjs.org/http-errors set size:71987 disposed:false
438 silly fetch manifest setprototypeof@1.2.0
439 silly packumentCache full:https://registry.npmjs.org/setprototypeof cache-miss
440 http fetch GET 200 https://registry.npmjs.org/request 363ms (cache revalidated)
441 silly packumentCache full:https://registry.npmjs.org/request set size:307273 disposed:false
442 silly fetch manifest cookie-signature@~1.0.6
443 silly packumentCache full:https://registry.npmjs.org/cookie-signature cache-hit
444 silly fetch manifest merge-descriptors@1.0.3
445 silly packumentCache full:https://registry.npmjs.org/merge-descriptors cache-miss
446 http fetch GET 200 https://registry.npmjs.org/content-type 59ms (cache revalidated)
447 silly packumentCache full:https://registry.npmjs.org/content-type set size:17311 disposed:false
448 silly fetch manifest content-disposition@~0.5.4
449 silly packumentCache full:https://registry.npmjs.org/content-disposition cache-miss
450 http fetch GET 200 https://registry.npmjs.org/rewire 380ms (cache revalidated)
451 silly packumentCache full:https://registry.npmjs.org/rewire set size:84378 disposed:false
452 silly fetch manifest lodash@^4.18.1
453 silly packumentCache full:https://registry.npmjs.org/lodash cache-miss
454 http fetch GET 200 https://registry.npmjs.org/range-parser 69ms (cache revalidated)
455 silly packumentCache full:https://registry.npmjs.org/range-parser set size:22228 disposed:false
456 silly fetch manifest validator@~13.15.23
457 silly packumentCache full:https://registry.npmjs.org/validator cache-miss
458 http fetch GET 200 https://registry.npmjs.org/finalhandler 74ms (cache revalidated)
459 silly packumentCache full:https://registry.npmjs.org/finalhandler set size:79291 disposed:false
460 silly fetch manifest jws@^4.0.0
461 silly packumentCache full:https://registry.npmjs.org/jws cache-miss
462 http fetch GET 200 https://registry.npmjs.org/vary 351ms (cache revalidated)
463 silly packumentCache full:https://registry.npmjs.org/vary set size:16018 disposed:false
464 silly fetch manifest gaxios@^6.1.1
465 silly packumentCache full:https://registry.npmjs.org/gaxios cache-miss
466 http fetch GET 200 https://registry.npmjs.org/vary 314ms (cache revalidated)
467 silly packumentCache full:https://registry.npmjs.org/vary set size:16018 disposed:false
468 silly packumentCache full:https://registry.npmjs.org/vary dispose
469 silly fetch manifest gtoken@^7.0.0
470 silly packumentCache full:https://registry.npmjs.org/gtoken cache-miss
471 http fetch GET 200 https://registry.npmjs.org/setprototypeof 93ms (cache revalidated)
472 silly packumentCache full:https://registry.npmjs.org/setprototypeof set size:14532 disposed:false
473 silly fetch manifest base64-js@^1.3.0
474 silly packumentCache full:https://registry.npmjs.org/base64-js cache-miss
475 http fetch GET 200 https://registry.npmjs.org/serve-static 115ms (cache revalidated)
476 silly packumentCache full:https://registry.npmjs.org/serve-static set size:150391 disposed:false
477 silly fetch manifest gcp-metadata@^6.1.0
478 silly packumentCache full:https://registry.npmjs.org/gcp-metadata cache-miss
479 http fetch GET 200 https://registry.npmjs.org/path-to-regexp 111ms (cache revalidated)
480 silly packumentCache full:https://registry.npmjs.org/path-to-regexp set size:216334 disposed:false
481 silly fetch manifest ecdsa-sig-formatter@^1.0.11
482 silly packumentCache full:https://registry.npmjs.org/ecdsa-sig-formatter cache-miss
483 http fetch GET 200 https://registry.npmjs.org/merge-descriptors 74ms (cache revalidated)
484 silly packumentCache full:https://registry.npmjs.org/merge-descriptors set size:16527 disposed:false
485 silly fetch manifest ms@^2.1.1
486 silly packumentCache full:https://registry.npmjs.org/ms cache-miss
487 http fetch GET 200 https://registry.npmjs.org/content-disposition 75ms (cache revalidated)
488 silly packumentCache full:https://registry.npmjs.org/content-disposition set size:36665 disposed:false
489 silly fetch manifest jws@^4.0.1
490 silly packumentCache full:https://registry.npmjs.org/jws cache-miss
491 http fetch GET 200 https://registry.npmjs.org/lodash 77ms (cache revalidated)
492 silly packumentCache full:https://registry.npmjs.org/lodash set size:247652 disposed:false
493 silly fetch manifest semver@^7.5.4
494 silly packumentCache full:https://registry.npmjs.org/semver cache-miss
495 http fetch GET 200 https://registry.npmjs.org/jws 104ms (cache revalidated)
496 silly packumentCache full:https://registry.npmjs.org/jws set size:48919 disposed:false
497 silly fetch manifest lodash.once@^4.0.0
498 silly packumentCache full:https://registry.npmjs.org/lodash.once cache-miss
499 http fetch GET 200 https://registry.npmjs.org/gaxios 107ms (cache revalidated)
500 silly packumentCache full:https://registry.npmjs.org/gaxios set size:345358 disposed:false
501 silly fetch manifest lodash.includes@^4.3.0
502 silly packumentCache full:https://registry.npmjs.org/lodash.includes cache-miss
503 http fetch GET 200 https://registry.npmjs.org/validator 118ms (cache revalidated)
504 silly packumentCache full:https://registry.npmjs.org/validator set size:478403 disposed:false
505 silly fetch manifest lodash.isnumber@^3.0.3
506 silly packumentCache full:https://registry.npmjs.org/lodash.isnumber cache-miss
507 http fetch GET 200 https://registry.npmjs.org/jws 72ms (cache revalidated)
508 silly packumentCache full:https://registry.npmjs.org/jws set size:48919 disposed:false
509 silly packumentCache full:https://registry.npmjs.org/jws dispose
510 silly fetch manifest lodash.isstring@^4.0.1
511 silly packumentCache full:https://registry.npmjs.org/lodash.isstring cache-miss
512 http fetch GET 200 https://registry.npmjs.org/gtoken 94ms (cache revalidated)
513 silly packumentCache full:https://registry.npmjs.org/gtoken set size:155604 disposed:false
514 silly fetch manifest lodash.isboolean@^3.0.3
515 silly packumentCache full:https://registry.npmjs.org/lodash.isboolean cache-miss
516 http fetch GET 200 https://registry.npmjs.org/ecdsa-sig-formatter 86ms (cache revalidated)
517 silly packumentCache full:https://registry.npmjs.org/ecdsa-sig-formatter set size:23546 disposed:false
518 silly fetch manifest lodash.isinteger@^4.0.4
519 silly packumentCache full:https://registry.npmjs.org/lodash.isinteger cache-miss
520 http fetch GET 200 https://registry.npmjs.org/ms 80ms (cache revalidated)
521 silly packumentCache full:https://registry.npmjs.org/ms set size:92208 disposed:false
522 silly fetch manifest lodash.isplainobject@^4.0.6
523 silly packumentCache full:https://registry.npmjs.org/lodash.isplainobject cache-miss
524 http fetch GET 200 https://registry.npmjs.org/semver 69ms (cache revalidated)
525 silly packumentCache full:https://registry.npmjs.org/semver set size:229571 disposed:false
526 silly fetch manifest bson@^6.10.4
527 silly packumentCache full:https://registry.npmjs.org/bson cache-miss
528 http fetch GET 200 https://registry.npmjs.org/base64-js 101ms (cache revalidated)
529 silly packumentCache full:https://registry.npmjs.org/base64-js set size:41270 disposed:false
530 silly fetch manifest kareem@2.6.3
531 silly packumentCache full:https://registry.npmjs.org/kareem cache-miss
532 http fetch GET 200 https://registry.npmjs.org/gcp-metadata 99ms (cache revalidated)
533 silly packumentCache full:https://registry.npmjs.org/gcp-metadata set size:191448 disposed:false
534 silly fetch manifest mongodb@~6.20.0
535 silly packumentCache full:https://registry.npmjs.org/mongodb cache-miss
536 http fetch GET 200 https://registry.npmjs.org/lodash.once 60ms (cache revalidated)
537 silly packumentCache full:https://registry.npmjs.org/lodash.once set size:23407 disposed:false
538 silly fetch manifest mpath@0.9.0
539 silly packumentCache full:https://registry.npmjs.org/mpath cache-miss
540 http fetch GET 200 https://registry.npmjs.org/proxy-addr 330ms (cache revalidated)
541 silly packumentCache full:https://registry.npmjs.org/proxy-addr set size:61619 disposed:false
542 silly fetch manifest mquery@5.0.0
543 silly packumentCache full:https://registry.npmjs.org/mquery cache-miss
544 http fetch GET 200 https://registry.npmjs.org/lodash.isplainobject 68ms (cache revalidated)
545 silly packumentCache full:https://registry.npmjs.org/lodash.isplainobject set size:38531 disposed:false
546 silly fetch manifest ms@2.1.3
547 silly packumentCache full:https://registry.npmjs.org/ms cache-hit
548 silly fetch manifest sift@17.1.3
549 silly packumentCache full:https://registry.npmjs.org/sift cache-miss
550 http fetch GET 200 https://registry.npmjs.org/kareem 65ms (cache revalidated)
551 silly packumentCache full:https://registry.npmjs.org/kareem set size:117935 disposed:false
552 silly fetch manifest xtend@^4.0.0
553 silly packumentCache full:https://registry.npmjs.org/xtend cache-miss
554 http fetch GET 200 https://registry.npmjs.org/lodash.isstring 80ms (cache revalidated)
555 silly packumentCache full:https://registry.npmjs.org/lodash.isstring set size:21368 disposed:false
556 silly fetch manifest busboy@^1.0.0
557 silly packumentCache full:https://registry.npmjs.org/busboy cache-miss
558 http fetch GET 200 https://registry.npmjs.org/bson 72ms (cache revalidated)
559 silly packumentCache full:https://registry.npmjs.org/bson set size:580424 disposed:false
560 silly fetch manifest mkdirp@^0.5.4
561 silly packumentCache full:https://registry.npmjs.org/mkdirp cache-miss
562 http fetch GET 200 https://registry.npmjs.org/utils-merge 336ms (cache revalidated)
563 silly packumentCache full:https://registry.npmjs.org/utils-merge set size:5237 disposed:false
564 silly fetch manifest type-is@^1.6.4
565 silly packumentCache full:https://registry.npmjs.org/type-is cache-hit
566 silly fetch manifest append-field@^1.0.0
567 silly packumentCache full:https://registry.npmjs.org/append-field cache-miss
568 http fetch GET 200 https://registry.npmjs.org/mongodb 86ms (cache revalidated)
569 silly packumentCache full:https://registry.npmjs.org/mongodb set size:4234796 disposed:false
570 silly fetch manifest concat-stream@^1.5.2
571 silly packumentCache full:https://registry.npmjs.org/concat-stream cache-miss
572 http fetch GET 200 https://registry.npmjs.org/mpath 97ms (cache revalidated)
573 silly packumentCache full:https://registry.npmjs.org/mpath set size:50832 disposed:false
574 silly fetch manifest object-assign@^4.1.1
575 silly packumentCache full:https://registry.npmjs.org/object-assign cache-hit
576 silly fetch manifest qs@^6.14.1
577 silly packumentCache full:https://registry.npmjs.org/qs cache-hit
578 silly fetch manifest scmp@^2.1.0
579 silly packumentCache full:https://registry.npmjs.org/scmp cache-miss
580 http fetch GET 200 https://registry.npmjs.org/array-flatten 338ms (cache revalidated)
581 silly packumentCache full:https://registry.npmjs.org/array-flatten set size:24005 disposed:false
582 silly fetch manifest axios@^1.13.5
583 silly packumentCache full:https://registry.npmjs.org/axios cache-miss
584 http fetch GET 200 https://registry.npmjs.org/busboy 70ms (cache revalidated)
585 silly packumentCache full:https://registry.npmjs.org/busboy set size:78925 disposed:false
586 silly fetch manifest dayjs@^1.11.9
587 silly packumentCache full:https://registry.npmjs.org/dayjs cache-miss
588 http fetch GET 200 https://registry.npmjs.org/sift 87ms (cache revalidated)
589 silly packumentCache full:https://registry.npmjs.org/sift set size:398463 disposed:false
590 silly fetch manifest xmlbuilder@^13.0.2
591 silly packumentCache full:https://registry.npmjs.org/xmlbuilder cache-miss
592 http fetch GET 200 https://registry.npmjs.org/concat-stream 60ms (cache revalidated)
593 silly packumentCache full:https://registry.npmjs.org/concat-stream set size:63783 disposed:false
594 silly fetch manifest https-proxy-agent@^5.0.0
595 silly packumentCache full:https://registry.npmjs.org/https-proxy-agent cache-miss
596 http fetch GET 200 https://registry.npmjs.org/mkdirp 97ms (cache revalidated)
597 silly packumentCache full:https://registry.npmjs.org/mkdirp set size:116455 disposed:false
598 http fetch GET 200 https://registry.npmjs.org/append-field 102ms (cache revalidated)
599 silly packumentCache full:https://registry.npmjs.org/append-field set size:7798 disposed:false
600 http fetch GET 200 https://registry.npmjs.org/xmlbuilder 64ms (cache revalidated)
601 silly packumentCache full:https://registry.npmjs.org/xmlbuilder set size:158707 disposed:false
602 http fetch GET 200 https://registry.npmjs.org/axios 87ms (cache revalidated)
603 silly packumentCache full:https://registry.npmjs.org/axios set size:803728 disposed:false
604 http fetch GET 200 https://registry.npmjs.org/https-proxy-agent 70ms (cache revalidated)
605 silly packumentCache full:https://registry.npmjs.org/https-proxy-agent set size:81258 disposed:false
606 http fetch GET 200 https://registry.npmjs.org/lodash.isnumber 314ms (cache revalidated)
607 silly packumentCache full:https://registry.npmjs.org/lodash.isnumber set size:21368 disposed:false
608 http fetch GET 200 https://registry.npmjs.org/lodash.includes 324ms (cache revalidated)
609 silly packumentCache full:https://registry.npmjs.org/lodash.includes set size:27594 disposed:false
610 http fetch GET 200 https://registry.npmjs.org/lodash.isinteger 365ms (cache revalidated)
611 silly packumentCache full:https://registry.npmjs.org/lodash.isinteger set size:10827 disposed:false
612 http fetch GET 200 https://registry.npmjs.org/lodash.isboolean 367ms (cache revalidated)
613 silly packumentCache full:https://registry.npmjs.org/lodash.isboolean set size:21437 disposed:false
614 http fetch GET 200 https://registry.npmjs.org/xtend 330ms (cache revalidated)
615 silly packumentCache full:https://registry.npmjs.org/xtend set size:28314 disposed:false
616 http fetch GET 200 https://registry.npmjs.org/mquery 459ms (cache revalidated)
617 silly packumentCache full:https://registry.npmjs.org/mquery set size:172977 disposed:false
618 http fetch GET 200 https://registry.npmjs.org/scmp 601ms (cache revalidated)
619 silly packumentCache full:https://registry.npmjs.org/scmp set size:14066 disposed:false
620 http fetch GET 200 https://registry.npmjs.org/dayjs 601ms (cache revalidated)
621 silly packumentCache full:https://registry.npmjs.org/dayjs set size:486327 disposed:false
622 silly fetch manifest aws-crt@>=1.0.0
623 silly packumentCache full:https://registry.npmjs.org/aws-crt cache-miss
624 http fetch GET 200 https://registry.npmjs.org/aws-crt 153ms (cache revalidated)
625 silly packumentCache full:https://registry.npmjs.org/aws-crt set size:482950 disposed:false
626 silly placeDep ROOT @aws-crypto/sha1-browser@5.2.0 OK for: @aws-sdk/client-s3@3.1036.0 want: 5.2.0
627 silly placeDep ROOT @aws-crypto/sha256-browser@5.2.0 OK for: @aws-sdk/client-s3@3.1036.0 want: 5.2.0
628 silly placeDep ROOT @aws-crypto/sha256-js@5.2.0 OK for: @aws-sdk/client-s3@3.1036.0 want: 5.2.0
629 silly placeDep ROOT @aws-sdk/core@3.974.5 OK for: @aws-sdk/client-s3@3.1036.0 want: ^3.974.5
630 silly placeDep ROOT @aws-sdk/credential-provider-node@3.972.36 OK for: @aws-sdk/client-s3@3.1036.0 want: ^3.972.36
631 silly placeDep ROOT @aws-sdk/middleware-bucket-endpoint@3.972.10 OK for: @aws-sdk/client-s3@3.1036.0 want: ^3.972.10
632 silly placeDep ROOT @aws-sdk/middleware-expect-continue@3.972.10 OK for: @aws-sdk/client-s3@3.1036.0 want: ^3.972.10
633 silly placeDep ROOT @aws-sdk/middleware-flexible-checksums@3.974.13 OK for: @aws-sdk/client-s3@3.1036.0 want: ^3.974.13
634 silly placeDep ROOT @aws-sdk/middleware-host-header@3.972.10 OK for: @aws-sdk/client-s3@3.1036.0 want: ^3.972.10
635 silly placeDep ROOT @aws-sdk/middleware-location-constraint@3.972.10 OK for: @aws-sdk/client-s3@3.1036.0 want: ^3.972.10
636 silly placeDep ROOT @aws-sdk/middleware-logger@3.972.10 OK for: @aws-sdk/client-s3@3.1036.0 want: ^3.972.10
637 silly placeDep ROOT @aws-sdk/middleware-recursion-detection@3.972.11 OK for: @aws-sdk/client-s3@3.1036.0 want: ^3.972.11
638 silly placeDep ROOT @aws-sdk/middleware-sdk-s3@3.972.34 OK for: @aws-sdk/client-s3@3.1036.0 want: ^3.972.34
639 silly placeDep ROOT @aws-sdk/middleware-ssec@3.972.10 OK for: @aws-sdk/client-s3@3.1036.0 want: ^3.972.10
640 silly placeDep ROOT @aws-sdk/middleware-user-agent@3.972.35 OK for: @aws-sdk/client-s3@3.1036.0 want: ^3.972.35
641 silly placeDep ROOT @aws-sdk/region-config-resolver@3.972.13 OK for: @aws-sdk/client-s3@3.1036.0 want: ^3.972.13
642 silly placeDep ROOT @aws-sdk/signature-v4-multi-region@3.996.22 OK for: @aws-sdk/client-s3@3.1036.0 want: ^3.996.22
643 silly placeDep ROOT @aws-sdk/types@3.973.8 OK for: @aws-sdk/client-s3@3.1036.0 want: ^3.973.8
644 silly placeDep ROOT @aws-sdk/util-endpoints@3.996.8 OK for: @aws-sdk/client-s3@3.1036.0 want: ^3.996.8
645 silly placeDep ROOT @aws-sdk/util-user-agent-browser@3.972.10 OK for: @aws-sdk/client-s3@3.1036.0 want: ^3.972.10
646 silly placeDep ROOT @aws-sdk/util-user-agent-node@3.973.21 OK for: @aws-sdk/client-s3@3.1036.0 want: ^3.973.21
647 silly placeDep ROOT @smithy/config-resolver@4.4.17 OK for: @aws-sdk/client-s3@3.1036.0 want: ^4.4.17
648 silly placeDep ROOT @smithy/core@3.23.17 OK for: @aws-sdk/client-s3@3.1036.0 want: ^3.23.17
649 silly placeDep ROOT @smithy/eventstream-serde-browser@4.2.14 OK for: @aws-sdk/client-s3@3.1036.0 want: ^4.2.14
650 silly placeDep ROOT @smithy/eventstream-serde-config-resolver@4.3.14 OK for: @aws-sdk/client-s3@3.1036.0 want: ^4.3.14
651 silly placeDep ROOT @smithy/eventstream-serde-node@4.2.14 OK for: @aws-sdk/client-s3@3.1036.0 want: ^4.2.14
652 silly placeDep ROOT @smithy/fetch-http-handler@5.3.17 OK for: @aws-sdk/client-s3@3.1036.0 want: ^5.3.17
653 silly placeDep ROOT @smithy/hash-blob-browser@4.2.15 OK for: @aws-sdk/client-s3@3.1036.0 want: ^4.2.15
654 silly placeDep ROOT @smithy/hash-node@4.2.14 OK for: @aws-sdk/client-s3@3.1036.0 want: ^4.2.14
655 silly placeDep ROOT @smithy/hash-stream-node@4.2.14 OK for: @aws-sdk/client-s3@3.1036.0 want: ^4.2.14
656 silly placeDep ROOT @smithy/invalid-dependency@4.2.14 OK for: @aws-sdk/client-s3@3.1036.0 want: ^4.2.14
657 silly placeDep ROOT @smithy/md5-js@4.2.14 OK for: @aws-sdk/client-s3@3.1036.0 want: ^4.2.14
658 silly placeDep ROOT @smithy/middleware-content-length@4.2.14 OK for: @aws-sdk/client-s3@3.1036.0 want: ^4.2.14
659 silly placeDep ROOT @smithy/middleware-endpoint@4.4.32 OK for: @aws-sdk/client-s3@3.1036.0 want: ^4.4.32
660 silly placeDep ROOT @smithy/middleware-retry@4.5.5 OK for: @aws-sdk/client-s3@3.1036.0 want: ^4.5.5
661 silly placeDep ROOT @smithy/middleware-serde@4.2.20 OK for: @aws-sdk/client-s3@3.1036.0 want: ^4.2.20
662 silly placeDep ROOT @smithy/middleware-stack@4.2.14 OK for: @aws-sdk/client-s3@3.1036.0 want: ^4.2.14
663 silly placeDep ROOT @smithy/node-config-provider@4.3.14 OK for: @aws-sdk/client-s3@3.1036.0 want: ^4.3.14
664 silly placeDep ROOT @smithy/node-http-handler@4.6.1 OK for: @aws-sdk/client-s3@3.1036.0 want: ^4.6.1
665 silly placeDep ROOT @smithy/protocol-http@5.3.14 OK for: @aws-sdk/client-s3@3.1036.0 want: ^5.3.14
666 silly placeDep ROOT @smithy/smithy-client@4.12.13 OK for: @aws-sdk/client-s3@3.1036.0 want: ^4.12.13
667 silly placeDep ROOT @smithy/types@4.14.1 OK for: @aws-sdk/client-s3@3.1036.0 want: ^4.14.1
668 silly placeDep ROOT @smithy/url-parser@4.2.14 OK for: @aws-sdk/client-s3@3.1036.0 want: ^4.2.14
669 silly placeDep ROOT @smithy/util-base64@4.3.2 OK for: @aws-sdk/client-s3@3.1036.0 want: ^4.3.2
670 silly placeDep ROOT @smithy/util-body-length-browser@4.2.2 OK for: @aws-sdk/client-s3@3.1036.0 want: ^4.2.2
671 silly placeDep ROOT @smithy/util-body-length-node@4.2.3 OK for: @aws-sdk/client-s3@3.1036.0 want: ^4.2.3
672 silly placeDep ROOT @smithy/util-defaults-mode-browser@4.3.49 OK for: @aws-sdk/client-s3@3.1036.0 want: ^4.3.49
673 silly placeDep ROOT @smithy/util-defaults-mode-node@4.2.54 OK for: @aws-sdk/client-s3@3.1036.0 want: ^4.2.54
674 silly placeDep ROOT @smithy/util-endpoints@3.4.2 OK for: @aws-sdk/client-s3@3.1036.0 want: ^3.4.2
675 silly placeDep ROOT @smithy/util-middleware@4.2.14 OK for: @aws-sdk/client-s3@3.1036.0 want: ^4.2.14
676 silly placeDep ROOT @smithy/util-retry@4.3.4 OK for: @aws-sdk/client-s3@3.1036.0 want: ^4.3.4
677 silly placeDep ROOT @smithy/util-stream@4.5.25 OK for: @aws-sdk/client-s3@3.1036.0 want: ^4.5.25
678 silly placeDep ROOT @smithy/util-utf8@4.2.2 OK for: @aws-sdk/client-s3@3.1036.0 want: ^4.2.2
679 silly placeDep ROOT @smithy/util-waiter@4.2.16 OK for: @aws-sdk/client-s3@3.1036.0 want: ^4.2.16
680 silly placeDep ROOT tslib@2.8.1 OK for: @aws-sdk/client-s3@3.1036.0 want: ^2.6.2
681 silly fetch manifest @aws-sdk/types@^3.222.0
682 silly packumentCache full:https://registry.npmjs.org/@aws-sdk%2ftypes cache-hit
683 silly fetch manifest @aws-crypto/util@^5.2.0
684 silly packumentCache full:https://registry.npmjs.org/@aws-crypto%2futil cache-miss
685 silly fetch manifest @smithy/util-utf8@^2.0.0
686 silly packumentCache full:https://registry.npmjs.org/@smithy%2futil-utf8 cache-hit
687 silly fetch manifest @aws-sdk/util-locate-window@^3.0.0
688 silly packumentCache full:https://registry.npmjs.org/@aws-sdk%2futil-locate-window cache-miss
689 silly fetch manifest @aws-crypto/supports-web-crypto@^5.2.0
690 silly packumentCache full:https://registry.npmjs.org/@aws-crypto%2fsupports-web-crypto cache-miss
691 silly fetch manifest @aws-sdk/types@^3.222.0
692 silly packumentCache full:https://registry.npmjs.org/@aws-sdk%2ftypes cache-hit
693 silly fetch manifest @aws-crypto/util@^5.2.0
694 silly packumentCache full:https://registry.npmjs.org/@aws-crypto%2futil cache-miss
695 silly fetch manifest @smithy/util-utf8@^2.0.0
696 silly packumentCache full:https://registry.npmjs.org/@smithy%2futil-utf8 cache-hit
697 silly fetch manifest @aws-crypto/sha256-js@^5.2.0
698 silly packumentCache full:https://registry.npmjs.org/@aws-crypto%2fsha256-js cache-hit
699 silly fetch manifest @aws-sdk/util-locate-window@^3.0.0
700 silly packumentCache full:https://registry.npmjs.org/@aws-sdk%2futil-locate-window cache-miss
701 silly fetch manifest @aws-crypto/supports-web-crypto@^5.2.0
702 silly packumentCache full:https://registry.npmjs.org/@aws-crypto%2fsupports-web-crypto cache-miss
703 silly fetch manifest @aws-sdk/types@^3.222.0
704 silly packumentCache full:https://registry.npmjs.org/@aws-sdk%2ftypes cache-hit
705 silly fetch manifest @aws-crypto/util@^5.2.0
706 silly packumentCache full:https://registry.npmjs.org/@aws-crypto%2futil cache-miss
707 silly fetch manifest @aws-sdk/xml-builder@^3.972.19
708 silly packumentCache full:https://registry.npmjs.org/@aws-sdk%2fxml-builder cache-miss
709 silly fetch manifest @smithy/property-provider@^4.2.14
710 silly packumentCache full:https://registry.npmjs.org/@smithy%2fproperty-provider cache-miss
711 silly fetch manifest @smithy/signature-v4@^5.3.14
712 silly packumentCache full:https://registry.npmjs.org/@smithy%2fsignature-v4 cache-miss
713 silly fetch manifest @aws-sdk/credential-provider-env@^3.972.31
714 silly packumentCache full:https://registry.npmjs.org/@aws-sdk%2fcredential-provider-env cache-miss
715 silly fetch manifest @aws-sdk/credential-provider-http@^3.972.33
716 silly packumentCache full:https://registry.npmjs.org/@aws-sdk%2fcredential-provider-http cache-miss
717 silly fetch manifest @aws-sdk/credential-provider-ini@^3.972.35
718 silly packumentCache full:https://registry.npmjs.org/@aws-sdk%2fcredential-provider-ini cache-miss
719 http fetch GET 200 https://registry.npmjs.org/@aws-crypto%2futil 97ms (cache revalidated)
720 silly packumentCache full:https://registry.npmjs.org/@aws-crypto%2futil set size:30876 disposed:false
721 silly fetch manifest @aws-sdk/credential-provider-process@^3.972.31
722 silly packumentCache full:https://registry.npmjs.org/@aws-sdk%2fcredential-provider-process cache-miss
723 http fetch GET 200 https://registry.npmjs.org/@aws-crypto%2futil 101ms (cache revalidated)
724 silly packumentCache full:https://registry.npmjs.org/@aws-crypto%2futil set size:30876 disposed:false
725 silly packumentCache full:https://registry.npmjs.org/@aws-crypto%2futil dispose
726 silly fetch manifest @aws-sdk/credential-provider-sso@^3.972.35
727 silly packumentCache full:https://registry.npmjs.org/@aws-sdk%2fcredential-provider-sso cache-miss
728 http fetch GET 200 https://registry.npmjs.org/@aws-crypto%2futil 104ms (cache revalidated)
729 silly packumentCache full:https://registry.npmjs.org/@aws-crypto%2futil set size:30876 disposed:true
730 silly packumentCache full:https://registry.npmjs.org/@aws-crypto%2futil dispose
731 silly fetch manifest @aws-sdk/credential-provider-web-identity@^3.972.35
732 silly packumentCache full:https://registry.npmjs.org/@aws-sdk%2fcredential-provider-web-identity cache-miss
733 http fetch GET 200 https://registry.npmjs.org/@aws-crypto%2fsupports-web-crypto 114ms (cache revalidated)
734 silly packumentCache full:https://registry.npmjs.org/@aws-crypto%2fsupports-web-crypto set size:41745 disposed:false
735 silly fetch manifest @smithy/credential-provider-imds@^4.2.14
736 silly packumentCache full:https://registry.npmjs.org/@smithy%2fcredential-provider-imds cache-miss
737 http fetch GET 200 https://registry.npmjs.org/@smithy%2fsignature-v4 113ms (cache revalidated)
738 silly packumentCache full:https://registry.npmjs.org/@smithy%2fsignature-v4 set size:229389 disposed:false
739 silly fetch manifest @smithy/property-provider@^4.2.14
740 silly packumentCache full:https://registry.npmjs.org/@smithy%2fproperty-provider cache-miss
741 http fetch GET 200 https://registry.npmjs.org/@aws-sdk%2futil-locate-window 116ms (cache revalidated)
742 silly packumentCache full:https://registry.npmjs.org/@aws-sdk%2futil-locate-window set size:221265 disposed:false
743 silly fetch manifest @smithy/shared-ini-file-loader@^4.4.9
744 silly packumentCache full:https://registry.npmjs.org/@smithy%2fshared-ini-file-loader cache-miss
745 http fetch GET 200 https://registry.npmjs.org/@aws-sdk%2fxml-builder 117ms (cache revalidated)
746 silly packumentCache full:https://registry.npmjs.org/@aws-sdk%2fxml-builder set size:337402 disposed:false
747 silly fetch manifest @aws-sdk/util-arn-parser@^3.972.3
748 silly packumentCache full:https://registry.npmjs.org/@aws-sdk%2futil-arn-parser cache-miss
749 http fetch GET 200 https://registry.npmjs.org/@aws-sdk%2fcredential-provider-http 121ms (cache revalidated)
750 silly packumentCache full:https://registry.npmjs.org/@aws-sdk%2fcredential-provider-http set size:529823 disposed:false
751 silly fetch manifest @smithy/util-config-provider@^4.2.2
752 silly packumentCache full:https://registry.npmjs.org/@smithy%2futil-config-provider cache-miss
753 http fetch GET 200 https://registry.npmjs.org/@aws-crypto%2fsupports-web-crypto 127ms (cache revalidated)
754 silly packumentCache full:https://registry.npmjs.org/@aws-crypto%2fsupports-web-crypto set size:41745 disposed:false
755 silly packumentCache full:https://registry.npmjs.org/@aws-crypto%2fsupports-web-crypto dispose
756 silly fetch manifest @aws-crypto/crc32@5.2.0
757 silly packumentCache full:https://registry.npmjs.org/@aws-crypto%2fcrc32 cache-miss
758 http fetch GET 200 https://registry.npmjs.org/@aws-sdk%2fcredential-provider-ini 132ms (cache revalidated)
759 silly packumentCache full:https://registry.npmjs.org/@aws-sdk%2fcredential-provider-ini set size:1746603 disposed:false
760 silly fetch manifest @aws-crypto/crc32c@5.2.0
761 silly packumentCache full:https://registry.npmjs.org/@aws-crypto%2fcrc32c cache-miss
762 http fetch GET 200 https://registry.npmjs.org/@aws-sdk%2fcredential-provider-env 137ms (cache revalidated)
763 silly packumentCache full:https://registry.npmjs.org/@aws-sdk%2fcredential-provider-env set size:861349 disposed:false
764 silly fetch manifest @aws-crypto/util@5.2.0
765 silly packumentCache full:https://registry.npmjs.org/@aws-crypto%2futil cache-hit
766 silly fetch manifest @aws-sdk/crc64-nvme@^3.972.7
767 silly packumentCache full:https://registry.npmjs.org/@aws-sdk%2fcrc64-nvme cache-miss
768 http fetch GET 200 https://registry.npmjs.org/@aws-sdk%2futil-locate-window 143ms (cache revalidated)
769 silly packumentCache full:https://registry.npmjs.org/@aws-sdk%2futil-locate-window set size:221265 disposed:false
770 silly packumentCache full:https://registry.npmjs.org/@aws-sdk%2futil-locate-window dispose
771 silly fetch manifest @smithy/is-array-buffer@^4.2.2
772 silly packumentCache full:https://registry.npmjs.org/@smithy%2fis-array-buffer cache-miss
773 http fetch GET 200 https://registry.npmjs.org/@smithy%2fproperty-provider 170ms (cache revalidated)
774 silly packumentCache full:https://registry.npmjs.org/@smithy%2fproperty-provider set size:199445 disposed:false
775 silly fetch manifest @aws/lambda-invoke-store@^0.2.2
776 silly packumentCache full:https://registry.npmjs.org/@aws%2flambda-invoke-store cache-miss
777 http fetch GET 200 https://registry.npmjs.org/@aws-sdk%2futil-arn-parser 95ms (cache revalidated)
778 silly packumentCache full:https://registry.npmjs.org/@aws-sdk%2futil-arn-parser set size:180143 disposed:false
779 silly fetch manifest @smithy/util-config-provider@^4.2.2
780 silly packumentCache full:https://registry.npmjs.org/@smithy%2futil-config-provider cache-miss
781 http fetch GET 200 https://registry.npmjs.org/@aws-sdk%2fcredential-provider-process 118ms (cache revalidated)
782 silly packumentCache full:https://registry.npmjs.org/@aws-sdk%2fcredential-provider-process set size:939383 disposed:false
783 silly fetch manifest bowser@^2.11.0
784 silly packumentCache full:https://registry.npmjs.org/bowser cache-miss
785 http fetch GET 200 https://registry.npmjs.org/@aws-sdk%2fcredential-provider-sso 120ms (cache revalidated)
786 silly packumentCache full:https://registry.npmjs.org/@aws-sdk%2fcredential-provider-sso set size:1493925 disposed:false
787 silly fetch manifest @smithy/util-config-provider@^4.2.2
788 silly packumentCache full:https://registry.npmjs.org/@smithy%2futil-config-provider cache-miss
789 http fetch GET 200 https://registry.npmjs.org/@aws-sdk%2fcredential-provider-web-identity 133ms (cache revalidated)
790 silly packumentCache full:https://registry.npmjs.org/@aws-sdk%2fcredential-provider-web-identity set size:935635 disposed:false
791 silly fetch manifest @smithy/util-config-provider@^4.2.2
792 silly packumentCache full:https://registry.npmjs.org/@smithy%2futil-config-provider cache-miss
793 http fetch GET 200 https://registry.npmjs.org/@smithy%2fproperty-provider 131ms (cache revalidated)
794 silly packumentCache full:https://registry.npmjs.org/@smithy%2fproperty-provider set size:199445 disposed:false
795 silly packumentCache full:https://registry.npmjs.org/@smithy%2fproperty-provider dispose
796 silly fetch manifest @smithy/uuid@^1.1.2
797 silly packumentCache full:https://registry.npmjs.org/@smithy%2fuuid cache-miss
798 http fetch GET 200 https://registry.npmjs.org/@smithy%2fis-array-buffer 107ms (cache revalidated)
799 silly packumentCache full:https://registry.npmjs.org/@smithy%2fis-array-buffer set size:40555 disposed:false
800 silly fetch manifest @smithy/eventstream-serde-universal@^4.2.14
801 silly packumentCache full:https://registry.npmjs.org/@smithy%2feventstream-serde-universal cache-miss
802 http fetch GET 200 https://registry.npmjs.org/@aws-crypto%2fcrc32 130ms (cache revalidated)
803 silly packumentCache full:https://registry.npmjs.org/@aws-crypto%2fcrc32 set size:54461 disposed:false
804 silly fetch manifest @smithy/eventstream-serde-universal@^4.2.14
805 silly packumentCache full:https://registry.npmjs.org/@smithy%2feventstream-serde-universal cache-miss
806 http fetch GET 200 https://registry.npmjs.org/@aws%2flambda-invoke-store 126ms (cache revalidated)
807 silly packumentCache full:https://registry.npmjs.org/@aws%2flambda-invoke-store set size:39682 disposed:false
808 silly fetch manifest @smithy/querystring-builder@^4.2.14
809 silly packumentCache full:https://registry.npmjs.org/@smithy%2fquerystring-builder cache-miss
810 http fetch GET 200 https://registry.npmjs.org/bowser 112ms (cache revalidated)
811 silly packumentCache full:https://registry.npmjs.org/bowser set size:197673 disposed:false
812 silly fetch manifest @smithy/chunked-blob-reader@^5.2.2
813 silly packumentCache full:https://registry.npmjs.org/@smithy%2fchunked-blob-reader cache-miss
814 http fetch GET 200 https://registry.npmjs.org/@smithy%2fuuid 90ms (cache revalidated)
815 silly packumentCache full:https://registry.npmjs.org/@smithy%2fuuid set size:13061 disposed:false
816 silly fetch manifest @smithy/chunked-blob-reader-native@^4.2.3
817 silly packumentCache full:https://registry.npmjs.org/@smithy%2fchunked-blob-reader-native cache-miss
818 http fetch GET 200 https://registry.npmjs.org/@smithy%2fchunked-blob-reader 76ms (cache revalidated)
819 silly packumentCache full:https://registry.npmjs.org/@smithy%2fchunked-blob-reader set size:46521 disposed:false
820 silly fetch manifest @smithy/util-buffer-from@^4.2.2
821 silly packumentCache full:https://registry.npmjs.org/@smithy%2futil-buffer-from cache-miss
822 http fetch GET 200 https://registry.npmjs.org/@smithy%2fquerystring-builder 113ms (cache revalidated)
823 silly packumentCache full:https://registry.npmjs.org/@smithy%2fquerystring-builder set size:195399 disposed:false
824 silly fetch manifest @smithy/shared-ini-file-loader@^4.4.9
825 silly packumentCache full:https://registry.npmjs.org/@smithy%2fshared-ini-file-loader cache-miss
826 http fetch GET 200 https://registry.npmjs.org/@smithy%2fchunked-blob-reader-native 110ms (cache revalidated)
827 silly packumentCache full:https://registry.npmjs.org/@smithy%2fchunked-blob-reader-native set size:60152 disposed:false
828 silly fetch manifest @smithy/service-error-classification@^4.3.0
829 silly packumentCache full:https://registry.npmjs.org/@smithy%2fservice-error-classification cache-miss
830 http fetch GET 200 https://registry.npmjs.org/@smithy%2futil-config-provider 272ms (cache revalidated)
831 silly packumentCache full:https://registry.npmjs.org/@smithy%2futil-config-provider set size:44068 disposed:false
832 silly fetch manifest @smithy/shared-ini-file-loader@^4.4.9
833 silly packumentCache full:https://registry.npmjs.org/@smithy%2fshared-ini-file-loader cache-miss
834 http fetch GET 200 https://registry.npmjs.org/@smithy%2futil-config-provider 259ms (cache revalidated)
835 silly packumentCache full:https://registry.npmjs.org/@smithy%2futil-config-provider set size:44068 disposed:false
836 silly packumentCache full:https://registry.npmjs.org/@smithy%2futil-config-provider dispose
837 silly fetch manifest @smithy/querystring-parser@^4.2.14
838 silly packumentCache full:https://registry.npmjs.org/@smithy%2fquerystring-parser cache-miss
839 http fetch GET 200 https://registry.npmjs.org/@smithy%2fshared-ini-file-loader 382ms (cache revalidated)
840 silly packumentCache full:https://registry.npmjs.org/@smithy%2fshared-ini-file-loader set size:246567 disposed:false
841 silly fetch manifest @smithy/util-buffer-from@^4.2.2
842 silly packumentCache full:https://registry.npmjs.org/@smithy%2futil-buffer-from cache-miss
843 http cache https://registry.npmjs.org/@smithy%2fshared-ini-file-loader 5ms (cache hit)
844 silly packumentCache full:https://registry.npmjs.org/@smithy%2fshared-ini-file-loader set size:246567 disposed:false
845 silly packumentCache full:https://registry.npmjs.org/@smithy%2fshared-ini-file-loader dispose
846 silly fetch manifest @smithy/credential-provider-imds@^4.2.14
847 silly packumentCache full:https://registry.npmjs.org/@smithy%2fcredential-provider-imds cache-miss
848 http fetch GET 200 https://registry.npmjs.org/@smithy%2futil-config-provider 378ms (cache revalidated)
849 silly packumentCache full:https://registry.npmjs.org/@smithy%2futil-config-provider set size:44068 disposed:true
850 silly packumentCache full:https://registry.npmjs.org/@smithy%2futil-config-provider dispose
851 silly fetch manifest @smithy/service-error-classification@^4.3.0
852 silly packumentCache full:https://registry.npmjs.org/@smithy%2fservice-error-classification cache-miss
853 http fetch GET 200 https://registry.npmjs.org/@smithy%2futil-config-provider 288ms (cache revalidated)
854 silly packumentCache full:https://registry.npmjs.org/@smithy%2futil-config-provider set size:44068 disposed:true
855 silly packumentCache full:https://registry.npmjs.org/@smithy%2futil-config-provider dispose
856 silly fetch manifest @smithy/util-buffer-from@^4.2.2
857 silly packumentCache full:https://registry.npmjs.org/@smithy%2futil-buffer-from cache-miss
858 http fetch GET 200 https://registry.npmjs.org/@smithy%2fshared-ini-file-loader 94ms (cache revalidated)
859 silly packumentCache full:https://registry.npmjs.org/@smithy%2fshared-ini-file-loader set size:246567 disposed:true
860 silly packumentCache full:https://registry.npmjs.org/@smithy%2fshared-ini-file-loader dispose
861 silly fetch manifest @smithy/util-hex-encoding@^4.2.2
862 silly packumentCache full:https://registry.npmjs.org/@smithy%2futil-hex-encoding cache-miss
863 http fetch GET 200 https://registry.npmjs.org/@smithy%2futil-buffer-from 228ms (cache revalidated)
864 silly packumentCache full:https://registry.npmjs.org/@smithy%2futil-buffer-from set size:44356 disposed:false
865 http fetch GET 200 https://registry.npmjs.org/@smithy%2fservice-error-classification 192ms (cache revalidated)
866 silly packumentCache full:https://registry.npmjs.org/@smithy%2fservice-error-classification set size:189354 disposed:false
867 http fetch GET 200 https://registry.npmjs.org/@smithy%2fcredential-provider-imds 530ms (cache revalidated)
868 silly packumentCache full:https://registry.npmjs.org/@smithy%2fcredential-provider-imds set size:249329 disposed:false
869 http fetch GET 200 https://registry.npmjs.org/@aws-sdk%2fcrc64-nvme 503ms (cache revalidated)
870 silly packumentCache full:https://registry.npmjs.org/@aws-sdk%2fcrc64-nvme set size:34024 disposed:false
871 http fetch GET 200 https://registry.npmjs.org/@aws-crypto%2fcrc32c 508ms (cache revalidated)
872 silly packumentCache full:https://registry.npmjs.org/@aws-crypto%2fcrc32c set size:34636 disposed:false
873 http fetch GET 200 https://registry.npmjs.org/@smithy%2futil-buffer-from 178ms (cache revalidated)
874 silly packumentCache full:https://registry.npmjs.org/@smithy%2futil-buffer-from set size:44356 disposed:false
875 silly packumentCache full:https://registry.npmjs.org/@smithy%2futil-buffer-from dispose
876 http fetch GET 200 https://registry.npmjs.org/@smithy%2fservice-error-classification 180ms (cache revalidated)
877 silly packumentCache full:https://registry.npmjs.org/@smithy%2fservice-error-classification set size:189354 disposed:false
878 silly packumentCache full:https://registry.npmjs.org/@smithy%2fservice-error-classification dispose
879 http fetch GET 200 https://registry.npmjs.org/@smithy%2futil-buffer-from 185ms (cache revalidated)
880 silly packumentCache full:https://registry.npmjs.org/@smithy%2futil-buffer-from set size:44356 disposed:true
881 silly packumentCache full:https://registry.npmjs.org/@smithy%2futil-buffer-from dispose
882 http fetch GET 200 https://registry.npmjs.org/@smithy%2fcredential-provider-imds 183ms (cache revalidated)
883 silly packumentCache full:https://registry.npmjs.org/@smithy%2fcredential-provider-imds set size:249329 disposed:false
884 silly packumentCache full:https://registry.npmjs.org/@smithy%2fcredential-provider-imds dispose
885 http fetch GET 200 https://registry.npmjs.org/@smithy%2fquerystring-parser 346ms (cache revalidated)
886 silly packumentCache full:https://registry.npmjs.org/@smithy%2fquerystring-parser set size:193948 disposed:false
887 http fetch GET 200 https://registry.npmjs.org/@smithy%2feventstream-serde-universal 593ms (cache revalidated)
888 silly packumentCache full:https://registry.npmjs.org/@smithy%2feventstream-serde-universal set size:212468 disposed:false
889 http fetch GET 200 https://registry.npmjs.org/@smithy%2feventstream-serde-universal 614ms (cache revalidated)
890 silly packumentCache full:https://registry.npmjs.org/@smithy%2feventstream-serde-universal set size:212468 disposed:false
891 silly packumentCache full:https://registry.npmjs.org/@smithy%2feventstream-serde-universal dispose
892 http fetch GET 200 https://registry.npmjs.org/@smithy%2futil-hex-encoding 559ms (cache revalidated)
893 silly packumentCache full:https://registry.npmjs.org/@smithy%2futil-hex-encoding set size:40700 disposed:false
894 silly placeDep ROOT @aws-crypto/supports-web-crypto@5.2.0 OK for: @aws-crypto/sha1-browser@5.2.0 want: ^5.2.0
895 silly placeDep ROOT @aws-crypto/util@5.2.0 OK for: @aws-crypto/sha1-browser@5.2.0 want: ^5.2.0
896 silly placeDep ROOT @aws-sdk/util-locate-window@3.965.5 OK for: @aws-crypto/sha1-browser@5.2.0 want: ^3.0.0
897 silly placeDep node_modules/@aws-crypto/sha1-browser @smithy/util-utf8@2.3.0 OK for: @aws-crypto/sha1-browser@5.2.0 want: ^2.0.0
898 silly fetch manifest @smithy/util-buffer-from@^2.2.0
899 silly packumentCache full:https://registry.npmjs.org/@smithy%2futil-buffer-from cache-hit
900 silly placeDep node_modules/@aws-crypto/sha256-browser @smithy/util-utf8@2.3.0 OK for: @aws-crypto/sha256-browser@5.2.0 want: ^2.0.0
901 silly placeDep node_modules/@aws-crypto/util @smithy/util-utf8@2.3.0 OK for: @aws-crypto/util@5.2.0 want: ^2.0.0
902 silly placeDep ROOT @aws-sdk/xml-builder@3.972.19 OK for: @aws-sdk/core@3.974.5 want: ^3.972.19
903 silly placeDep ROOT @smithy/property-provider@4.2.14 OK for: @aws-sdk/core@3.974.5 want: ^4.2.14
904 silly placeDep ROOT @smithy/signature-v4@5.3.14 OK for: @aws-sdk/core@3.974.5 want: ^5.3.14
905 silly fetch manifest fast-xml-parser@5.7.1
906 silly packumentCache full:https://registry.npmjs.org/fast-xml-parser cache-miss
907 silly fetch manifest @smithy/util-uri-escape@^4.2.2
908 silly packumentCache full:https://registry.npmjs.org/@smithy%2futil-uri-escape cache-miss
909 http fetch GET 200 https://registry.npmjs.org/fast-xml-parser 77ms (cache revalidated)
910 silly packumentCache full:https://registry.npmjs.org/fast-xml-parser set size:586637 disposed:false
911 http fetch GET 200 https://registry.npmjs.org/@smithy%2futil-uri-escape 95ms (cache revalidated)
912 silly packumentCache full:https://registry.npmjs.org/@smithy%2futil-uri-escape set size:43399 disposed:false
913 silly placeDep ROOT @aws-sdk/credential-provider-env@3.972.31 OK for: @aws-sdk/credential-provider-node@3.972.36 want: ^3.972.31
914 silly placeDep ROOT @aws-sdk/credential-provider-http@3.972.33 OK for: @aws-sdk/credential-provider-node@3.972.36 want: ^3.972.33
915 silly placeDep ROOT @aws-sdk/credential-provider-ini@3.972.35 OK for: @aws-sdk/credential-provider-node@3.972.36 want: ^3.972.35
916 silly placeDep ROOT @aws-sdk/credential-provider-process@3.972.31 OK for: @aws-sdk/credential-provider-node@3.972.36 want: ^3.972.31
917 silly placeDep ROOT @aws-sdk/credential-provider-sso@3.972.35 OK for: @aws-sdk/credential-provider-node@3.972.36 want: ^3.972.35
918 silly placeDep ROOT @aws-sdk/credential-provider-web-identity@3.972.35 OK for: @aws-sdk/credential-provider-node@3.972.36 want: ^3.972.35
919 silly placeDep ROOT @smithy/credential-provider-imds@4.2.14 OK for: @aws-sdk/credential-provider-node@3.972.36 want: ^4.2.14
920 silly placeDep ROOT @smithy/shared-ini-file-loader@4.4.9 OK for: @aws-sdk/credential-provider-node@3.972.36 want: ^4.4.9
921 silly fetch manifest @aws-sdk/credential-provider-login@^3.972.35
922 silly packumentCache full:https://registry.npmjs.org/@aws-sdk%2fcredential-provider-login cache-miss
923 silly fetch manifest @aws-sdk/nested-clients@^3.997.3
924 silly packumentCache full:https://registry.npmjs.org/@aws-sdk%2fnested-clients cache-miss
925 silly fetch manifest @aws-sdk/nested-clients@^3.997.3
926 silly packumentCache full:https://registry.npmjs.org/@aws-sdk%2fnested-clients cache-miss
927 silly fetch manifest @aws-sdk/token-providers@3.1036.0
928 silly packumentCache full:https://registry.npmjs.org/@aws-sdk%2ftoken-providers cache-miss
929 silly fetch manifest @aws-sdk/nested-clients@^3.997.3
930 silly packumentCache full:https://registry.npmjs.org/@aws-sdk%2fnested-clients cache-miss
931 http fetch GET 200 https://registry.npmjs.org/@aws-sdk%2fnested-clients 109ms (cache revalidated)
932 silly packumentCache full:https://registry.npmjs.org/@aws-sdk%2fnested-clients set size:746067 disposed:false
933 http fetch GET 200 https://registry.npmjs.org/@aws-sdk%2fnested-clients 112ms (cache revalidated)
934 silly packumentCache full:https://registry.npmjs.org/@aws-sdk%2fnested-clients set size:746067 disposed:false
935 silly packumentCache full:https://registry.npmjs.org/@aws-sdk%2fnested-clients dispose
936 http fetch GET 200 https://registry.npmjs.org/@aws-sdk%2fnested-clients 122ms (cache revalidated)
937 silly packumentCache full:https://registry.npmjs.org/@aws-sdk%2fnested-clients set size:746067 disposed:true
938 silly packumentCache full:https://registry.npmjs.org/@aws-sdk%2fnested-clients dispose
939 http fetch GET 200 https://registry.npmjs.org/@aws-sdk%2ftoken-providers 129ms (cache revalidated)
940 silly packumentCache full:https://registry.npmjs.org/@aws-sdk%2ftoken-providers set size:1151464 disposed:false
941 http fetch GET 200 https://registry.npmjs.org/@aws-sdk%2fcredential-provider-login 492ms (cache revalidated)
942 silly packumentCache full:https://registry.npmjs.org/@aws-sdk%2fcredential-provider-login set size:170361 disposed:false
943 silly placeDep ROOT @aws-sdk/credential-provider-login@3.972.35 OK for: @aws-sdk/credential-provider-ini@3.972.35 want: ^3.972.35
944 silly placeDep ROOT @aws-sdk/nested-clients@3.997.3 OK for: @aws-sdk/credential-provider-ini@3.972.35 want: ^3.997.3
945 silly placeDep ROOT @aws-sdk/token-providers@3.1036.0 OK for: @aws-sdk/credential-provider-sso@3.972.35 want: 3.1036.0
946 silly placeDep ROOT @aws-sdk/util-arn-parser@3.972.3 OK for: @aws-sdk/middleware-bucket-endpoint@3.972.10 want: ^3.972.3
947 silly placeDep ROOT @smithy/util-config-provider@4.2.2 OK for: @aws-sdk/middleware-bucket-endpoint@3.972.10 want: ^4.2.2
948 silly placeDep ROOT @aws-crypto/crc32@5.2.0 OK for: @aws-sdk/middleware-flexible-checksums@3.974.13 want: 5.2.0
949 silly placeDep ROOT @aws-crypto/crc32c@5.2.0 OK for: @aws-sdk/middleware-flexible-checksums@3.974.13 want: 5.2.0
950 silly placeDep ROOT @aws-sdk/crc64-nvme@3.972.7 OK for: @aws-sdk/middleware-flexible-checksums@3.974.13 want: ^3.972.7
951 silly placeDep ROOT @smithy/is-array-buffer@4.2.2 OK for: @aws-sdk/middleware-flexible-checksums@3.974.13 want: ^4.2.2
952 silly placeDep ROOT @aws/lambda-invoke-store@0.2.4 OK for: @aws-sdk/middleware-recursion-detection@3.972.11 want: ^0.2.2
953 silly placeDep ROOT @aws-sdk/util-format-url@3.972.10 OK for: @aws-sdk/s3-request-presigner@3.1036.0 want: ^3.972.10
954 silly placeDep ROOT @smithy/querystring-builder@4.2.14 OK for: @aws-sdk/util-format-url@3.972.10 want: ^4.2.14
955 silly placeDep ROOT bowser@2.14.1 OK for: @aws-sdk/util-user-agent-browser@3.972.10 want: ^2.11.0
956 silly placeDep ROOT fast-xml-parser@5.7.1 OK for: @aws-sdk/xml-builder@3.972.19 want: 5.7.1
957 silly fetch manifest @nodable/entities@^2.1.0
958 silly packumentCache full:https://registry.npmjs.org/@nodable%2fentities cache-miss
959 silly fetch manifest fast-xml-builder@^1.1.5
960 silly packumentCache full:https://registry.npmjs.org/fast-xml-builder cache-miss
961 silly fetch manifest path-expression-matcher@^1.5.0
962 silly packumentCache full:https://registry.npmjs.org/path-expression-matcher cache-miss
963 silly fetch manifest strnum@^2.2.3
964 silly packumentCache full:https://registry.npmjs.org/strnum cache-miss
965 http fetch GET 200 https://registry.npmjs.org/fast-xml-builder 66ms (cache revalidated)
966 silly packumentCache full:https://registry.npmjs.org/fast-xml-builder set size:20559 disposed:false
967 http fetch GET 200 https://registry.npmjs.org/strnum 67ms (cache revalidated)
968 silly packumentCache full:https://registry.npmjs.org/strnum set size:41343 disposed:false
969 http fetch GET 200 https://registry.npmjs.org/path-expression-matcher 68ms (cache revalidated)
970 silly packumentCache full:https://registry.npmjs.org/path-expression-matcher set size:48511 disposed:false
971 http fetch GET 200 https://registry.npmjs.org/@nodable%2fentities 467ms (cache revalidated)
972 silly packumentCache full:https://registry.npmjs.org/@nodable%2fentities set size:11797 disposed:false
973 silly placeDep ROOT bluebird@3.7.2 OK for: @getbrevo/brevo@2.5.0 want: ^3.5.0
974 silly placeDep ROOT request@2.88.2 OK for: @getbrevo/brevo@2.5.0 want: ^2.81.0
975 silly placeDep ROOT rewire@7.0.0 OK for: @getbrevo/brevo@2.5.0 want: ^7.0.0
976 silly fetch manifest qs@~6.5.2
977 silly packumentCache full:https://registry.npmjs.org/qs cache-hit
978 silly fetch manifest aws4@^1.8.0
979 silly packumentCache full:https://registry.npmjs.org/aws4 cache-miss
980 silly fetch manifest uuid@^3.3.2
981 silly packumentCache full:https://registry.npmjs.org/uuid cache-miss
982 silly fetch manifest extend@~3.0.2
983 silly packumentCache full:https://registry.npmjs.org/extend cache-miss
984 silly fetch manifest caseless@~0.12.0
985 silly packumentCache full:https://registry.npmjs.org/caseless cache-miss
986 silly fetch manifest isstream@~0.1.2
987 silly packumentCache full:https://registry.npmjs.org/isstream cache-miss
988 silly fetch manifest aws-sign2@~0.7.0
989 silly packumentCache full:https://registry.npmjs.org/aws-sign2 cache-miss
990 silly fetch manifest form-data@~2.3.2
991 silly packumentCache full:https://registry.npmjs.org/form-data cache-miss
992 silly fetch manifest mime-types@~2.1.19
993 silly packumentCache full:https://registry.npmjs.org/mime-types cache-miss
994 silly fetch manifest oauth-sign@~0.9.0
995 silly packumentCache full:https://registry.npmjs.org/oauth-sign cache-miss
996 silly fetch manifest safe-buffer@^5.1.2
997 silly packumentCache full:https://registry.npmjs.org/safe-buffer cache-hit
998 silly fetch manifest tough-cookie@~2.5.0
999 silly packumentCache full:https://registry.npmjs.org/tough-cookie cache-miss
1000 silly fetch manifest tunnel-agent@^0.6.0
1001 silly packumentCache full:https://registry.npmjs.org/tunnel-agent cache-miss
1002 silly fetch manifest forever-agent@~0.6.1
1003 silly packumentCache full:https://registry.npmjs.org/forever-agent cache-miss
1004 silly fetch manifest har-validator@~5.1.3
1005 silly packumentCache full:https://registry.npmjs.org/har-validator cache-miss
1006 http fetch GET 200 https://registry.npmjs.org/uuid 90ms (cache revalidated)
1007 silly packumentCache full:https://registry.npmjs.org/uuid set size:233177 disposed:false
1008 silly fetch manifest is-typedarray@~1.0.0
1009 silly packumentCache full:https://registry.npmjs.org/is-typedarray cache-miss
1010 http fetch GET 200 https://registry.npmjs.org/forever-agent 92ms (cache revalidated)
1011 silly packumentCache full:https://registry.npmjs.org/forever-agent set size:10023 disposed:false
1012 silly fetch manifest http-signature@~1.2.0
1013 silly packumentCache full:https://registry.npmjs.org/http-signature cache-miss
1014 http fetch GET 200 https://registry.npmjs.org/tunnel-agent 92ms (cache revalidated)
1015 silly packumentCache full:https://registry.npmjs.org/tunnel-agent set size:12847 disposed:false
1016 silly fetch manifest combined-stream@~1.0.6
1017 silly packumentCache full:https://registry.npmjs.org/combined-stream cache-miss
1018 http fetch GET 200 https://registry.npmjs.org/isstream 94ms (cache revalidated)
1019 silly packumentCache full:https://registry.npmjs.org/isstream set size:9114 disposed:false
1020 silly fetch manifest performance-now@^2.1.0
1021 silly packumentCache full:https://registry.npmjs.org/performance-now cache-miss
1022 http fetch GET 200 https://registry.npmjs.org/extend 94ms (cache revalidated)
1023 silly packumentCache full:https://registry.npmjs.org/extend set size:25974 disposed:false
1024 silly fetch manifest json-stringify-safe@~5.0.1
1025 silly packumentCache full:https://registry.npmjs.org/json-stringify-safe cache-miss
1026 http fetch GET 200 https://registry.npmjs.org/form-data 97ms (cache revalidated)
1027 silly packumentCache full:https://registry.npmjs.org/form-data set size:153646 disposed:false
1028 silly fetch manifest eslint@^8.47.0
1029 silly packumentCache full:https://registry.npmjs.org/eslint cache-miss
1030 http fetch GET 200 https://registry.npmjs.org/mime-types 99ms (cache revalidated)
1031 silly packumentCache full:https://registry.npmjs.org/mime-types set size:139110 disposed:false
1032 http fetch GET 200 https://registry.npmjs.org/aws-sign2 100ms (cache revalidated)
1033 silly packumentCache full:https://registry.npmjs.org/aws-sign2 set size:6079 disposed:false
1034 http fetch GET 200 https://registry.npmjs.org/tough-cookie 104ms (cache revalidated)
1035 silly packumentCache full:https://registry.npmjs.org/tough-cookie set size:149007 disposed:false
1036 http fetch GET 200 https://registry.npmjs.org/combined-stream 60ms (cache revalidated)
1037 silly packumentCache full:https://registry.npmjs.org/combined-stream set size:40337 disposed:false
1038 http fetch GET 200 https://registry.npmjs.org/performance-now 61ms (cache revalidated)
1039 silly packumentCache full:https://registry.npmjs.org/performance-now set size:19893 disposed:false
1040 http fetch GET 200 https://registry.npmjs.org/is-typedarray 70ms (cache revalidated)
1041 silly packumentCache full:https://registry.npmjs.org/is-typedarray set size:3992 disposed:false
1042 http fetch GET 200 https://registry.npmjs.org/eslint 69ms (cache revalidated)
1043 silly packumentCache full:https://registry.npmjs.org/eslint set size:1983515 disposed:false
1044 http fetch GET 200 https://registry.npmjs.org/aws4 354ms (cache revalidated)
1045 silly packumentCache full:https://registry.npmjs.org/aws4 set size:141900 disposed:false
1046 http fetch GET 200 https://registry.npmjs.org/caseless 382ms (cache revalidated)
1047 silly packumentCache full:https://registry.npmjs.org/caseless set size:17911 disposed:false
1048 http fetch GET 200 https://registry.npmjs.org/oauth-sign 383ms (cache revalidated)
1049 silly packumentCache full:https://registry.npmjs.org/oauth-sign set size:15915 disposed:false
1050 http fetch GET 200 https://registry.npmjs.org/har-validator 385ms (cache revalidated)
1051 silly packumentCache full:https://registry.npmjs.org/har-validator set size:122031 disposed:false
1052 http fetch GET 200 https://registry.npmjs.org/json-stringify-safe 337ms (cache revalidated)
1053 silly packumentCache full:https://registry.npmjs.org/json-stringify-safe set size:8806 disposed:false
1054 http fetch GET 200 https://registry.npmjs.org/http-signature 348ms (cache revalidated)
1055 silly packumentCache full:https://registry.npmjs.org/http-signature set size:58675 disposed:false
1056 silly placeDep ROOT @smithy/uuid@1.1.2 OK for: @smithy/core@3.23.17 want: ^1.1.2
1057 silly placeDep ROOT @smithy/eventstream-serde-universal@4.2.14 OK for: @smithy/eventstream-serde-browser@4.2.14 want: ^4.2.14
1058 silly fetch manifest @smithy/eventstream-codec@^4.2.14
1059 silly packumentCache full:https://registry.npmjs.org/@smithy%2feventstream-codec cache-miss
1060 http fetch GET 200 https://registry.npmjs.org/@smithy%2feventstream-codec 142ms (cache revalidated)
1061 silly packumentCache full:https://registry.npmjs.org/@smithy%2feventstream-codec set size:203312 disposed:false
1062 silly placeDep ROOT @smithy/eventstream-codec@4.2.14 OK for: @smithy/eventstream-serde-universal@4.2.14 want: ^4.2.14
1063 silly placeDep ROOT @smithy/util-hex-encoding@4.2.2 OK for: @smithy/eventstream-codec@4.2.14 want: ^4.2.2
1064 silly placeDep ROOT @smithy/chunked-blob-reader@5.2.2 OK for: @smithy/hash-blob-browser@4.2.15 want: ^5.2.2
1065 silly placeDep ROOT @smithy/chunked-blob-reader-native@4.2.3 OK for: @smithy/hash-blob-browser@4.2.15 want: ^4.2.3
1066 silly placeDep ROOT @smithy/util-buffer-from@4.2.2 OK for: @smithy/hash-node@4.2.14 want: ^4.2.2
1067 silly placeDep ROOT @smithy/service-error-classification@4.3.0 OK for: @smithy/middleware-retry@4.5.5 want: ^4.3.0
1068 silly placeDep ROOT @smithy/util-uri-escape@4.2.2 OK for: @smithy/querystring-builder@4.2.14 want: ^4.2.2
1069 silly placeDep ROOT @smithy/querystring-parser@4.2.14 OK for: @smithy/url-parser@4.2.14 want: ^4.2.14
1070 silly placeDep ROOT cookie@0.7.2 OK for: cookie-parser@1.4.7 want: 0.7.2
1071 silly placeDep ROOT cookie-signature@1.0.6 OK for: cookie-parser@1.4.7 want: 1.0.6
1072 silly placeDep ROOT object-assign@4.1.1 OK for: cors@2.8.6 want: ^4
1073 silly placeDep ROOT vary@1.1.2 OK for: cors@2.8.6 want: ^1
1074 silly placeDep ROOT accepts@1.3.8 OK for: express@4.22.1 want: ~1.3.8
1075 silly placeDep ROOT array-flatten@1.1.1 OK for: express@4.22.1 want: 1.1.1
1076 silly placeDep ROOT body-parser@1.20.4 OK for: express@4.22.1 want: ~1.20.3
1077 silly placeDep ROOT content-disposition@0.5.4 OK for: express@4.22.1 want: ~0.5.4
1078 silly placeDep ROOT content-type@1.0.5 OK for: express@4.22.1 want: ~1.0.4
1079 silly placeDep ROOT debug@2.6.9 OK for: express@4.22.1 want: 2.6.9
1080 silly placeDep ROOT depd@2.0.0 OK for: express@4.22.1 want: 2.0.0
1081 silly placeDep ROOT encodeurl@2.0.0 OK for: express@4.22.1 want: ~2.0.0
1082 silly placeDep ROOT escape-html@1.0.3 OK for: express@4.22.1 want: ~1.0.3
1083 silly placeDep ROOT etag@1.8.1 OK for: express@4.22.1 want: ~1.8.1
1084 silly placeDep ROOT finalhandler@1.3.2 OK for: express@4.22.1 want: ~1.3.1
1085 silly placeDep ROOT fresh@0.5.2 OK for: express@4.22.1 want: ~0.5.2
1086 silly placeDep ROOT http-errors@2.0.1 OK for: express@4.22.1 want: ~2.0.0
1087 silly placeDep ROOT merge-descriptors@1.0.3 OK for: express@4.22.1 want: 1.0.3
1088 silly placeDep ROOT methods@1.1.2 OK for: express@4.22.1 want: ~1.1.2
1089 silly placeDep ROOT on-finished@2.4.1 OK for: express@4.22.1 want: ~2.4.1
1090 silly placeDep ROOT parseurl@1.3.3 OK for: express@4.22.1 want: ~1.3.3
1091 silly placeDep ROOT path-to-regexp@0.1.13 OK for: express@4.22.1 want: ~0.1.12
1092 silly placeDep ROOT proxy-addr@2.0.7 OK for: express@4.22.1 want: ~2.0.7
1093 silly placeDep ROOT qs@6.14.2 OK for: express@4.22.1 want: ~6.14.0
1094 silly placeDep ROOT range-parser@1.2.1 OK for: express@4.22.1 want: ~1.2.1
1095 silly placeDep ROOT safe-buffer@5.2.1 OK for: express@4.22.1 want: 5.2.1
1096 silly placeDep ROOT send@0.19.2 OK for: express@4.22.1 want: ~0.19.0
1097 silly placeDep ROOT serve-static@1.16.3 OK for: express@4.22.1 want: ~1.16.2
1098 silly placeDep ROOT setprototypeof@1.2.0 OK for: express@4.22.1 want: 1.2.0
1099 silly placeDep ROOT statuses@2.0.2 OK for: express@4.22.1 want: ~2.0.1
1100 silly placeDep ROOT type-is@1.6.18 OK for: express@4.22.1 want: ~1.6.18
1101 silly placeDep ROOT utils-merge@1.0.1 OK for: express@4.22.1 want: 1.0.1
1102 silly fetch manifest mime-types@~2.1.34
1103 silly packumentCache full:https://registry.npmjs.org/mime-types cache-hit
1104 silly fetch manifest negotiator@0.6.3
1105 silly packumentCache full:https://registry.npmjs.org/negotiator cache-miss
1106 silly fetch manifest bytes@~3.1.2
1107 silly packumentCache full:https://registry.npmjs.org/bytes cache-miss
1108 silly fetch manifest unpipe@~1.0.0
1109 silly packumentCache full:https://registry.npmjs.org/unpipe cache-miss
1110 silly fetch manifest destroy@~1.2.0
1111 silly packumentCache full:https://registry.npmjs.org/destroy cache-miss
1112 silly fetch manifest raw-body@~2.5.3
1113 silly packumentCache full:https://registry.npmjs.org/raw-body cache-miss
1114 silly fetch manifest iconv-lite@~0.4.24
1115 silly packumentCache full:https://registry.npmjs.org/iconv-lite cache-miss
1116 silly fetch manifest http-errors@~2.0.1
1117 silly packumentCache full:https://registry.npmjs.org/http-errors cache-hit
1118 silly fetch manifest content-type@~1.0.5
1119 silly packumentCache full:https://registry.npmjs.org/content-type cache-hit
1120 silly fetch manifest ms@2.0.0
1121 silly packumentCache full:https://registry.npmjs.org/ms cache-hit
1122 silly fetch manifest unpipe@~1.0.0
1123 silly packumentCache full:https://registry.npmjs.org/unpipe cache-miss
1124 silly fetch manifest statuses@~2.0.2
1125 silly packumentCache full:https://registry.npmjs.org/statuses cache-hit
1126 silly fetch manifest inherits@~2.0.4
1127 silly packumentCache full:https://registry.npmjs.org/inherits cache-miss
1128 silly fetch manifest setprototypeof@~1.2.0
1129 silly packumentCache full:https://registry.npmjs.org/setprototypeof cache-hit
1130 silly fetch manifest statuses@~2.0.2
1131 silly packumentCache full:https://registry.npmjs.org/statuses cache-hit
1132 silly fetch manifest toidentifier@~1.0.1
1133 silly packumentCache full:https://registry.npmjs.org/toidentifier cache-miss
1134 silly fetch manifest ee-first@1.1.1
1135 silly packumentCache full:https://registry.npmjs.org/ee-first cache-miss
1136 silly fetch manifest forwarded@0.2.0
1137 silly packumentCache full:https://registry.npmjs.org/forwarded cache-miss
1138 silly fetch manifest ipaddr.js@1.9.1
1139 silly packumentCache full:https://registry.npmjs.org/ipaddr.js cache-miss
1140 silly fetch manifest side-channel@^1.1.0
1141 silly packumentCache full:https://registry.npmjs.org/side-channel cache-miss
1142 http fetch GET 200 https://registry.npmjs.org/ee-first 82ms (cache revalidated)
1143 silly packumentCache full:https://registry.npmjs.org/ee-first set size:15327 disposed:false
1144 silly fetch manifest mime@1.6.0
1145 silly packumentCache full:https://registry.npmjs.org/mime cache-miss
1146 http fetch GET 200 https://registry.npmjs.org/unpipe 89ms (cache revalidated)
1147 silly packumentCache full:https://registry.npmjs.org/unpipe set size:3609 disposed:false
1148 silly fetch manifest destroy@1.2.0
1149 silly packumentCache full:https://registry.npmjs.org/destroy cache-miss
1150 http fetch GET 200 https://registry.npmjs.org/toidentifier 89ms (cache revalidated)
1151 silly packumentCache full:https://registry.npmjs.org/toidentifier set size:12006 disposed:false
1152 silly fetch manifest mime-types@~2.1.24
1153 silly packumentCache full:https://registry.npmjs.org/mime-types cache-hit
1154 silly fetch manifest media-typer@0.3.0
1155 silly packumentCache full:https://registry.npmjs.org/media-typer cache-miss
1156 http fetch GET 200 https://registry.npmjs.org/forwarded 89ms (cache revalidated)
1157 silly packumentCache full:https://registry.npmjs.org/forwarded set size:11229 disposed:false
1158 http fetch GET 200 https://registry.npmjs.org/bytes 92ms (cache revalidated)
1159 silly packumentCache full:https://registry.npmjs.org/bytes set size:37018 disposed:false
1160 http fetch GET 200 https://registry.npmjs.org/unpipe 93ms (cache revalidated)
1161 silly packumentCache full:https://registry.npmjs.org/unpipe set size:3609 disposed:false
1162 silly packumentCache full:https://registry.npmjs.org/unpipe dispose
1163 http fetch GET 200 https://registry.npmjs.org/ipaddr.js 95ms (cache revalidated)
1164 silly packumentCache full:https://registry.npmjs.org/ipaddr.js set size:67857 disposed:false
1165 http fetch GET 200 https://registry.npmjs.org/iconv-lite 97ms (cache revalidated)
1166 silly packumentCache full:https://registry.npmjs.org/iconv-lite set size:120557 disposed:false
1167 http fetch GET 200 https://registry.npmjs.org/side-channel 99ms (cache revalidated)
1168 silly packumentCache full:https://registry.npmjs.org/side-channel set size:24660 disposed:false
1169 http fetch GET 200 https://registry.npmjs.org/destroy 107ms (cache revalidated)
1170 silly packumentCache full:https://registry.npmjs.org/destroy set size:15738 disposed:false
1171 http fetch GET 200 https://registry.npmjs.org/raw-body 113ms (cache revalidated)
1172 silly packumentCache full:https://registry.npmjs.org/raw-body set size:117822 disposed:false
1173 http fetch GET 200 https://registry.npmjs.org/inherits 113ms (cache revalidated)
1174 silly packumentCache full:https://registry.npmjs.org/inherits set size:12925 disposed:false
1175 http fetch GET 200 https://registry.npmjs.org/destroy 53ms (cache revalidated)
1176 silly packumentCache full:https://registry.npmjs.org/destroy set size:15738 disposed:false
1177 silly packumentCache full:https://registry.npmjs.org/destroy dispose
1178 http fetch GET 200 https://registry.npmjs.org/media-typer 56ms (cache revalidated)
1179 silly packumentCache full:https://registry.npmjs.org/media-typer set size:20873 disposed:false
1180 http fetch GET 200 https://registry.npmjs.org/mime 65ms (cache revalidated)
1181 silly packumentCache full:https://registry.npmjs.org/mime set size:119236 disposed:false
1182 http fetch GET 200 https://registry.npmjs.org/negotiator 358ms (cache revalidated)
1183 silly packumentCache full:https://registry.npmjs.org/negotiator set size:48046 disposed:false
1184 silly placeDep ROOT mime-types@2.1.35 OK for: accepts@1.3.8 want: ~2.1.34
1185 silly placeDep ROOT negotiator@0.6.3 OK for: accepts@1.3.8 want: 0.6.3
1186 silly fetch manifest mime-db@1.52.0
1187 silly packumentCache full:https://registry.npmjs.org/mime-db cache-miss
1188 http fetch GET 200 https://registry.npmjs.org/mime-db 70ms (cache revalidated)
1189 silly packumentCache full:https://registry.npmjs.org/mime-db set size:164953 disposed:false
1190 silly placeDep ROOT bytes@3.1.2 OK for: body-parser@1.20.4 want: ~3.1.2
1191 silly placeDep ROOT destroy@1.2.0 OK for: body-parser@1.20.4 want: ~1.2.0
1192 silly placeDep ROOT iconv-lite@0.4.24 OK for: body-parser@1.20.4 want: ~0.4.24
1193 silly placeDep ROOT raw-body@2.5.3 OK for: body-parser@1.20.4 want: ~2.5.3
1194 silly placeDep ROOT unpipe@1.0.0 OK for: body-parser@1.20.4 want: ~1.0.0
1195 silly fetch manifest safer-buffer@>= 2.1.2 < 3
1196 silly packumentCache full:https://registry.npmjs.org/safer-buffer cache-miss
1197 http fetch GET 200 https://registry.npmjs.org/safer-buffer 65ms (cache revalidated)
1198 silly packumentCache full:https://registry.npmjs.org/safer-buffer set size:18521 disposed:false
1199 silly placeDep ROOT ms@2.0.0 OK for: debug@2.6.9 want: 2.0.0
1200 silly placeDep ROOT lodash@4.18.1 OK for: express-validator@7.3.2 want: ^4.18.1
1201 silly placeDep ROOT validator@13.15.35 OK for: express-validator@7.3.2 want: ~13.15.23
1202 silly placeDep ROOT @nodable/entities@2.1.0 OK for: fast-xml-parser@5.7.1 want: ^2.1.0
1203 silly placeDep ROOT fast-xml-builder@1.1.5 OK for: fast-xml-parser@5.7.1 want: ^1.1.5
1204 silly placeDep ROOT path-expression-matcher@1.5.0 OK for: fast-xml-parser@5.7.1 want: ^1.5.0
1205 silly placeDep ROOT strnum@2.2.3 OK for: fast-xml-parser@5.7.1 want: ^2.2.3
1206 silly fetch manifest path-expression-matcher@^1.1.3
1207 silly packumentCache full:https://registry.npmjs.org/path-expression-matcher cache-hit
1208 silly placeDep ROOT base64-js@1.5.1 OK for: google-auth-library@9.15.1 want: ^1.3.0
1209 silly placeDep ROOT ecdsa-sig-formatter@1.0.11 OK for: google-auth-library@9.15.1 want: ^1.0.11
1210 silly placeDep ROOT gaxios@6.7.1 OK for: google-auth-library@9.15.1 want: ^6.1.1
1211 silly placeDep ROOT gcp-metadata@6.1.1 OK for: google-auth-library@9.15.1 want: ^6.1.0
1212 silly placeDep ROOT gtoken@7.1.0 OK for: google-auth-library@9.15.1 want: ^7.0.0
1213 silly placeDep ROOT jws@4.0.1 OK for: google-auth-library@9.15.1 want: ^4.0.0
1214 silly fetch manifest uuid@^9.0.1
1215 silly packumentCache full:https://registry.npmjs.org/uuid cache-hit
1216 silly fetch manifest extend@^3.0.2
1217 silly packumentCache full:https://registry.npmjs.org/extend cache-hit
1218 silly fetch manifest is-stream@^2.0.0
1219 silly packumentCache full:https://registry.npmjs.org/is-stream cache-miss
1220 silly fetch manifest node-fetch@^2.6.9
1221 silly packumentCache full:https://registry.npmjs.org/node-fetch cache-miss
1222 silly fetch manifest https-proxy-agent@^7.0.1
1223 silly packumentCache full:https://registry.npmjs.org/https-proxy-agent cache-hit
1224 silly fetch manifest json-bigint@^1.0.0
1225 silly packumentCache full:https://registry.npmjs.org/json-bigint cache-miss
1226 silly fetch manifest google-logging-utils@^0.0.2
1227 silly packumentCache full:https://registry.npmjs.org/google-logging-utils cache-miss
1228 silly fetch manifest jwa@^2.0.1
1229 silly packumentCache full:https://registry.npmjs.org/jwa cache-miss
1230 http fetch GET 200 https://registry.npmjs.org/json-bigint 126ms (cache revalidated)
1231 silly packumentCache full:https://registry.npmjs.org/json-bigint set size:36963 disposed:false
1232 http fetch GET 200 https://registry.npmjs.org/node-fetch 128ms (cache revalidated)
1233 silly packumentCache full:https://registry.npmjs.org/node-fetch set size:896010 disposed:false
1234 http fetch GET 200 https://registry.npmjs.org/google-logging-utils 134ms (cache revalidated)
1235 silly packumentCache full:https://registry.npmjs.org/google-logging-utils set size:21694 disposed:false
1236 http fetch GET 200 https://registry.npmjs.org/is-stream 135ms (cache revalidated)
1237 silly packumentCache full:https://registry.npmjs.org/is-stream set size:18582 disposed:false
1238 http fetch GET 200 https://registry.npmjs.org/jwa 144ms (cache revalidated)
1239 silly packumentCache full:https://registry.npmjs.org/jwa set size:39956 disposed:false
1240 silly fetch manifest encoding@^0.1.0
1241 silly packumentCache full:https://registry.npmjs.org/encoding cache-miss
1242 http fetch GET 200 https://registry.npmjs.org/encoding 84ms (cache revalidated)
1243 silly packumentCache full:https://registry.npmjs.org/encoding set size:17833 disposed:false
1244 silly placeDep ROOT extend@3.0.2 OK for: gaxios@6.7.1 want: ^3.0.2
1245 silly placeDep ROOT https-proxy-agent@7.0.6 OK for: gaxios@6.7.1 want: ^7.0.1
1246 silly placeDep ROOT is-stream@2.0.1 OK for: gaxios@6.7.1 want: ^2.0.0
1247 silly placeDep ROOT node-fetch@2.7.0 OK for: gaxios@6.7.1 want: ^2.6.9
1248 silly placeDep ROOT uuid@9.0.1 OK for: gaxios@6.7.1 want: ^9.0.1
1249 silly fetch manifest debug@4
1250 silly packumentCache full:https://registry.npmjs.org/debug cache-hit
1251 silly fetch manifest agent-base@^7.1.2
1252 silly packumentCache full:https://registry.npmjs.org/agent-base cache-miss
1253 silly fetch manifest whatwg-url@^5.0.0
1254 silly packumentCache full:https://registry.npmjs.org/whatwg-url cache-miss
1255 http fetch GET 200 https://registry.npmjs.org/agent-base 80ms (cache revalidated)
1256 silly packumentCache full:https://registry.npmjs.org/agent-base set size:72085 disposed:false
1257 http fetch GET 200 https://registry.npmjs.org/whatwg-url 85ms (cache revalidated)
1258 silly packumentCache full:https://registry.npmjs.org/whatwg-url set size:170765 disposed:false
1259 silly placeDep ROOT google-logging-utils@0.0.2 OK for: gcp-metadata@6.1.1 want: ^0.0.2
1260 silly placeDep ROOT json-bigint@1.0.0 OK for: gcp-metadata@6.1.1 want: ^1.0.0
1261 silly fetch manifest bignumber.js@^9.0.0
1262 silly packumentCache full:https://registry.npmjs.org/bignumber.js cache-miss
1263 http fetch GET 200 https://registry.npmjs.org/bignumber.js 153ms (cache revalidated)
1264 silly packumentCache full:https://registry.npmjs.org/bignumber.js set size:134493 disposed:false
1265 silly placeDep ROOT inherits@2.0.4 OK for: http-errors@2.0.1 want: ~2.0.4
1266 silly placeDep ROOT toidentifier@1.0.1 OK for: http-errors@2.0.1 want: ~1.0.1
1267 silly placeDep ROOT agent-base@7.1.4 OK for: https-proxy-agent@7.0.6 want: ^7.1.2
1268 silly placeDep node_modules/https-proxy-agent debug@4.4.3 OK for: https-proxy-agent@7.0.6 want: 4
1269 silly fetch manifest ms@^2.1.3
1270 silly packumentCache full:https://registry.npmjs.org/ms cache-hit
1271 silly placeDep ROOT safer-buffer@2.1.2 OK for: iconv-lite@0.4.24 want: >= 2.1.2 < 3
1272 silly placeDep ROOT bignumber.js@9.3.1 OK for: json-bigint@1.0.0 want: ^9.0.0
1273 silly placeDep ROOT lodash.includes@4.3.0 OK for: jsonwebtoken@9.0.3 want: ^4.3.0
1274 silly placeDep ROOT lodash.isboolean@3.0.3 OK for: jsonwebtoken@9.0.3 want: ^3.0.3
1275 silly placeDep ROOT lodash.isinteger@4.0.4 OK for: jsonwebtoken@9.0.3 want: ^4.0.4
1276 silly placeDep ROOT lodash.isnumber@3.0.3 OK for: jsonwebtoken@9.0.3 want: ^3.0.3
1277 silly placeDep ROOT lodash.isplainobject@4.0.6 OK for: jsonwebtoken@9.0.3 want: ^4.0.6
1278 silly placeDep ROOT lodash.isstring@4.0.1 OK for: jsonwebtoken@9.0.3 want: ^4.0.1
1279 silly placeDep ROOT lodash.once@4.1.1 OK for: jsonwebtoken@9.0.3 want: ^4.0.0
1280 silly placeDep node_modules/jsonwebtoken ms@2.1.3 OK for: jsonwebtoken@9.0.3 want: ^2.1.1
1281 silly placeDep ROOT semver@7.7.4 OK for: jsonwebtoken@9.0.3 want: ^7.5.4
1282 silly placeDep ROOT jwa@2.0.1 OK for: jws@4.0.1 want: ^2.0.1
1283 silly fetch manifest buffer-equal-constant-time@^1.0.1
1284 silly packumentCache full:https://registry.npmjs.org/buffer-equal-constant-time cache-miss
1285 http fetch GET 200 https://registry.npmjs.org/buffer-equal-constant-time 55ms (cache revalidated)
1286 silly packumentCache full:https://registry.npmjs.org/buffer-equal-constant-time set size:4390 disposed:false
1287 silly placeDep ROOT buffer-equal-constant-time@1.0.1 OK for: jwa@2.0.1 want: ^1.0.1
1288 silly placeDep ROOT mime-db@1.52.0 OK for: mime-types@2.1.35 want: 1.52.0
1289 silly fetch manifest @aws-sdk/credential-providers@^3.188.0
1290 silly packumentCache full:https://registry.npmjs.org/@aws-sdk%2fcredential-providers cache-miss
1291 http fetch GET 200 https://registry.npmjs.org/@aws-sdk%2fcredential-providers 498ms (cache revalidated)
1292 silly packumentCache full:https://registry.npmjs.org/@aws-sdk%2fcredential-providers set size:2055956 disposed:false
1293 silly fetch manifest @mongodb-js/zstd@^1.1.0 || ^2.0.0
1294 silly packumentCache full:https://registry.npmjs.org/@mongodb-js%2fzstd cache-miss
1295 http fetch GET 200 https://registry.npmjs.org/@mongodb-js%2fzstd 767ms (cache revalidated)
1296 silly packumentCache full:https://registry.npmjs.org/@mongodb-js%2fzstd set size:99120 disposed:false
1297 silly fetch manifest gcp-metadata@^5.2.0
1298 silly packumentCache full:https://registry.npmjs.org/gcp-metadata cache-hit
1299 silly fetch manifest kerberos@^2.0.1
1300 silly packumentCache full:https://registry.npmjs.org/kerberos cache-miss
1301 http fetch GET 200 https://registry.npmjs.org/kerberos 894ms (cache revalidated)
1302 silly packumentCache full:https://registry.npmjs.org/kerberos set size:117537 disposed:false
1303 silly fetch manifest mongodb-client-encryption@>=6.0.0 <7
1304 silly packumentCache full:https://registry.npmjs.org/mongodb-client-encryption cache-miss
1305 http fetch GET 200 https://registry.npmjs.org/mongodb-client-encryption 377ms (cache revalidated)
1306 silly packumentCache full:https://registry.npmjs.org/mongodb-client-encryption set size:262386 disposed:false
1307 silly fetch manifest snappy@^7.3.2
1308 silly packumentCache full:https://registry.npmjs.org/snappy cache-miss
1309 http fetch GET 200 https://registry.npmjs.org/snappy 333ms (cache revalidated)
1310 silly packumentCache full:https://registry.npmjs.org/snappy set size:185121 disposed:false
1311 silly fetch manifest socks@^2.7.1
1312 silly packumentCache full:https://registry.npmjs.org/socks cache-miss
1313 http fetch GET 200 https://registry.npmjs.org/socks 65ms (cache revalidated)
1314 silly packumentCache full:https://registry.npmjs.org/socks set size:168523 disposed:false
1315 silly placeDep ROOT bson@6.10.4 OK for: mongoose@8.23.1 want: ^6.10.4
1316 silly placeDep ROOT kareem@2.6.3 OK for: mongoose@8.23.1 want: 2.6.3
1317 silly placeDep node_modules/mongoose mongodb@6.20.0 OK for: mongoose@8.23.1 want: ~6.20.0
1318 silly placeDep node_modules/mongoose gcp-metadata@5.3.0 OK for: mongodb@6.20.0 want: ^5.2.0
1319 silly placeDep ROOT mpath@0.9.0 OK for: mongoose@8.23.1 want: 0.9.0
1320 silly placeDep ROOT mquery@5.0.0 OK for: mongoose@8.23.1 want: 5.0.0
1321 silly placeDep node_modules/mongoose ms@2.1.3 OK for: mongoose@8.23.1 want: 2.1.3
1322 silly placeDep ROOT sift@17.1.3 OK for: mongoose@8.23.1 want: 17.1.3
1323 silly fetch manifest @mongodb-js/saslprep@^1.3.0
1324 silly packumentCache full:https://registry.npmjs.org/@mongodb-js%2fsaslprep cache-miss
1325 silly fetch manifest mongodb-connection-string-url@^3.0.2
1326 silly packumentCache full:https://registry.npmjs.org/mongodb-connection-string-url cache-miss
1327 silly fetch manifest gaxios@^5.0.0
1328 silly packumentCache full:https://registry.npmjs.org/gaxios cache-hit
1329 silly fetch manifest debug@4.x
1330 silly packumentCache full:https://registry.npmjs.org/debug cache-hit
1331 http fetch GET 200 https://registry.npmjs.org/mongodb-connection-string-url 336ms (cache revalidated)
1332 silly packumentCache full:https://registry.npmjs.org/mongodb-connection-string-url set size:127791 disposed:false
1333 http fetch GET 200 https://registry.npmjs.org/@mongodb-js%2fsaslprep 710ms (cache revalidated)
1334 silly packumentCache full:https://registry.npmjs.org/@mongodb-js%2fsaslprep set size:109511 disposed:false
1335 silly placeDep node_modules/mquery debug@4.4.3 OK for: mquery@5.0.0 want: 4.x
1336 silly placeDep ROOT append-field@1.0.0 OK for: multer@1.4.5-lts.2 want: ^1.0.0
1337 silly placeDep ROOT busboy@1.6.0 OK for: multer@1.4.5-lts.2 want: ^1.0.0
1338 silly placeDep ROOT concat-stream@1.6.2 OK for: multer@1.4.5-lts.2 want: ^1.5.2
1339 silly placeDep ROOT mkdirp@0.5.6 OK for: multer@1.4.5-lts.2 want: ^0.5.4
1340 silly placeDep ROOT xtend@4.0.2 OK for: multer@1.4.5-lts.2 want: ^4.0.0
1341 silly fetch manifest streamsearch@^1.1.0
1342 silly packumentCache full:https://registry.npmjs.org/streamsearch cache-miss
1343 silly fetch manifest buffer-from@^1.0.0
1344 silly packumentCache full:https://registry.npmjs.org/buffer-from cache-miss
1345 silly fetch manifest readable-stream@^2.2.2
1346 silly packumentCache full:https://registry.npmjs.org/readable-stream cache-miss
1347 silly fetch manifest typedarray@^0.0.6
1348 silly packumentCache full:https://registry.npmjs.org/typedarray cache-miss
1349 silly fetch manifest minimist@^1.2.6
1350 silly packumentCache full:https://registry.npmjs.org/minimist cache-miss
1351 http fetch GET 200 https://registry.npmjs.org/buffer-from 112ms (cache revalidated)
1352 silly packumentCache full:https://registry.npmjs.org/buffer-from set size:15463 disposed:false
1353 http fetch GET 200 https://registry.npmjs.org/typedarray 116ms (cache revalidated)
1354 silly packumentCache full:https://registry.npmjs.org/typedarray set size:18469 disposed:false
1355 http fetch GET 200 https://registry.npmjs.org/streamsearch 117ms (cache revalidated)
1356 silly packumentCache full:https://registry.npmjs.org/streamsearch set size:27372 disposed:false
1357 http fetch GET 200 https://registry.npmjs.org/readable-stream 117ms (cache revalidated)
1358 silly packumentCache full:https://registry.npmjs.org/readable-stream set size:261096 disposed:false
1359 http fetch GET 200 https://registry.npmjs.org/minimist 123ms (cache revalidated)
1360 silly packumentCache full:https://registry.npmjs.org/minimist set size:77063 disposed:false
1361 silly placeDep ROOT streamsearch@1.1.0 OK for: busboy@1.6.0 want: ^1.1.0
1362 silly placeDep ROOT buffer-from@1.1.2 OK for: concat-stream@1.6.2 want: ^1.0.0
1363 silly placeDep ROOT readable-stream@2.3.8 OK for: concat-stream@1.6.2 want: ^2.2.2
1364 silly placeDep ROOT typedarray@0.0.6 OK for: concat-stream@1.6.2 want: ^0.0.6
1365 silly fetch manifest isarray@~1.0.0
1366 silly packumentCache full:https://registry.npmjs.org/isarray cache-miss
1367 silly fetch manifest safe-buffer@~5.1.1
1368 silly packumentCache full:https://registry.npmjs.org/safe-buffer cache-hit
1369 silly fetch manifest core-util-is@~1.0.0
1370 silly packumentCache full:https://registry.npmjs.org/core-util-is cache-miss
1371 silly fetch manifest string_decoder@~1.1.1
1372 silly packumentCache full:https://registry.npmjs.org/string_decoder cache-miss
1373 silly fetch manifest util-deprecate@~1.0.1
1374 silly packumentCache full:https://registry.npmjs.org/util-deprecate cache-miss
1375 silly fetch manifest process-nextick-args@~2.0.0
1376 silly packumentCache full:https://registry.npmjs.org/process-nextick-args cache-miss
1377 http fetch GET 200 https://registry.npmjs.org/isarray 52ms (cache revalidated)
1378 silly packumentCache full:https://registry.npmjs.org/isarray set size:17392 disposed:false
1379 http fetch GET 200 https://registry.npmjs.org/util-deprecate 56ms (cache revalidated)
1380 silly packumentCache full:https://registry.npmjs.org/util-deprecate set size:6674 disposed:false
1381 http fetch GET 200 https://registry.npmjs.org/string_decoder 56ms (cache revalidated)
1382 silly packumentCache full:https://registry.npmjs.org/string_decoder set size:28441 disposed:false
1383 http fetch GET 200 https://registry.npmjs.org/core-util-is 58ms (cache revalidated)
1384 silly packumentCache full:https://registry.npmjs.org/core-util-is set size:7163 disposed:false
1385 http fetch GET 200 https://registry.npmjs.org/process-nextick-args 66ms (cache revalidated)
1386 silly packumentCache full:https://registry.npmjs.org/process-nextick-args set size:15428 disposed:false
1387 silly placeDep ROOT minimist@1.2.8 OK for: mkdirp@0.5.6 want: ^1.2.6
1388 silly placeDep ROOT whatwg-url@5.0.0 OK for: node-fetch@2.7.0 want: ^5.0.0
1389 silly fetch manifest tr46@~0.0.3
1390 silly packumentCache full:https://registry.npmjs.org/tr46 cache-miss
1391 silly fetch manifest webidl-conversions@^3.0.0
1392 silly packumentCache full:https://registry.npmjs.org/webidl-conversions cache-miss
1393 http fetch GET 200 https://registry.npmjs.org/webidl-conversions 75ms (cache revalidated)
1394 silly packumentCache full:https://registry.npmjs.org/webidl-conversions set size:46073 disposed:false
1395 http fetch GET 200 https://registry.npmjs.org/tr46 346ms (cache revalidated)
1396 silly packumentCache full:https://registry.npmjs.org/tr46 set size:47377 disposed:false
1397 silly placeDep ROOT ee-first@1.1.1 OK for: on-finished@2.4.1 want: 1.1.1
1398 silly placeDep ROOT forwarded@0.2.0 OK for: proxy-addr@2.0.7 want: 0.2.0
1399 silly placeDep ROOT ipaddr.js@1.9.1 OK for: proxy-addr@2.0.7 want: 1.9.1
1400 silly placeDep ROOT side-channel@1.1.0 OK for: qs@6.14.2 want: ^1.1.0
1401 silly fetch manifest es-errors@^1.3.0
1402 silly packumentCache full:https://registry.npmjs.org/es-errors cache-miss
1403 silly fetch manifest object-inspect@^1.13.3
1404 silly packumentCache full:https://registry.npmjs.org/object-inspect cache-miss
1405 silly fetch manifest side-channel-list@^1.0.0
1406 silly packumentCache full:https://registry.npmjs.org/side-channel-list cache-miss
1407 silly fetch manifest side-channel-map@^1.0.1
1408 silly packumentCache full:https://registry.npmjs.org/side-channel-map cache-miss
1409 silly fetch manifest side-channel-weakmap@^1.0.2
1410 silly packumentCache full:https://registry.npmjs.org/side-channel-weakmap cache-miss
1411 http fetch GET 200 https://registry.npmjs.org/es-errors 60ms (cache revalidated)
1412 silly packumentCache full:https://registry.npmjs.org/es-errors set size:16918 disposed:false
1413 http fetch GET 200 https://registry.npmjs.org/side-channel-list 60ms (cache revalidated)
1414 silly packumentCache full:https://registry.npmjs.org/side-channel-list set size:9021 disposed:false
1415 http fetch GET 200 https://registry.npmjs.org/side-channel-map 60ms (cache revalidated)
1416 silly packumentCache full:https://registry.npmjs.org/side-channel-map set size:9126 disposed:false
1417 http fetch GET 200 https://registry.npmjs.org/object-inspect 67ms (cache revalidated)
1418 silly packumentCache full:https://registry.npmjs.org/object-inspect set size:101912 disposed:false
1419 http fetch GET 200 https://registry.npmjs.org/side-channel-weakmap 79ms (cache revalidated)
1420 silly packumentCache full:https://registry.npmjs.org/side-channel-weakmap set size:12620 disposed:false
1421 silly placeDep ROOT core-util-is@1.0.3 OK for: readable-stream@2.3.8 want: ~1.0.0
1422 silly placeDep ROOT isarray@1.0.0 OK for: readable-stream@2.3.8 want: ~1.0.0
1423 silly placeDep ROOT process-nextick-args@2.0.1 OK for: readable-stream@2.3.8 want: ~2.0.0
1424 silly placeDep node_modules/readable-stream safe-buffer@5.1.2 OK for: readable-stream@2.3.8 want: ~5.1.1
1425 silly placeDep ROOT string_decoder@1.1.1 OK for: readable-stream@2.3.8 want: ~1.1.1
1426 silly placeDep ROOT util-deprecate@1.0.2 OK for: readable-stream@2.3.8 want: ~1.0.1
1427 silly fetch manifest safe-buffer@~5.1.0
1428 silly packumentCache full:https://registry.npmjs.org/safe-buffer cache-hit
1429 silly placeDep ROOT aws-sign2@0.7.0 OK for: request@2.88.2 want: ~0.7.0
1430 silly placeDep ROOT aws4@1.13.2 OK for: request@2.88.2 want: ^1.8.0
1431 silly placeDep ROOT caseless@0.12.0 OK for: request@2.88.2 want: ~0.12.0
1432 silly placeDep ROOT combined-stream@1.0.8 OK for: request@2.88.2 want: ~1.0.6
1433 silly placeDep ROOT forever-agent@0.6.1 OK for: request@2.88.2 want: ~0.6.1
1434 silly placeDep ROOT form-data@2.3.3 OK for: request@2.88.2 want: ~2.3.2
1435 silly placeDep ROOT har-validator@5.1.5 OK for: request@2.88.2 want: ~5.1.3
1436 silly placeDep ROOT http-signature@1.2.0 OK for: request@2.88.2 want: ~1.2.0
1437 silly placeDep ROOT is-typedarray@1.0.0 OK for: request@2.88.2 want: ~1.0.0
1438 silly placeDep ROOT isstream@0.1.2 OK for: request@2.88.2 want: ~0.1.2
1439 silly placeDep ROOT json-stringify-safe@5.0.1 OK for: request@2.88.2 want: ~5.0.1
1440 silly placeDep ROOT oauth-sign@0.9.0 OK for: request@2.88.2 want: ~0.9.0
1441 silly placeDep ROOT performance-now@2.1.0 OK for: request@2.88.2 want: ^2.1.0
1442 silly placeDep node_modules/request qs@6.5.5 OK for: request@2.88.2 want: ~6.5.2
1443 silly placeDep ROOT tough-cookie@2.5.0 OK for: request@2.88.2 want: ~2.5.0
1444 silly placeDep ROOT tunnel-agent@0.6.0 OK for: request@2.88.2 want: ^0.6.0
1445 silly placeDep node_modules/request uuid@3.4.0 OK for: request@2.88.2 want: ^3.3.2
1446 silly fetch manifest delayed-stream@~1.0.0
1447 silly packumentCache full:https://registry.npmjs.org/delayed-stream cache-miss
1448 silly fetch manifest asynckit@^0.4.0
1449 silly packumentCache full:https://registry.npmjs.org/asynckit cache-miss
1450 silly fetch manifest ajv@^6.12.3
1451 silly packumentCache full:https://registry.npmjs.org/ajv cache-miss
1452 silly fetch manifest har-schema@^2.0.0
1453 silly packumentCache full:https://registry.npmjs.org/har-schema cache-miss
1454 silly fetch manifest sshpk@^1.7.0
1455 silly packumentCache full:https://registry.npmjs.org/sshpk cache-miss
1456 silly fetch manifest jsprim@^1.2.2
1457 silly packumentCache full:https://registry.npmjs.org/jsprim cache-miss
1458 silly fetch manifest assert-plus@^1.0.0
1459 silly packumentCache full:https://registry.npmjs.org/assert-plus cache-miss
1460 silly fetch manifest psl@^1.1.28
1461 silly packumentCache full:https://registry.npmjs.org/psl cache-miss
1462 silly fetch manifest punycode@^2.1.1
1463 silly packumentCache full:https://registry.npmjs.org/punycode cache-miss
1464 http fetch GET 200 https://registry.npmjs.org/delayed-stream 90ms (cache revalidated)
1465 silly packumentCache full:https://registry.npmjs.org/delayed-stream set size:15820 disposed:false
1466 http fetch GET 200 https://registry.npmjs.org/ajv 93ms (cache revalidated)
1467 silly packumentCache full:https://registry.npmjs.org/ajv set size:1142658 disposed:false
1468 http fetch GET 200 https://registry.npmjs.org/punycode 100ms (cache revalidated)
1469 silly packumentCache full:https://registry.npmjs.org/punycode set size:61302 disposed:false
1470 http fetch GET 200 https://registry.npmjs.org/jsprim 101ms (cache revalidated)
1471 silly packumentCache full:https://registry.npmjs.org/jsprim set size:49508 disposed:false
1472 http fetch GET 200 https://registry.npmjs.org/asynckit 102ms (cache revalidated)
1473 silly packumentCache full:https://registry.npmjs.org/asynckit set size:18932 disposed:false
1474 http fetch GET 200 https://registry.npmjs.org/sshpk 333ms (cache revalidated)
1475 silly packumentCache full:https://registry.npmjs.org/sshpk set size:133005 disposed:false
1476 http fetch GET 200 https://registry.npmjs.org/psl 335ms (cache revalidated)
1477 silly packumentCache full:https://registry.npmjs.org/psl set size:129526 disposed:false
1478 http fetch GET 200 https://registry.npmjs.org/assert-plus 343ms (cache revalidated)
1479 silly packumentCache full:https://registry.npmjs.org/assert-plus set size:16225 disposed:false
1480 http fetch GET 200 https://registry.npmjs.org/har-schema 349ms (cache revalidated)
1481 silly packumentCache full:https://registry.npmjs.org/har-schema set size:23124 disposed:false
1482 silly placeDep ROOT delayed-stream@1.0.0 OK for: combined-stream@1.0.8 want: ~1.0.0
1483 silly placeDep ROOT asynckit@0.4.0 OK for: form-data@2.3.3 want: ^0.4.0
1484 silly placeDep ROOT ajv@6.15.0 OK for: har-validator@5.1.5 want: ^6.12.3
1485 silly placeDep ROOT har-schema@2.0.0 OK for: har-validator@5.1.5 want: ^2.0.0
1486 silly fetch manifest uri-js@^4.2.2
1487 silly packumentCache full:https://registry.npmjs.org/uri-js cache-miss
1488 silly fetch manifest fast-deep-equal@^3.1.1
1489 silly packumentCache full:https://registry.npmjs.org/fast-deep-equal cache-miss
1490 silly fetch manifest json-schema-traverse@^0.4.1
1491 silly packumentCache full:https://registry.npmjs.org/json-schema-traverse cache-miss
1492 silly fetch manifest fast-json-stable-stringify@^2.0.0
1493 silly packumentCache full:https://registry.npmjs.org/fast-json-stable-stringify cache-miss
1494 http fetch GET 200 https://registry.npmjs.org/fast-deep-equal 62ms (cache revalidated)
1495 silly packumentCache full:https://registry.npmjs.org/fast-deep-equal set size:48634 disposed:false
1496 http fetch GET 200 https://registry.npmjs.org/uri-js 62ms (cache revalidated)
1497 silly packumentCache full:https://registry.npmjs.org/uri-js set size:42559 disposed:false
1498 http fetch GET 200 https://registry.npmjs.org/fast-json-stable-stringify 65ms (cache revalidated)
1499 silly packumentCache full:https://registry.npmjs.org/fast-json-stable-stringify set size:11337 disposed:false
1500 http fetch GET 200 https://registry.npmjs.org/json-schema-traverse 69ms (cache revalidated)
1501 silly packumentCache full:https://registry.npmjs.org/json-schema-traverse set size:23537 disposed:false
1502 silly placeDep ROOT fast-deep-equal@3.1.3 OK for: ajv@6.15.0 want: ^3.1.1
1503 silly placeDep ROOT fast-json-stable-stringify@2.1.0 OK for: ajv@6.15.0 want: ^2.0.0
1504 silly placeDep ROOT json-schema-traverse@0.4.1 OK for: ajv@6.15.0 want: ^0.4.1
1505 silly placeDep ROOT uri-js@4.4.1 OK for: ajv@6.15.0 want: ^4.2.2
1506 silly fetch manifest punycode@^2.1.0
1507 silly packumentCache full:https://registry.npmjs.org/punycode cache-hit
1508 silly placeDep ROOT assert-plus@1.0.0 OK for: http-signature@1.2.0 want: ^1.0.0
1509 silly placeDep ROOT jsprim@1.4.2 OK for: http-signature@1.2.0 want: ^1.2.2
1510 silly placeDep ROOT sshpk@1.18.0 OK for: http-signature@1.2.0 want: ^1.7.0
1511 silly fetch manifest verror@1.10.0
1512 silly packumentCache full:https://registry.npmjs.org/verror cache-miss
1513 silly fetch manifest extsprintf@1.3.0
1514 silly packumentCache full:https://registry.npmjs.org/extsprintf cache-miss
1515 silly fetch manifest json-schema@0.4.0
1516 silly packumentCache full:https://registry.npmjs.org/json-schema cache-miss
1517 silly fetch manifest asn1@~0.2.3
1518 silly packumentCache full:https://registry.npmjs.org/asn1 cache-miss
1519 silly fetch manifest jsbn@~0.1.0
1520 silly packumentCache full:https://registry.npmjs.org/jsbn cache-miss
1521 silly fetch manifest getpass@^0.1.1
1522 silly packumentCache full:https://registry.npmjs.org/getpass cache-miss
1523 silly fetch manifest dashdash@^1.12.0
1524 silly packumentCache full:https://registry.npmjs.org/dashdash cache-miss
1525 silly fetch manifest ecc-jsbn@~0.1.1
1526 silly packumentCache full:https://registry.npmjs.org/ecc-jsbn cache-miss
1527 silly fetch manifest tweetnacl@~0.14.0
1528 silly packumentCache full:https://registry.npmjs.org/tweetnacl cache-miss
1529 silly fetch manifest bcrypt-pbkdf@^1.0.0
1530 silly packumentCache full:https://registry.npmjs.org/bcrypt-pbkdf cache-miss
1531 http fetch GET 200 https://registry.npmjs.org/bcrypt-pbkdf 59ms (cache revalidated)
1532 silly packumentCache full:https://registry.npmjs.org/bcrypt-pbkdf set size:6832 disposed:false
1533 http fetch GET 200 https://registry.npmjs.org/jsbn 61ms (cache revalidated)
1534 silly packumentCache full:https://registry.npmjs.org/jsbn set size:8169 disposed:false
1535 http fetch GET 200 https://registry.npmjs.org/asn1 61ms (cache revalidated)
1536 silly packumentCache full:https://registry.npmjs.org/asn1 set size:29978 disposed:false
1537 http fetch GET 200 https://registry.npmjs.org/getpass 70ms (cache revalidated)
1538 silly packumentCache full:https://registry.npmjs.org/getpass set size:13448 disposed:false
1539 http fetch GET 200 https://registry.npmjs.org/json-schema 339ms (cache revalidated)
1540 silly packumentCache full:https://registry.npmjs.org/json-schema set size:15084 disposed:false
1541 http fetch GET 200 https://registry.npmjs.org/extsprintf 340ms (cache revalidated)
1542 silly packumentCache full:https://registry.npmjs.org/extsprintf set size:16178 disposed:false
1543 http fetch GET 200 https://registry.npmjs.org/ecc-jsbn 342ms (cache revalidated)
1544 silly packumentCache full:https://registry.npmjs.org/ecc-jsbn set size:8870 disposed:false
1545 http fetch GET 200 https://registry.npmjs.org/verror 433ms (cache revalidated)
1546 silly packumentCache full:https://registry.npmjs.org/verror set size:50129 disposed:false
1547 http fetch GET 200 https://registry.npmjs.org/tweetnacl 434ms (cache revalidated)
1548 silly packumentCache full:https://registry.npmjs.org/tweetnacl set size:79790 disposed:false
1549 http fetch GET 200 https://registry.npmjs.org/dashdash 435ms (cache revalidated)
1550 silly packumentCache full:https://registry.npmjs.org/dashdash set size:63751 disposed:false
1551 silly placeDep ROOT extsprintf@1.3.0 OK for: jsprim@1.4.2 want: 1.3.0
1552 silly placeDep ROOT json-schema@0.4.0 OK for: jsprim@1.4.2 want: 0.4.0
1553 silly placeDep ROOT verror@1.10.0 OK for: jsprim@1.4.2 want: 1.10.0
1554 silly fetch manifest core-util-is@1.0.2
1555 silly packumentCache full:https://registry.npmjs.org/core-util-is cache-hit
1556 silly placeDep ROOT eslint@8.57.1 OK for: rewire@7.0.0 want: ^8.47.0
1557 silly fetch manifest levn@^0.4.1
1558 silly packumentCache full:https://registry.npmjs.org/levn cache-miss
1559 silly fetch manifest chalk@^4.0.0
1560 silly packumentCache full:https://registry.npmjs.org/chalk cache-miss
1561 silly fetch manifest debug@^4.3.2
1562 silly packumentCache full:https://registry.npmjs.org/debug cache-hit
1563 silly fetch manifest espree@^9.6.1
1564 silly packumentCache full:https://registry.npmjs.org/espree cache-miss
1565 silly fetch manifest ignore@^5.2.0
1566 silly packumentCache full:https://registry.npmjs.org/ignore cache-miss
1567 silly fetch manifest esquery@^1.4.2
1568 silly packumentCache full:https://registry.npmjs.org/esquery cache-miss
1569 silly fetch manifest esutils@^2.0.2
1570 silly packumentCache full:https://registry.npmjs.org/esutils cache-miss
1571 silly fetch manifest find-up@^5.0.0
1572 silly packumentCache full:https://registry.npmjs.org/find-up cache-miss
1573 silly fetch manifest globals@^13.19.0
1574 silly packumentCache full:https://registry.npmjs.org/globals cache-miss
1575 silly fetch manifest is-glob@^4.0.0
1576 silly packumentCache full:https://registry.npmjs.org/is-glob cache-miss
1577 silly fetch manifest js-yaml@^4.1.0
1578 silly packumentCache full:https://registry.npmjs.org/js-yaml cache-miss
1579 silly fetch manifest doctrine@^3.0.0
1580 silly packumentCache full:https://registry.npmjs.org/doctrine cache-miss
1581 silly fetch manifest graphemer@^1.4.0
1582 silly packumentCache full:https://registry.npmjs.org/graphemer cache-miss
1583 silly fetch manifest minimatch@^3.1.2
1584 silly packumentCache full:https://registry.npmjs.org/minimatch cache-miss
1585 http fetch GET 200 https://registry.npmjs.org/find-up 65ms (cache revalidated)
1586 silly packumentCache full:https://registry.npmjs.org/find-up set size:42620 disposed:false
1587 silly fetch manifest @eslint/js@8.57.1
1588 silly packumentCache full:https://registry.npmjs.org/@eslint%2fjs cache-miss
1589 http fetch GET 200 https://registry.npmjs.org/chalk 67ms (cache revalidated)
1590 silly packumentCache full:https://registry.npmjs.org/chalk set size:117861 disposed:false
1591 silly fetch manifest optionator@^0.9.3
1592 silly packumentCache full:https://registry.npmjs.org/optionator cache-miss
1593 http fetch GET 200 https://registry.npmjs.org/is-glob 73ms (cache revalidated)
1594 silly packumentCache full:https://registry.npmjs.org/is-glob set size:40530 disposed:false
1595 silly fetch manifest strip-ansi@^6.0.1
1596 silly packumentCache full:https://registry.npmjs.org/strip-ansi cache-miss
1597 http fetch GET 200 https://registry.npmjs.org/esquery 77ms (cache revalidated)
1598 silly packumentCache full:https://registry.npmjs.org/esquery set size:48888 disposed:false
1599 silly fetch manifest text-table@^0.2.0
1600 silly packumentCache full:https://registry.npmjs.org/text-table cache-miss
1601 http fetch GET 200 https://registry.npmjs.org/espree 80ms (cache revalidated)
1602 silly packumentCache full:https://registry.npmjs.org/espree set size:326080 disposed:false
1603 silly fetch manifest cross-spawn@^7.0.2
1604 silly packumentCache full:https://registry.npmjs.org/cross-spawn cache-miss
1605 http fetch GET 200 https://registry.npmjs.org/ignore 87ms (cache revalidated)
1606 silly packumentCache full:https://registry.npmjs.org/ignore set size:237380 disposed:false
1607 silly fetch manifest glob-parent@^6.0.2
1608 silly packumentCache full:https://registry.npmjs.org/glob-parent cache-miss
1609 http fetch GET 200 https://registry.npmjs.org/doctrine 89ms (cache revalidated)
1610 silly packumentCache full:https://registry.npmjs.org/doctrine set size:64052 disposed:false
1611 silly fetch manifest imurmurhash@^0.1.4
1612 silly packumentCache full:https://registry.npmjs.org/imurmurhash cache-miss
1613 http fetch GET 200 https://registry.npmjs.org/levn 91ms (cache revalidated)
1614 silly packumentCache full:https://registry.npmjs.org/levn set size:28223 disposed:false
1615 silly fetch manifest eslint-scope@^7.2.2
1616 silly packumentCache full:https://registry.npmjs.org/eslint-scope cache-miss
1617 http fetch GET 200 https://registry.npmjs.org/globals 91ms (cache revalidated)
1618 silly packumentCache full:https://registry.npmjs.org/globals set size:312297 disposed:false
1619 silly fetch manifest lodash.merge@^4.6.2
1620 silly packumentCache full:https://registry.npmjs.org/lodash.merge cache-miss
1621 http fetch GET 200 https://registry.npmjs.org/esutils 95ms (cache revalidated)
1622 silly packumentCache full:https://registry.npmjs.org/esutils set size:29522 disposed:false
1623 silly fetch manifest is-path-inside@^3.0.3
1624 silly packumentCache full:https://registry.npmjs.org/is-path-inside cache-miss
1625 http fetch GET 200 https://registry.npmjs.org/minimatch 114ms (cache revalidated)
1626 silly packumentCache full:https://registry.npmjs.org/minimatch set size:375282 disposed:false
1627 silly fetch manifest natural-compare@^1.4.0
1628 silly packumentCache full:https://registry.npmjs.org/natural-compare cache-miss
1629 http fetch GET 200 https://registry.npmjs.org/strip-ansi 87ms (cache revalidated)
1630 silly packumentCache full:https://registry.npmjs.org/strip-ansi set size:44998 disposed:false
1631 silly fetch manifest @eslint/eslintrc@^2.1.4
1632 silly packumentCache full:https://registry.npmjs.org/@eslint%2feslintrc cache-miss
1633 http fetch GET 200 https://registry.npmjs.org/cross-spawn 81ms (cache revalidated)
1634 silly packumentCache full:https://registry.npmjs.org/cross-spawn set size:109066 disposed:false
1635 silly fetch manifest @nodelib/fs.walk@^1.2.8
1636 silly packumentCache full:https://registry.npmjs.org/@nodelib%2ffs.walk cache-miss
1637 http fetch GET 200 https://registry.npmjs.org/glob-parent 79ms (cache revalidated)
1638 silly packumentCache full:https://registry.npmjs.org/glob-parent set size:42445 disposed:false
1639 silly fetch manifest file-entry-cache@^6.0.1
1640 silly packumentCache full:https://registry.npmjs.org/file-entry-cache cache-miss
1641 http fetch GET 200 https://registry.npmjs.org/eslint-scope 78ms (cache revalidated)
1642 silly packumentCache full:https://registry.npmjs.org/eslint-scope set size:98867 disposed:false
1643 silly fetch manifest eslint-visitor-keys@^3.4.3
1644 silly packumentCache full:https://registry.npmjs.org/eslint-visitor-keys cache-miss
1645 http fetch GET 200 https://registry.npmjs.org/text-table 94ms (cache revalidated)
1646 silly packumentCache full:https://registry.npmjs.org/text-table set size:20701 disposed:false
1647 silly fetch manifest escape-string-regexp@^4.0.0
1648 silly packumentCache full:https://registry.npmjs.org/escape-string-regexp cache-miss
1649 http fetch GET 200 https://registry.npmjs.org/imurmurhash 83ms (cache revalidated)
1650 silly packumentCache full:https://registry.npmjs.org/imurmurhash set size:35819 disposed:false
1651 silly fetch manifest @ungap/structured-clone@^1.2.0
1652 silly packumentCache full:https://registry.npmjs.org/@ungap%2fstructured-clone cache-miss
1653 http fetch GET 200 https://registry.npmjs.org/optionator 105ms (cache revalidated)
1654 silly packumentCache full:https://registry.npmjs.org/optionator set size:49651 disposed:false
1655 silly fetch manifest @eslint-community/regexpp@^4.6.1
1656 silly packumentCache full:https://registry.npmjs.org/@eslint-community%2fregexpp cache-miss
1657 http fetch GET 200 https://registry.npmjs.org/natural-compare 68ms (cache revalidated)
1658 silly packumentCache full:https://registry.npmjs.org/natural-compare set size:7852 disposed:false
1659 silly fetch manifest @humanwhocodes/config-array@^0.13.0
1660 silly packumentCache full:https://registry.npmjs.org/@humanwhocodes%2fconfig-array cache-miss
1661 http fetch GET 200 https://registry.npmjs.org/escape-string-regexp 60ms (cache revalidated)
1662 silly packumentCache full:https://registry.npmjs.org/escape-string-regexp set size:22244 disposed:false
1663 silly fetch manifest @eslint-community/eslint-utils@^4.2.0
1664 silly packumentCache full:https://registry.npmjs.org/@eslint-community%2feslint-utils cache-miss
1665 http fetch GET 200 https://registry.npmjs.org/@nodelib%2ffs.walk 84ms (cache revalidated)
1666 silly packumentCache full:https://registry.npmjs.org/@nodelib%2ffs.walk set size:41589 disposed:false
1667 silly fetch manifest @humanwhocodes/module-importer@^1.0.1
1668 silly packumentCache full:https://registry.npmjs.org/@humanwhocodes%2fmodule-importer cache-miss
1669 http fetch GET 200 https://registry.npmjs.org/@eslint-community%2fregexpp 81ms (cache revalidated)
1670 silly packumentCache full:https://registry.npmjs.org/@eslint-community%2fregexpp set size:106609 disposed:false
1671 silly fetch manifest json-stable-stringify-without-jsonify@^1.0.1
1672 silly packumentCache full:https://registry.npmjs.org/json-stable-stringify-without-jsonify cache-miss
1673 http fetch GET 200 https://registry.npmjs.org/file-entry-cache 88ms (cache revalidated)
1674 silly packumentCache full:https://registry.npmjs.org/file-entry-cache set size:151480 disposed:false
1675 http fetch GET 200 https://registry.npmjs.org/@eslint%2feslintrc 95ms (cache revalidated)
1676 silly packumentCache full:https://registry.npmjs.org/@eslint%2feslintrc set size:168674 disposed:false
1677 http fetch GET 200 https://registry.npmjs.org/json-stable-stringify-without-jsonify 57ms (cache revalidated)
1678 silly packumentCache full:https://registry.npmjs.org/json-stable-stringify-without-jsonify set size:5808 disposed:false
1679 http fetch GET 200 https://registry.npmjs.org/@eslint-community%2feslint-utils 115ms (cache revalidated)
1680 silly packumentCache full:https://registry.npmjs.org/@eslint-community%2feslint-utils set size:93301 disposed:false
1681 http fetch GET 200 https://registry.npmjs.org/js-yaml 348ms (cache revalidated)
1682 silly packumentCache full:https://registry.npmjs.org/js-yaml set size:152232 disposed:false
1683 http fetch GET 200 https://registry.npmjs.org/@humanwhocodes%2fmodule-importer 103ms (cache revalidated)
1684 silly packumentCache full:https://registry.npmjs.org/@humanwhocodes%2fmodule-importer set size:9516 disposed:false
1685 http fetch GET 200 https://registry.npmjs.org/graphemer 355ms (cache revalidated)
1686 silly packumentCache full:https://registry.npmjs.org/graphemer set size:25853 disposed:false
1687 http fetch GET 200 https://registry.npmjs.org/is-path-inside 348ms (cache revalidated)
1688 silly packumentCache full:https://registry.npmjs.org/is-path-inside set size:23585 disposed:false
1689 http fetch GET 200 https://registry.npmjs.org/lodash.merge 371ms (cache revalidated)
1690 silly packumentCache full:https://registry.npmjs.org/lodash.merge set size:78575 disposed:false
1691 http fetch GET 200 https://registry.npmjs.org/eslint-visitor-keys 334ms (cache revalidated)
1692 silly packumentCache full:https://registry.npmjs.org/eslint-visitor-keys set size:69949 disposed:false
1693 http fetch GET 200 https://registry.npmjs.org/@ungap%2fstructured-clone 373ms (cache revalidated)
1694 silly packumentCache full:https://registry.npmjs.org/@ungap%2fstructured-clone set size:55958 disposed:false
1695 http fetch GET 200 https://registry.npmjs.org/@humanwhocodes%2fconfig-array 520ms (cache revalidated)
1696 silly packumentCache full:https://registry.npmjs.org/@humanwhocodes%2fconfig-array set size:139493 disposed:false
1697 http fetch GET 200 https://registry.npmjs.org/@eslint%2fjs 654ms (cache revalidated)
1698 silly packumentCache full:https://registry.npmjs.org/@eslint%2fjs set size:140022 disposed:false
1699 silly fetch manifest eslint@^6.0.0 || ^7.0.0 || >=8.0.0
1700 silly packumentCache full:https://registry.npmjs.org/eslint cache-miss
1701 http cache https://registry.npmjs.org/eslint 7ms (cache hit)
1702 silly packumentCache full:https://registry.npmjs.org/eslint set size:1983515 disposed:false
1703 silly fetch manifest jiti@*
1704 silly packumentCache full:https://registry.npmjs.org/jiti cache-miss
1705 http fetch GET 200 https://registry.npmjs.org/jiti 79ms (cache revalidated)
1706 silly packumentCache full:https://registry.npmjs.org/jiti set size:382310 disposed:false
1707 silly placeDep ROOT @eslint-community/eslint-utils@4.9.1 OK for: eslint@8.57.1 want: ^4.2.0
1708 silly placeDep ROOT @eslint-community/regexpp@4.12.2 OK for: eslint@8.57.1 want: ^4.6.1
1709 silly placeDep ROOT @eslint/eslintrc@2.1.4 OK for: eslint@8.57.1 want: ^2.1.4
1710 silly placeDep ROOT @eslint/js@8.57.1 OK for: eslint@8.57.1 want: 8.57.1
1711 silly placeDep ROOT @humanwhocodes/config-array@0.13.0 OK for: eslint@8.57.1 want: ^0.13.0
1712 silly placeDep ROOT @humanwhocodes/module-importer@1.0.1 OK for: eslint@8.57.1 want: ^1.0.1
1713 silly placeDep ROOT @nodelib/fs.walk@1.2.8 OK for: eslint@8.57.1 want: ^1.2.8
1714 silly placeDep ROOT @ungap/structured-clone@1.3.0 OK for: eslint@8.57.1 want: ^1.2.0
1715 silly placeDep ROOT chalk@4.1.2 OK for: eslint@8.57.1 want: ^4.0.0
1716 silly placeDep ROOT cross-spawn@7.0.6 OK for: eslint@8.57.1 want: ^7.0.2
1717 silly placeDep node_modules/eslint debug@4.4.3 OK for: eslint@8.57.1 want: ^4.3.2
1718 silly placeDep ROOT doctrine@3.0.0 OK for: eslint@8.57.1 want: ^3.0.0
1719 silly placeDep ROOT escape-string-regexp@4.0.0 OK for: eslint@8.57.1 want: ^4.0.0
1720 silly placeDep ROOT eslint-scope@7.2.2 OK for: eslint@8.57.1 want: ^7.2.2
1721 silly placeDep ROOT eslint-visitor-keys@3.4.3 OK for: eslint@8.57.1 want: ^3.4.3
1722 silly placeDep ROOT espree@9.6.1 OK for: eslint@8.57.1 want: ^9.6.1
1723 silly placeDep ROOT esquery@1.7.0 OK for: eslint@8.57.1 want: ^1.4.2
1724 silly placeDep ROOT esutils@2.0.3 OK for: eslint@8.57.1 want: ^2.0.2
1725 silly placeDep ROOT file-entry-cache@6.0.1 OK for: eslint@8.57.1 want: ^6.0.1
1726 silly placeDep ROOT find-up@5.0.0 OK for: eslint@8.57.1 want: ^5.0.0
1727 silly placeDep ROOT glob-parent@6.0.2 OK for: eslint@8.57.1 want: ^6.0.2
1728 silly placeDep ROOT globals@13.24.0 OK for: eslint@8.57.1 want: ^13.19.0
1729 silly placeDep ROOT graphemer@1.4.0 OK for: eslint@8.57.1 want: ^1.4.0
1730 silly placeDep ROOT ignore@5.3.2 OK for: eslint@8.57.1 want: ^5.2.0
1731 silly placeDep ROOT imurmurhash@0.1.4 OK for: eslint@8.57.1 want: ^0.1.4
1732 silly placeDep ROOT is-glob@4.0.3 OK for: eslint@8.57.1 want: ^4.0.0
1733 silly placeDep ROOT is-path-inside@3.0.3 OK for: eslint@8.57.1 want: ^3.0.3
1734 silly placeDep ROOT js-yaml@4.1.1 OK for: eslint@8.57.1 want: ^4.1.0
1735 silly placeDep ROOT json-stable-stringify-without-jsonify@1.0.1 OK for: eslint@8.57.1 want: ^1.0.1
1736 silly placeDep ROOT levn@0.4.1 OK for: eslint@8.57.1 want: ^0.4.1
1737 silly placeDep ROOT lodash.merge@4.6.2 OK for: eslint@8.57.1 want: ^4.6.2
1738 silly placeDep ROOT minimatch@3.1.5 OK for: eslint@8.57.1 want: ^3.1.2
1739 silly placeDep ROOT natural-compare@1.4.0 OK for: eslint@8.57.1 want: ^1.4.0
1740 silly placeDep ROOT optionator@0.9.4 OK for: eslint@8.57.1 want: ^0.9.3
1741 silly placeDep ROOT strip-ansi@6.0.1 OK for: eslint@8.57.1 want: ^6.0.1
1742 silly placeDep ROOT text-table@0.2.0 OK for: eslint@8.57.1 want: ^0.2.0
1743 silly fetch manifest espree@^9.6.0
1744 silly packumentCache full:https://registry.npmjs.org/espree cache-hit
1745 silly fetch manifest import-fresh@^3.2.1
1746 silly packumentCache full:https://registry.npmjs.org/import-fresh cache-miss
1747 silly fetch manifest strip-json-comments@^3.1.1
1748 silly packumentCache full:https://registry.npmjs.org/strip-json-comments cache-miss
1749 silly fetch manifest debug@^4.3.1
1750 silly packumentCache full:https://registry.npmjs.org/debug cache-hit
1751 silly fetch manifest minimatch@^3.0.5
1752 silly packumentCache full:https://registry.npmjs.org/minimatch cache-hit
1753 silly fetch manifest @humanwhocodes/object-schema@^2.0.3
1754 silly packumentCache full:https://registry.npmjs.org/@humanwhocodes%2fobject-schema cache-miss
1755 silly fetch manifest fastq@^1.6.0
1756 silly packumentCache full:https://registry.npmjs.org/fastq cache-miss
1757 silly fetch manifest @nodelib/fs.scandir@2.1.5
1758 silly packumentCache full:https://registry.npmjs.org/@nodelib%2ffs.scandir cache-miss
1759 silly fetch manifest ansi-styles@^4.1.0
1760 silly packumentCache full:https://registry.npmjs.org/ansi-styles cache-miss
1761 silly fetch manifest supports-color@^7.1.0
1762 silly packumentCache full:https://registry.npmjs.org/supports-color cache-miss
1763 silly fetch manifest which@^2.0.1
1764 silly packumentCache full:https://registry.npmjs.org/which cache-miss
1765 silly fetch manifest path-key@^3.1.0
1766 silly packumentCache full:https://registry.npmjs.org/path-key cache-miss
1767 silly fetch manifest shebang-command@^2.0.0
1768 silly packumentCache full:https://registry.npmjs.org/shebang-command cache-miss
1769 silly fetch manifest esrecurse@^4.3.0
1770 silly packumentCache full:https://registry.npmjs.org/esrecurse cache-miss
1771 silly fetch manifest estraverse@^5.2.0
1772 silly packumentCache full:https://registry.npmjs.org/estraverse cache-miss
1773 silly fetch manifest acorn@^8.9.0
1774 silly packumentCache full:https://registry.npmjs.org/acorn cache-miss
1775 http fetch GET 200 https://registry.npmjs.org/path-key 73ms (cache revalidated)
1776 silly packumentCache full:https://registry.npmjs.org/path-key set size:16975 disposed:false
1777 silly fetch manifest acorn-jsx@^5.3.2
1778 silly packumentCache full:https://registry.npmjs.org/acorn-jsx cache-miss
1779 http fetch GET 200 https://registry.npmjs.org/shebang-command 79ms (cache revalidated)
1780 silly packumentCache full:https://registry.npmjs.org/shebang-command set size:8525 disposed:false
1781 silly fetch manifest estraverse@^5.1.0
1782 silly packumentCache full:https://registry.npmjs.org/estraverse cache-miss
1783 http fetch GET 200 https://registry.npmjs.org/import-fresh 81ms (cache revalidated)
1784 silly packumentCache full:https://registry.npmjs.org/import-fresh set size:24604 disposed:false
1785 silly fetch manifest flat-cache@^3.0.4
1786 silly packumentCache full:https://registry.npmjs.org/flat-cache cache-miss
1787 http fetch GET 200 https://registry.npmjs.org/acorn 80ms (cache revalidated)
1788 silly packumentCache full:https://registry.npmjs.org/acorn set size:379626 disposed:false
1789 silly fetch manifest locate-path@^6.0.0
1790 silly packumentCache full:https://registry.npmjs.org/locate-path cache-miss
1791 http fetch GET 200 https://registry.npmjs.org/which 84ms (cache revalidated)
1792 silly packumentCache full:https://registry.npmjs.org/which set size:67698 disposed:false
1793 silly fetch manifest path-exists@^4.0.0
1794 silly packumentCache full:https://registry.npmjs.org/path-exists cache-miss
1795 http fetch GET 200 https://registry.npmjs.org/ansi-styles 85ms (cache revalidated)
1796 silly packumentCache full:https://registry.npmjs.org/ansi-styles set size:63233 disposed:false
1797 silly fetch manifest is-glob@^4.0.3
1798 silly packumentCache full:https://registry.npmjs.org/is-glob cache-hit
1799 silly fetch manifest type-fest@^0.20.2
1800 silly packumentCache full:https://registry.npmjs.org/type-fest cache-miss
1801 http fetch GET 200 https://registry.npmjs.org/estraverse 85ms (cache revalidated)
1802 silly packumentCache full:https://registry.npmjs.org/estraverse set size:62412 disposed:false
1803 silly fetch manifest is-extglob@^2.1.1
1804 silly packumentCache full:https://registry.npmjs.org/is-extglob cache-miss
1805 http fetch GET 200 https://registry.npmjs.org/esrecurse 89ms (cache revalidated)
1806 silly packumentCache full:https://registry.npmjs.org/esrecurse set size:29005 disposed:false
1807 silly fetch manifest argparse@^2.0.1
1808 silly packumentCache full:https://registry.npmjs.org/argparse cache-miss
1809 http fetch GET 200 https://registry.npmjs.org/strip-json-comments 92ms (cache revalidated)
1810 silly packumentCache full:https://registry.npmjs.org/strip-json-comments set size:43569 disposed:false
1811 silly fetch manifest prelude-ls@^1.2.1
1812 silly packumentCache full:https://registry.npmjs.org/prelude-ls cache-miss
1813 http cache https://registry.npmjs.org/estraverse 13ms (cache hit)
1814 silly packumentCache full:https://registry.npmjs.org/estraverse set size:62412 disposed:false
1815 silly packumentCache full:https://registry.npmjs.org/estraverse dispose
1816 silly fetch manifest type-check@~0.4.0
1817 silly packumentCache full:https://registry.npmjs.org/type-check cache-miss
1818 http fetch GET 200 https://registry.npmjs.org/fastq 95ms (cache revalidated)
1819 silly packumentCache full:https://registry.npmjs.org/fastq set size:78301 disposed:false
1820 silly fetch manifest brace-expansion@^1.1.7
1821 silly packumentCache full:https://registry.npmjs.org/brace-expansion cache-miss
1822 http fetch GET 200 https://registry.npmjs.org/supports-color 95ms (cache revalidated)
1823 silly packumentCache full:https://registry.npmjs.org/supports-color set size:118680 disposed:false
1824 silly fetch manifest prelude-ls@^1.2.1
1825 silly packumentCache full:https://registry.npmjs.org/prelude-ls cache-miss
1826 http fetch GET 200 https://registry.npmjs.org/@nodelib%2ffs.scandir 97ms (cache revalidated)
1827 silly packumentCache full:https://registry.npmjs.org/@nodelib%2ffs.scandir set size:49256 disposed:false
1828 silly fetch manifest deep-is@^0.1.3
1829 silly packumentCache full:https://registry.npmjs.org/deep-is cache-miss
1830 http fetch GET 200 https://registry.npmjs.org/acorn-jsx 131ms (cache revalidated)
1831 silly packumentCache full:https://registry.npmjs.org/acorn-jsx set size:71068 disposed:false
1832 silly fetch manifest word-wrap@^1.2.5
1833 silly packumentCache full:https://registry.npmjs.org/word-wrap cache-miss
1834 http fetch GET 200 https://registry.npmjs.org/path-exists 184ms (cache revalidated)
1835 silly packumentCache full:https://registry.npmjs.org/path-exists set size:13704 disposed:false
1836 silly fetch manifest type-check@^0.4.0
1837 silly packumentCache full:https://registry.npmjs.org/type-check cache-miss
1838 http fetch GET 200 https://registry.npmjs.org/deep-is 173ms (cache revalidated)
1839 silly packumentCache full:https://registry.npmjs.org/deep-is set size:10205 disposed:false
1840 silly fetch manifest fast-levenshtein@^2.0.6
1841 silly packumentCache full:https://registry.npmjs.org/fast-levenshtein cache-miss
1842 http fetch GET 200 https://registry.npmjs.org/locate-path 188ms (cache revalidated)
1843 silly packumentCache full:https://registry.npmjs.org/locate-path set size:31329 disposed:false
1844 silly fetch manifest ansi-regex@^5.0.1
1845 silly packumentCache full:https://registry.npmjs.org/ansi-regex cache-miss
1846 http fetch GET 200 https://registry.npmjs.org/prelude-ls 176ms (cache revalidated)
1847 silly packumentCache full:https://registry.npmjs.org/prelude-ls set size:25777 disposed:false
1848 http fetch GET 200 https://registry.npmjs.org/prelude-ls 180ms (cache revalidated)
1849 silly packumentCache full:https://registry.npmjs.org/prelude-ls set size:25777 disposed:false
1850 silly packumentCache full:https://registry.npmjs.org/prelude-ls dispose
1851 http fetch GET 200 https://registry.npmjs.org/brace-expansion 179ms (cache revalidated)
1852 silly packumentCache full:https://registry.npmjs.org/brace-expansion set size:65768 disposed:false
1853 http fetch GET 200 https://registry.npmjs.org/flat-cache 194ms (cache revalidated)
1854 silly packumentCache full:https://registry.npmjs.org/flat-cache set size:169582 disposed:false
1855 http fetch GET 200 https://registry.npmjs.org/word-wrap 68ms (cache revalidated)
1856 silly packumentCache full:https://registry.npmjs.org/word-wrap set size:37835 disposed:false
1857 http fetch GET 200 https://registry.npmjs.org/type-fest 199ms (cache revalidated)
1858 silly packumentCache full:https://registry.npmjs.org/type-fest set size:560517 disposed:false
1859 http fetch GET 200 https://registry.npmjs.org/is-extglob 206ms (cache revalidated)
1860 silly packumentCache full:https://registry.npmjs.org/is-extglob set size:11766 disposed:false
1861 http fetch GET 200 https://registry.npmjs.org/argparse 202ms (cache revalidated)
1862 silly packumentCache full:https://registry.npmjs.org/argparse set size:49266 disposed:false
1863 http fetch GET 200 https://registry.npmjs.org/fast-levenshtein 91ms (cache revalidated)
1864 silly packumentCache full:https://registry.npmjs.org/fast-levenshtein set size:39317 disposed:false
1865 http fetch GET 200 https://registry.npmjs.org/ansi-regex 98ms (cache revalidated)
1866 silly packumentCache full:https://registry.npmjs.org/ansi-regex set size:43572 disposed:false
1867 http fetch GET 200 https://registry.npmjs.org/type-check 263ms (cache revalidated)
1868 silly packumentCache full:https://registry.npmjs.org/type-check set size:21221 disposed:false
1869 http fetch GET 200 https://registry.npmjs.org/type-check 453ms (cache revalidated)
1870 silly packumentCache full:https://registry.npmjs.org/type-check set size:21221 disposed:false
1871 silly packumentCache full:https://registry.npmjs.org/type-check dispose
1872 http fetch GET 200 https://registry.npmjs.org/@humanwhocodes%2fobject-schema 994ms (cache revalidated)
1873 silly packumentCache full:https://registry.npmjs.org/@humanwhocodes%2fobject-schema set size:30629 disposed:false
1874 silly placeDep node_modules/@eslint/eslintrc debug@4.4.3 OK for: @eslint/eslintrc@2.1.4 want: ^4.3.2
1875 silly placeDep ROOT import-fresh@3.3.1 OK for: @eslint/eslintrc@2.1.4 want: ^3.2.1
1876 silly placeDep ROOT strip-json-comments@3.1.1 OK for: @eslint/eslintrc@2.1.4 want: ^3.1.1
1877 silly fetch manifest resolve-from@^4.0.0
1878 silly packumentCache full:https://registry.npmjs.org/resolve-from cache-miss
1879 silly fetch manifest parent-module@^1.0.0
1880 silly packumentCache full:https://registry.npmjs.org/parent-module cache-miss
1881 http fetch GET 200 https://registry.npmjs.org/resolve-from 89ms (cache revalidated)
1882 silly packumentCache full:https://registry.npmjs.org/resolve-from set size:12911 disposed:false
1883 http fetch GET 200 https://registry.npmjs.org/parent-module 94ms (cache revalidated)
1884 silly packumentCache full:https://registry.npmjs.org/parent-module set size:18255 disposed:false
1885 silly placeDep ROOT @humanwhocodes/object-schema@2.0.3 OK for: @humanwhocodes/config-array@0.13.0 want: ^2.0.3
1886 silly placeDep node_modules/@humanwhocodes/config-array debug@4.4.3 OK for: @humanwhocodes/config-array@0.13.0 want: ^4.3.1
1887 silly placeDep ROOT @nodelib/fs.scandir@2.1.5 OK for: @nodelib/fs.walk@1.2.8 want: 2.1.5
1888 silly placeDep ROOT fastq@1.20.1 OK for: @nodelib/fs.walk@1.2.8 want: ^1.6.0
1889 silly fetch manifest run-parallel@^1.1.9
1890 silly packumentCache full:https://registry.npmjs.org/run-parallel cache-miss
1891 silly fetch manifest @nodelib/fs.stat@2.0.5
1892 silly packumentCache full:https://registry.npmjs.org/@nodelib%2ffs.stat cache-miss
1893 silly fetch manifest reusify@^1.0.4
1894 silly packumentCache full:https://registry.npmjs.org/reusify cache-miss
1895 http fetch GET 200 https://registry.npmjs.org/run-parallel 152ms (cache revalidated)
1896 silly packumentCache full:https://registry.npmjs.org/run-parallel set size:35172 disposed:false
1897 http fetch GET 200 https://registry.npmjs.org/reusify 154ms (cache revalidated)
1898 silly packumentCache full:https://registry.npmjs.org/reusify set size:14249 disposed:false
1899 http fetch GET 200 https://registry.npmjs.org/@nodelib%2ffs.stat 370ms (cache revalidated)
1900 silly packumentCache full:https://registry.npmjs.org/@nodelib%2ffs.stat set size:36993 disposed:false
1901 silly placeDep ROOT @nodelib/fs.stat@2.0.5 OK for: @nodelib/fs.scandir@2.1.5 want: 2.0.5
1902 silly placeDep ROOT run-parallel@1.2.0 OK for: @nodelib/fs.scandir@2.1.5 want: ^1.1.9
1903 silly fetch manifest queue-microtask@^1.2.2
1904 silly packumentCache full:https://registry.npmjs.org/queue-microtask cache-miss
1905 http fetch GET 200 https://registry.npmjs.org/queue-microtask 95ms (cache revalidated)
1906 silly packumentCache full:https://registry.npmjs.org/queue-microtask set size:36088 disposed:false
1907 silly placeDep ROOT ansi-styles@4.3.0 OK for: chalk@4.1.2 want: ^4.1.0
1908 silly placeDep ROOT supports-color@7.2.0 OK for: chalk@4.1.2 want: ^7.1.0
1909 silly fetch manifest color-convert@^2.0.1
1910 silly packumentCache full:https://registry.npmjs.org/color-convert cache-miss
1911 silly fetch manifest has-flag@^4.0.0
1912 silly packumentCache full:https://registry.npmjs.org/has-flag cache-miss
1913 http fetch GET 200 https://registry.npmjs.org/color-convert 65ms (cache revalidated)
1914 silly packumentCache full:https://registry.npmjs.org/color-convert set size:72663 disposed:false
1915 http fetch GET 200 https://registry.npmjs.org/has-flag 70ms (cache revalidated)
1916 silly packumentCache full:https://registry.npmjs.org/has-flag set size:15180 disposed:false
1917 silly placeDep ROOT color-convert@2.0.1 OK for: ansi-styles@4.3.0 want: ^2.0.1
1918 silly fetch manifest color-name@~1.1.4
1919 silly packumentCache full:https://registry.npmjs.org/color-name cache-miss
1920 http fetch GET 200 https://registry.npmjs.org/color-name 83ms (cache revalidated)
1921 silly packumentCache full:https://registry.npmjs.org/color-name set size:19467 disposed:false
1922 silly placeDep ROOT color-name@1.1.4 OK for: color-convert@2.0.1 want: ~1.1.4
1923 silly placeDep ROOT path-key@3.1.1 OK for: cross-spawn@7.0.6 want: ^3.1.0
1924 silly placeDep ROOT shebang-command@2.0.0 OK for: cross-spawn@7.0.6 want: ^2.0.0
1925 silly placeDep ROOT which@2.0.2 OK for: cross-spawn@7.0.6 want: ^2.0.1
1926 silly fetch manifest shebang-regex@^3.0.0
1927 silly packumentCache full:https://registry.npmjs.org/shebang-regex cache-miss
1928 silly fetch manifest isexe@^2.0.0
1929 silly packumentCache full:https://registry.npmjs.org/isexe cache-miss
1930 http fetch GET 200 https://registry.npmjs.org/isexe 83ms (cache revalidated)
1931 silly packumentCache full:https://registry.npmjs.org/isexe set size:31756 disposed:false
1932 http fetch GET 200 https://registry.npmjs.org/shebang-regex 86ms (cache revalidated)
1933 silly packumentCache full:https://registry.npmjs.org/shebang-regex set size:9763 disposed:false
1934 silly placeDep ROOT esrecurse@4.3.0 OK for: eslint-scope@7.2.2 want: ^4.3.0
1935 silly placeDep ROOT estraverse@5.3.0 OK for: eslint-scope@7.2.2 want: ^5.2.0
1936 silly placeDep ROOT acorn@8.16.0 OK for: espree@9.6.1 want: ^8.9.0
1937 silly placeDep ROOT acorn-jsx@5.3.2 OK for: espree@9.6.1 want: ^5.3.2
1938 silly placeDep ROOT reusify@1.1.0 OK for: fastq@1.20.1 want: ^1.0.4
1939 silly placeDep ROOT flat-cache@3.2.0 OK for: file-entry-cache@6.0.1 want: ^3.0.4
1940 silly fetch manifest keyv@^4.5.3
1941 silly packumentCache full:https://registry.npmjs.org/keyv cache-miss
1942 silly fetch manifest rimraf@^3.0.2
1943 silly packumentCache full:https://registry.npmjs.org/rimraf cache-miss
1944 silly fetch manifest flatted@^3.2.9
1945 silly packumentCache full:https://registry.npmjs.org/flatted cache-miss
1946 http fetch GET 200 https://registry.npmjs.org/flatted 81ms (cache revalidated)
1947 silly packumentCache full:https://registry.npmjs.org/flatted set size:137347 disposed:false
1948 http fetch GET 200 https://registry.npmjs.org/keyv 94ms (cache revalidated)
1949 silly packumentCache full:https://registry.npmjs.org/keyv set size:215840 disposed:false
1950 http fetch GET 200 https://registry.npmjs.org/rimraf 372ms (cache revalidated)
1951 silly packumentCache full:https://registry.npmjs.org/rimraf set size:212626 disposed:false
1952 silly placeDep ROOT locate-path@6.0.0 OK for: find-up@5.0.0 want: ^6.0.0
1953 silly placeDep ROOT path-exists@4.0.0 OK for: find-up@5.0.0 want: ^4.0.0
1954 silly fetch manifest p-locate@^5.0.0
1955 silly packumentCache full:https://registry.npmjs.org/p-locate cache-miss
1956 http fetch GET 200 https://registry.npmjs.org/p-locate 431ms (cache revalidated)
1957 silly packumentCache full:https://registry.npmjs.org/p-locate set size:22488 disposed:false
1958 silly placeDep ROOT flatted@3.4.2 OK for: flat-cache@3.2.0 want: ^3.2.9
1959 silly placeDep ROOT keyv@4.5.4 OK for: flat-cache@3.2.0 want: ^4.5.3
1960 silly placeDep ROOT rimraf@3.0.2 OK for: flat-cache@3.2.0 want: ^3.0.2
1961 silly fetch manifest json-buffer@3.0.1
1962 silly packumentCache full:https://registry.npmjs.org/json-buffer cache-miss
1963 silly fetch manifest glob@^7.1.3
1964 silly packumentCache full:https://registry.npmjs.org/glob cache-miss
1965 http fetch GET 200 https://registry.npmjs.org/json-buffer 143ms (cache revalidated)
1966 silly packumentCache full:https://registry.npmjs.org/json-buffer set size:23474 disposed:false
1967 http fetch GET 200 https://registry.npmjs.org/glob 156ms (cache revalidated)
1968 silly packumentCache full:https://registry.npmjs.org/glob set size:469465 disposed:false
1969 silly placeDep ROOT type-fest@0.20.2 OK for: globals@13.24.0 want: ^0.20.2
1970 silly placeDep ROOT parent-module@1.0.1 OK for: import-fresh@3.3.1 want: ^1.0.0
1971 silly placeDep ROOT resolve-from@4.0.0 OK for: import-fresh@3.3.1 want: ^4.0.0
1972 silly fetch manifest callsites@^3.0.0
1973 silly packumentCache full:https://registry.npmjs.org/callsites cache-miss
1974 http fetch GET 200 https://registry.npmjs.org/callsites 80ms (cache revalidated)
1975 silly packumentCache full:https://registry.npmjs.org/callsites set size:21349 disposed:false
1976 silly placeDep ROOT is-extglob@2.1.1 OK for: is-glob@4.0.3 want: ^2.1.1
1977 silly placeDep ROOT argparse@2.0.1 OK for: js-yaml@4.1.1 want: ^2.0.1
1978 silly placeDep ROOT json-buffer@3.0.1 OK for: keyv@4.5.4 want: 3.0.1
1979 silly placeDep ROOT prelude-ls@1.2.1 OK for: levn@0.4.1 want: ^1.2.1
1980 silly placeDep ROOT type-check@0.4.0 OK for: levn@0.4.1 want: ~0.4.0
1981 silly placeDep ROOT p-locate@5.0.0 OK for: locate-path@6.0.0 want: ^5.0.0
1982 silly fetch manifest p-limit@^3.0.2
1983 silly packumentCache full:https://registry.npmjs.org/p-limit cache-miss
1984 http fetch GET 200 https://registry.npmjs.org/p-limit 475ms (cache revalidated)
1985 silly packumentCache full:https://registry.npmjs.org/p-limit set size:61867 disposed:false
1986 silly placeDep ROOT brace-expansion@1.1.14 OK for: minimatch@3.1.5 want: ^1.1.7
1987 silly fetch manifest concat-map@0.0.1
1988 silly packumentCache full:https://registry.npmjs.org/concat-map cache-miss
1989 silly fetch manifest balanced-match@^1.0.0
1990 silly packumentCache full:https://registry.npmjs.org/balanced-match cache-miss
1991 http fetch GET 200 https://registry.npmjs.org/concat-map 64ms (cache revalidated)
1992 silly packumentCache full:https://registry.npmjs.org/concat-map set size:9290 disposed:false
1993 http fetch GET 200 https://registry.npmjs.org/balanced-match 70ms (cache revalidated)
1994 silly packumentCache full:https://registry.npmjs.org/balanced-match set size:39082 disposed:false
1995 silly placeDep ROOT balanced-match@1.0.2 OK for: brace-expansion@1.1.14 want: ^1.0.0
1996 silly placeDep ROOT concat-map@0.0.1 OK for: brace-expansion@1.1.14 want: 0.0.1
1997 silly placeDep ROOT deep-is@0.1.4 OK for: optionator@0.9.4 want: ^0.1.3
1998 silly placeDep ROOT fast-levenshtein@2.0.6 OK for: optionator@0.9.4 want: ^2.0.6
1999 silly placeDep ROOT word-wrap@1.2.5 OK for: optionator@0.9.4 want: ^1.2.5
2000 silly placeDep ROOT p-limit@3.1.0 OK for: p-locate@5.0.0 want: ^3.0.2
2001 silly fetch manifest yocto-queue@^0.1.0
2002 silly packumentCache full:https://registry.npmjs.org/yocto-queue cache-miss
2003 http fetch GET 200 https://registry.npmjs.org/yocto-queue 69ms (cache revalidated)
2004 silly packumentCache full:https://registry.npmjs.org/yocto-queue set size:20256 disposed:false
2005 silly placeDep ROOT yocto-queue@0.1.0 OK for: p-limit@3.1.0 want: ^0.1.0
2006 silly placeDep ROOT callsites@3.1.0 OK for: parent-module@1.0.1 want: ^3.0.0
2007 silly placeDep ROOT glob@7.2.3 OK for: rimraf@3.0.2 want: ^7.1.3
2008 silly fetch manifest once@^1.3.0
2009 silly packumentCache full:https://registry.npmjs.org/once cache-miss
2010 silly fetch manifest inflight@^1.0.4
2011 silly packumentCache full:https://registry.npmjs.org/inflight cache-miss
2012 silly fetch manifest fs.realpath@^1.0.0
2013 silly packumentCache full:https://registry.npmjs.org/fs.realpath cache-miss
2014 silly fetch manifest path-is-absolute@^1.0.0
2015 silly packumentCache full:https://registry.npmjs.org/path-is-absolute cache-miss
2016 http fetch GET 200 https://registry.npmjs.org/fs.realpath 72ms (cache revalidated)
2017 silly packumentCache full:https://registry.npmjs.org/fs.realpath set size:4806 disposed:false
2018 http fetch GET 200 https://registry.npmjs.org/once 72ms (cache revalidated)
2019 silly packumentCache full:https://registry.npmjs.org/once set size:11752 disposed:false
2020 http fetch GET 200 https://registry.npmjs.org/inflight 338ms (cache revalidated)
2021 silly packumentCache full:https://registry.npmjs.org/inflight set size:13140 disposed:false
2022 http fetch GET 200 https://registry.npmjs.org/path-is-absolute 338ms (cache revalidated)
2023 silly packumentCache full:https://registry.npmjs.org/path-is-absolute set size:8253 disposed:false
2024 silly placeDep ROOT fs.realpath@1.0.0 OK for: glob@7.2.3 want: ^1.0.0
2025 silly placeDep ROOT inflight@1.0.6 OK for: glob@7.2.3 want: ^1.0.4
2026 silly placeDep ROOT once@1.4.0 OK for: glob@7.2.3 want: ^1.3.0
2027 silly placeDep ROOT path-is-absolute@1.0.1 OK for: glob@7.2.3 want: ^1.0.0
2028 silly fetch manifest wrappy@1
2029 silly packumentCache full:https://registry.npmjs.org/wrappy cache-miss
2030 silly fetch manifest wrappy@1
2031 silly packumentCache full:https://registry.npmjs.org/wrappy cache-miss
2032 http fetch GET 200 https://registry.npmjs.org/wrappy 114ms (cache revalidated)
2033 silly packumentCache full:https://registry.npmjs.org/wrappy set size:7682 disposed:false
2034 http fetch GET 200 https://registry.npmjs.org/wrappy 113ms (cache revalidated)
2035 silly packumentCache full:https://registry.npmjs.org/wrappy set size:7682 disposed:false
2036 silly packumentCache full:https://registry.npmjs.org/wrappy dispose
2037 silly placeDep ROOT wrappy@1.0.2 OK for: inflight@1.0.6 want: 1
2038 silly placeDep ROOT queue-microtask@1.2.3 OK for: run-parallel@1.2.0 want: ^1.2.2
2039 silly placeDep ROOT mime@1.6.0 OK for: send@0.19.2 want: 1.6.0
2040 silly placeDep node_modules/send ms@2.1.3 OK for: send@0.19.2 want: 2.1.3
2041 silly placeDep ROOT shebang-regex@3.0.0 OK for: shebang-command@2.0.0 want: ^3.0.0
2042 silly placeDep ROOT es-errors@1.3.0 OK for: side-channel@1.1.0 want: ^1.3.0
2043 silly placeDep ROOT object-inspect@1.13.4 OK for: side-channel@1.1.0 want: ^1.13.3
2044 silly placeDep ROOT side-channel-list@1.0.1 OK for: side-channel@1.1.0 want: ^1.0.0
2045 silly placeDep ROOT side-channel-map@1.0.1 OK for: side-channel@1.1.0 want: ^1.0.1
2046 silly placeDep ROOT side-channel-weakmap@1.0.2 OK for: side-channel@1.1.0 want: ^1.0.2
2047 silly fetch manifest call-bound@^1.0.2
2048 silly packumentCache full:https://registry.npmjs.org/call-bound cache-miss
2049 silly fetch manifest get-intrinsic@^1.2.5
2050 silly packumentCache full:https://registry.npmjs.org/get-intrinsic cache-miss
2051 silly fetch manifest call-bound@^1.0.2
2052 silly packumentCache full:https://registry.npmjs.org/call-bound cache-miss
2053 silly fetch manifest get-intrinsic@^1.2.5
2054 silly packumentCache full:https://registry.npmjs.org/get-intrinsic cache-miss
2055 http fetch GET 200 https://registry.npmjs.org/get-intrinsic 64ms (cache revalidated)
2056 silly packumentCache full:https://registry.npmjs.org/get-intrinsic set size:60985 disposed:false
2057 http fetch GET 200 https://registry.npmjs.org/get-intrinsic 66ms (cache revalidated)
2058 silly packumentCache full:https://registry.npmjs.org/get-intrinsic set size:60985 disposed:false
2059 silly packumentCache full:https://registry.npmjs.org/get-intrinsic dispose
2060 http fetch GET 200 https://registry.npmjs.org/call-bound 327ms (cache revalidated)
2061 silly packumentCache full:https://registry.npmjs.org/call-bound set size:15317 disposed:false
2062 http fetch GET 200 https://registry.npmjs.org/call-bound 330ms (cache revalidated)
2063 silly packumentCache full:https://registry.npmjs.org/call-bound set size:15317 disposed:false
2064 silly packumentCache full:https://registry.npmjs.org/call-bound dispose
2065 silly placeDep ROOT call-bound@1.0.4 OK for: side-channel-map@1.0.1 want: ^1.0.2
2066 silly placeDep ROOT get-intrinsic@1.3.0 OK for: side-channel-map@1.0.1 want: ^1.2.5
2067 silly fetch manifest call-bind-apply-helpers@^1.0.2
2068 silly packumentCache full:https://registry.npmjs.org/call-bind-apply-helpers cache-miss
2069 silly fetch manifest get-intrinsic@^1.3.0
2070 silly packumentCache full:https://registry.npmjs.org/get-intrinsic cache-hit
2071 silly fetch manifest gopd@^1.2.0
2072 silly packumentCache full:https://registry.npmjs.org/gopd cache-miss
2073 silly fetch manifest hasown@^2.0.2
2074 silly packumentCache full:https://registry.npmjs.org/hasown cache-miss
2075 silly fetch manifest get-proto@^1.0.1
2076 silly packumentCache full:https://registry.npmjs.org/get-proto cache-miss
2077 silly fetch manifest has-symbols@^1.1.0
2078 silly packumentCache full:https://registry.npmjs.org/has-symbols cache-miss
2079 silly fetch manifest function-bind@^1.1.2
2080 silly packumentCache full:https://registry.npmjs.org/function-bind cache-miss
2081 silly fetch manifest es-object-atoms@^1.1.1
2082 silly packumentCache full:https://registry.npmjs.org/es-object-atoms cache-miss
2083 silly fetch manifest math-intrinsics@^1.1.0
2084 silly packumentCache full:https://registry.npmjs.org/math-intrinsics cache-miss
2085 silly fetch manifest es-define-property@^1.0.1
2086 silly packumentCache full:https://registry.npmjs.org/es-define-property cache-miss
2087 silly fetch manifest call-bind-apply-helpers@^1.0.2
2088 silly packumentCache full:https://registry.npmjs.org/call-bind-apply-helpers cache-miss
2089 http fetch GET 200 https://registry.npmjs.org/es-object-atoms 144ms (cache revalidated)
2090 silly packumentCache full:https://registry.npmjs.org/es-object-atoms set size:15304 disposed:false
2091 http fetch GET 200 https://registry.npmjs.org/gopd 145ms (cache revalidated)
2092 silly packumentCache full:https://registry.npmjs.org/gopd set size:11458 disposed:false
2093 http fetch GET 200 https://registry.npmjs.org/call-bind-apply-helpers 147ms (cache revalidated)
2094 silly packumentCache full:https://registry.npmjs.org/call-bind-apply-helpers set size:12744 disposed:false
2095 http fetch GET 200 https://registry.npmjs.org/call-bind-apply-helpers 145ms (cache revalidated)
2096 silly packumentCache full:https://registry.npmjs.org/call-bind-apply-helpers set size:12744 disposed:false
2097 silly packumentCache full:https://registry.npmjs.org/call-bind-apply-helpers dispose
2098 http fetch GET 200 https://registry.npmjs.org/es-define-property 146ms (cache revalidated)
2099 silly packumentCache full:https://registry.npmjs.org/es-define-property set size:8542 disposed:false
2100 http fetch GET 200 https://registry.npmjs.org/get-proto 147ms (cache revalidated)
2101 silly packumentCache full:https://registry.npmjs.org/get-proto set size:8300 disposed:false
2102 http fetch GET 200 https://registry.npmjs.org/hasown 147ms (cache revalidated)
2103 silly packumentCache full:https://registry.npmjs.org/hasown set size:15429 disposed:false
2104 http fetch GET 200 https://registry.npmjs.org/math-intrinsics 147ms (cache revalidated)
2105 silly packumentCache full:https://registry.npmjs.org/math-intrinsics set size:9265 disposed:false
2106 http fetch GET 200 https://registry.npmjs.org/function-bind 149ms (cache revalidated)
2107 silly packumentCache full:https://registry.npmjs.org/function-bind set size:15733 disposed:false
2108 http fetch GET 200 https://registry.npmjs.org/has-symbols 152ms (cache revalidated)
2109 silly packumentCache full:https://registry.npmjs.org/has-symbols set size:21550 disposed:false
2110 silly placeDep ROOT call-bind-apply-helpers@1.0.2 OK for: call-bound@1.0.4 want: ^1.0.2
2111 silly placeDep ROOT function-bind@1.1.2 OK for: call-bind-apply-helpers@1.0.2 want: ^1.1.2
2112 silly placeDep ROOT es-define-property@1.0.1 OK for: get-intrinsic@1.3.0 want: ^1.0.1
2113 silly placeDep ROOT es-object-atoms@1.1.1 OK for: get-intrinsic@1.3.0 want: ^1.1.1
2114 silly placeDep ROOT get-proto@1.0.1 OK for: get-intrinsic@1.3.0 want: ^1.0.1
2115 silly placeDep ROOT gopd@1.2.0 OK for: get-intrinsic@1.3.0 want: ^1.2.0
2116 silly placeDep ROOT has-symbols@1.1.0 OK for: get-intrinsic@1.3.0 want: ^1.1.0
2117 silly placeDep ROOT hasown@2.0.3 OK for: get-intrinsic@1.3.0 want: ^2.0.2
2118 silly placeDep ROOT math-intrinsics@1.1.0 OK for: get-intrinsic@1.3.0 want: ^1.1.0
2119 silly fetch manifest dunder-proto@^1.0.1
2120 silly packumentCache full:https://registry.npmjs.org/dunder-proto cache-miss
2121 http fetch GET 200 https://registry.npmjs.org/dunder-proto 108ms (cache revalidated)
2122 silly packumentCache full:https://registry.npmjs.org/dunder-proto set size:8256 disposed:false
2123 silly placeDep ROOT dunder-proto@1.0.1 OK for: get-proto@1.0.1 want: ^1.0.1
2124 silly placeDep ROOT asn1@0.2.6 OK for: sshpk@1.18.0 want: ~0.2.3
2125 silly placeDep ROOT bcrypt-pbkdf@1.0.2 OK for: sshpk@1.18.0 want: ^1.0.0
2126 silly placeDep ROOT dashdash@1.14.1 OK for: sshpk@1.18.0 want: ^1.12.0
2127 silly placeDep ROOT ecc-jsbn@0.1.2 OK for: sshpk@1.18.0 want: ~0.1.1
2128 silly placeDep ROOT getpass@0.1.7 OK for: sshpk@1.18.0 want: ^0.1.1
2129 silly placeDep ROOT jsbn@0.1.1 OK for: sshpk@1.18.0 want: ~0.1.0
2130 silly placeDep ROOT tweetnacl@0.14.5 OK for: sshpk@1.18.0 want: ~0.14.0
2131 silly fetch manifest tweetnacl@^0.14.3
2132 silly packumentCache full:https://registry.npmjs.org/tweetnacl cache-hit
2133 silly placeDep node_modules/string_decoder safe-buffer@5.1.2 OK for: string_decoder@1.1.1 want: ~5.1.0
2134 silly placeDep ROOT ansi-regex@5.0.1 OK for: strip-ansi@6.0.1 want: ^5.0.1
2135 silly placeDep ROOT has-flag@4.0.0 OK for: supports-color@7.2.0 want: ^4.0.0
2136 silly placeDep ROOT psl@1.15.0 OK for: tough-cookie@2.5.0 want: ^1.1.28
2137 silly placeDep ROOT punycode@2.3.1 OK for: tough-cookie@2.5.0 want: ^2.1.1
2138 silly fetch manifest punycode@^2.3.1
2139 silly packumentCache full:https://registry.npmjs.org/punycode cache-hit
2140 silly placeDep ROOT axios@1.15.2 OK for: twilio@5.13.1 want: ^1.13.5
2141 silly placeDep ROOT dayjs@1.11.20 OK for: twilio@5.13.1 want: ^1.11.9
2142 silly placeDep node_modules/twilio https-proxy-agent@5.0.1 OK for: twilio@5.13.1 want: ^5.0.0
2143 silly placeDep ROOT scmp@2.1.0 OK for: twilio@5.13.1 want: ^2.1.0
2144 silly placeDep ROOT xmlbuilder@13.0.2 OK for: twilio@5.13.1 want: ^13.0.2
2145 silly fetch manifest follow-redirects@^1.15.11
2146 silly packumentCache full:https://registry.npmjs.org/follow-redirects cache-miss
2147 silly fetch manifest form-data@^4.0.5
2148 silly packumentCache full:https://registry.npmjs.org/form-data cache-hit
2149 silly fetch manifest proxy-from-env@^2.1.0
2150 silly packumentCache full:https://registry.npmjs.org/proxy-from-env cache-miss
2151 silly fetch manifest agent-base@6
2152 silly packumentCache full:https://registry.npmjs.org/agent-base cache-hit
2153 http fetch GET 200 https://registry.npmjs.org/proxy-from-env 60ms (cache revalidated)
2154 silly packumentCache full:https://registry.npmjs.org/proxy-from-env set size:21422 disposed:false
2155 http fetch GET 200 https://registry.npmjs.org/follow-redirects 86ms (cache revalidated)
2156 silly packumentCache full:https://registry.npmjs.org/follow-redirects set size:188945 disposed:false
2157 silly placeDep ROOT follow-redirects@1.16.0 OK for: axios@1.15.2 want: ^1.15.11
2158 silly placeDep node_modules/axios form-data@4.0.5 OK for: axios@1.15.2 want: ^4.0.5
2159 silly placeDep ROOT proxy-from-env@2.1.0 OK for: axios@1.15.2 want: ^2.1.0
2160 silly fetch manifest es-set-tostringtag@^2.1.0
2161 silly packumentCache full:https://registry.npmjs.org/es-set-tostringtag cache-miss
2162 http fetch GET 200 https://registry.npmjs.org/es-set-tostringtag 93ms (cache revalidated)
2163 silly packumentCache full:https://registry.npmjs.org/es-set-tostringtag set size:22094 disposed:false
2164 silly placeDep ROOT media-typer@0.3.0 OK for: type-is@1.6.18 want: 0.3.0
2165 silly placeDep node_modules/verror core-util-is@1.0.2 OK for: verror@1.10.0 want: 1.0.2
2166 silly placeDep ROOT tr46@0.0.3 OK for: whatwg-url@5.0.0 want: ~0.0.3
2167 silly placeDep ROOT webidl-conversions@3.0.1 OK for: whatwg-url@5.0.0 want: ^3.0.0
2168 silly placeDep ROOT isexe@2.0.0 OK for: which@2.0.2 want: ^2.0.0
2169 silly placeDep node_modules/@aws-crypto/sha1-browser @smithy/util-buffer-from@2.2.0 OK for: @smithy/util-utf8@2.3.0 want: ^2.2.0
2170 silly fetch manifest @smithy/is-array-buffer@^2.2.0
2171 silly packumentCache full:https://registry.npmjs.org/@smithy%2fis-array-buffer cache-hit
2172 silly placeDep node_modules/@aws-crypto/sha1-browser @smithy/is-array-buffer@2.2.0 OK for: @smithy/util-buffer-from@2.2.0 want: ^2.2.0
2173 silly placeDep node_modules/@aws-crypto/sha256-browser @smithy/util-buffer-from@2.2.0 OK for: @smithy/util-utf8@2.3.0 want: ^2.2.0
2174 silly placeDep node_modules/@aws-crypto/sha256-browser @smithy/is-array-buffer@2.2.0 OK for: @smithy/util-buffer-from@2.2.0 want: ^2.2.0
2175 silly placeDep node_modules/@aws-crypto/util @smithy/util-buffer-from@2.2.0 OK for: @smithy/util-utf8@2.3.0 want: ^2.2.0
2176 silly placeDep node_modules/@aws-crypto/util @smithy/is-array-buffer@2.2.0 OK for: @smithy/util-buffer-from@2.2.0 want: ^2.2.0
2177 silly placeDep node_modules/@eslint/eslintrc ms@2.1.3 OK for: debug@4.4.3 want: ^2.1.3
2178 silly placeDep node_modules/@humanwhocodes/config-array ms@2.1.3 OK for: debug@4.4.3 want: ^2.1.3
2179 silly placeDep ROOT es-set-tostringtag@2.1.0 OK for: form-data@4.0.5 want: ^2.1.0
2180 silly fetch manifest has-tostringtag@^1.0.2
2181 silly packumentCache full:https://registry.npmjs.org/has-tostringtag cache-miss
2182 http fetch GET 200 https://registry.npmjs.org/has-tostringtag 84ms (cache revalidated)
2183 silly packumentCache full:https://registry.npmjs.org/has-tostringtag set size:13945 disposed:false
2184 silly placeDep ROOT has-tostringtag@1.0.2 OK for: es-set-tostringtag@2.1.0 want: ^1.0.2
2185 silly placeDep node_modules/eslint ms@2.1.3 OK for: debug@4.4.3 want: ^2.1.3
2186 silly placeDep node_modules/https-proxy-agent ms@2.1.3 OK for: debug@4.4.3 want: ^2.1.3
2187 silly placeDep node_modules/mongoose gaxios@5.1.3 OK for: gcp-metadata@5.3.0 want: ^5.0.0
2188 silly placeDep node_modules/mongoose https-proxy-agent@5.0.1 OK for: gaxios@5.1.3 want: ^5.0.0
2189 silly placeDep node_modules/mongoose agent-base@6.0.2 OK for: https-proxy-agent@5.0.1 want: 6
2190 silly placeDep node_modules/mongoose debug@4.4.3 OK for: https-proxy-agent@5.0.1 want: 4
2191 silly placeDep ROOT @mongodb-js/saslprep@1.4.9 OK for: mongodb@6.20.0 want: ^1.3.0
2192 silly placeDep ROOT mongodb-connection-string-url@3.0.2 OK for: mongodb@6.20.0 want: ^3.0.2
2193 silly fetch manifest sparse-bitfield@^3.0.3
2194 silly packumentCache full:https://registry.npmjs.org/sparse-bitfield cache-miss
2195 silly fetch manifest whatwg-url@^14.1.0 || ^13.0.0
2196 silly packumentCache full:https://registry.npmjs.org/whatwg-url cache-hit
2197 silly fetch manifest @types/whatwg-url@^11.0.2
2198 silly packumentCache full:https://registry.npmjs.org/@types%2fwhatwg-url cache-miss
2199 http fetch GET 200 https://registry.npmjs.org/sparse-bitfield 79ms (cache revalidated)
2200 silly packumentCache full:https://registry.npmjs.org/sparse-bitfield set size:18366 disposed:false
2201 http fetch GET 200 https://registry.npmjs.org/@types%2fwhatwg-url 345ms (cache revalidated)
2202 silly packumentCache full:https://registry.npmjs.org/@types%2fwhatwg-url set size:25750 disposed:false
2203 silly placeDep ROOT sparse-bitfield@3.0.3 OK for: @mongodb-js/saslprep@1.4.9 want: ^3.0.3
2204 silly fetch manifest memory-pager@^1.0.2
2205 silly packumentCache full:https://registry.npmjs.org/memory-pager cache-miss
2206 http fetch GET 200 https://registry.npmjs.org/memory-pager 68ms (cache revalidated)
2207 silly packumentCache full:https://registry.npmjs.org/memory-pager set size:21090 disposed:false
2208 silly placeDep ROOT @types/whatwg-url@11.0.5 OK for: mongodb-connection-string-url@3.0.2 want: ^11.0.2
2209 silly placeDep node_modules/mongodb-connection-string-url whatwg-url@14.2.0 OK for: mongodb-connection-string-url@3.0.2 want: ^14.1.0 || ^13.0.0
2210 silly fetch manifest @types/webidl-conversions@*
2211 silly packumentCache full:https://registry.npmjs.org/@types%2fwebidl-conversions cache-miss
2212 silly fetch manifest tr46@^5.1.0
2213 silly packumentCache full:https://registry.npmjs.org/tr46 cache-hit
2214 silly fetch manifest webidl-conversions@^7.0.0
2215 silly packumentCache full:https://registry.npmjs.org/webidl-conversions cache-hit
2216 http fetch GET 200 https://registry.npmjs.org/@types%2fwebidl-conversions 162ms (cache revalidated)
2217 silly packumentCache full:https://registry.npmjs.org/@types%2fwebidl-conversions set size:22935 disposed:false
2218 silly placeDep ROOT @types/webidl-conversions@7.0.3 OK for: @types/whatwg-url@11.0.5 want: *
2219 silly placeDep ROOT memory-pager@1.5.0 OK for: sparse-bitfield@3.0.3 want: ^1.0.2
2220 silly placeDep node_modules/mongodb-connection-string-url tr46@5.1.1 OK for: whatwg-url@14.2.0 want: ^5.1.0
2221 silly placeDep node_modules/mongodb-connection-string-url webidl-conversions@7.0.0 OK for: whatwg-url@14.2.0 want: ^7.0.0
2222 silly placeDep node_modules/mquery ms@2.1.3 OK for: debug@4.4.3 want: ^2.1.3
2223 silly placeDep node_modules/twilio agent-base@6.0.2 OK for: https-proxy-agent@5.0.1 want: 6
2224 silly placeDep node_modules/twilio debug@4.4.3 OK for: https-proxy-agent@5.0.1 want: 4
2225 silly placeDep node_modules/twilio ms@2.1.3 OK for: debug@4.4.3 want: ^2.1.3
2226 silly reify moves {}
2227 silly audit bulk request {
2227 silly audit   '@aws-sdk/client-s3': [ '3.1036.0' ],
2227 silly audit   '@aws-sdk/s3-request-presigner': [ '3.1036.0' ],
2227 silly audit   '@getbrevo/brevo': [ '2.5.0' ],
2227 silly audit   bcryptjs: [ '2.4.3' ],
2227 silly audit   'cookie-parser': [ '1.4.7' ],
2227 silly audit   cors: [ '2.8.6' ],
2227 silly audit   dotenv: [ '16.6.1' ],
2227 silly audit   express: [ '4.22.1' ],
2227 silly audit   'express-validator': [ '7.3.2' ],
2227 silly audit   'google-auth-library': [ '9.15.1' ],
2227 silly audit   jsonwebtoken: [ '9.0.3' ],
2227 silly audit   mongoose: [ '8.23.1' ],
2227 silly audit   multer: [ '1.4.5-lts.2' ],
2227 silly audit   stripe: [ '22.1.0' ],
2227 silly audit   twilio: [ '5.13.1' ],
2227 silly audit   '@aws-crypto/sha1-browser': [ '5.2.0' ],
2227 silly audit   '@aws-crypto/sha256-browser': [ '5.2.0' ],
2227 silly audit   '@aws-crypto/sha256-js': [ '5.2.0' ],
2227 silly audit   '@aws-sdk/core': [ '3.974.5' ],
2227 silly audit   '@aws-sdk/credential-provider-node': [ '3.972.36' ],
2227 silly audit   '@aws-sdk/middleware-bucket-endpoint': [ '3.972.10' ],
2227 silly audit   '@aws-sdk/middleware-expect-continue': [ '3.972.10' ],
2227 silly audit   '@aws-sdk/middleware-flexible-checksums': [ '3.974.13' ],
2227 silly audit   '@aws-sdk/middleware-host-header': [ '3.972.10' ],
2227 silly audit   '@aws-sdk/middleware-location-constraint': [ '3.972.10' ],
2227 silly audit   '@aws-sdk/middleware-logger': [ '3.972.10' ],
2227 silly audit   '@aws-sdk/middleware-recursion-detection': [ '3.972.11' ],
2227 silly audit   '@aws-sdk/middleware-sdk-s3': [ '3.972.34' ],
2227 silly audit   '@aws-sdk/middleware-ssec': [ '3.972.10' ],
2227 silly audit   '@aws-sdk/middleware-user-agent': [ '3.972.35' ],
2227 silly audit   '@aws-sdk/region-config-resolver': [ '3.972.13' ],
2227 silly audit   '@aws-sdk/signature-v4-multi-region': [ '3.996.22' ],
2227 silly audit   '@aws-sdk/types': [ '3.973.8' ],
2227 silly audit   '@aws-sdk/util-endpoints': [ '3.996.8' ],
2227 silly audit   '@aws-sdk/util-user-agent-browser': [ '3.972.10' ],
2227 silly audit   '@aws-sdk/util-user-agent-node': [ '3.973.21' ],
2227 silly audit   '@smithy/config-resolver': [ '4.4.17' ],
2227 silly audit   '@smithy/core': [ '3.23.17' ],
2227 silly audit   '@smithy/eventstream-serde-browser': [ '4.2.14' ],
2227 silly audit   '@smithy/eventstream-serde-config-resolver': [ '4.3.14' ],
2227 silly audit   '@smithy/eventstream-serde-node': [ '4.2.14' ],
2227 silly audit   '@smithy/fetch-http-handler': [ '5.3.17' ],
2227 silly audit   '@smithy/hash-blob-browser': [ '4.2.15' ],
2227 silly audit   '@smithy/hash-node': [ '4.2.14' ],
2227 silly audit   '@smithy/hash-stream-node': [ '4.2.14' ],
2227 silly audit   '@smithy/invalid-dependency': [ '4.2.14' ],
2227 silly audit   '@smithy/md5-js': [ '4.2.14' ],
2227 silly audit   '@smithy/middleware-content-length': [ '4.2.14' ],
2227 silly audit   '@smithy/middleware-endpoint': [ '4.4.32' ],
2227 silly audit   '@smithy/middleware-retry': [ '4.5.5' ],
2227 silly audit   '@smithy/middleware-serde': [ '4.2.20' ],
2227 silly audit   '@smithy/middleware-stack': [ '4.2.14' ],
2227 silly audit   '@smithy/node-config-provider': [ '4.3.14' ],
2227 silly audit   '@smithy/node-http-handler': [ '4.6.1' ],
2227 silly audit   '@smithy/protocol-http': [ '5.3.14' ],
2227 silly audit   '@smithy/smithy-client': [ '4.12.13' ],
2227 silly audit   '@smithy/types': [ '4.14.1' ],
2227 silly audit   '@smithy/url-parser': [ '4.2.14' ],
2227 silly audit   '@smithy/util-base64': [ '4.3.2' ],
2227 silly audit   '@smithy/util-body-length-browser': [ '4.2.2' ],
2227 silly audit   '@smithy/util-body-length-node': [ '4.2.3' ],
2227 silly audit   '@smithy/util-defaults-mode-browser': [ '4.3.49' ],
2227 silly audit   '@smithy/util-defaults-mode-node': [ '4.2.54' ],
2227 silly audit   '@smithy/util-endpoints': [ '3.4.2' ],
2227 silly audit   '@smithy/util-middleware': [ '4.2.14' ],
2227 silly audit   '@smithy/util-retry': [ '4.3.4' ],
2227 silly audit   '@smithy/util-stream': [ '4.5.25' ],
2227 silly audit   '@smithy/util-utf8': [ '4.2.2', '2.3.0' ],
2227 silly audit   '@smithy/util-waiter': [ '4.2.16' ],
2227 silly audit   tslib: [ '2.8.1' ],
2227 silly audit   '@aws-crypto/supports-web-crypto': [ '5.2.0' ],
2227 silly audit   '@aws-crypto/util': [ '5.2.0' ],
2227 silly audit   '@aws-sdk/util-locate-window': [ '3.965.5' ],
2227 silly audit   '@aws-sdk/xml-builder': [ '3.972.19' ],
2227 silly audit   '@smithy/property-provider': [ '4.2.14' ],
2227 silly audit   '@smithy/signature-v4': [ '5.3.14' ],
2227 silly audit   '@aws-sdk/credential-provider-env': [ '3.972.31' ],
2227 silly audit   '@aws-sdk/credential-provider-http': [ '3.972.33' ],
2227 silly audit   '@aws-sdk/credential-provider-ini': [ '3.972.35' ],
2227 silly audit   '@aws-sdk/credential-provider-process': [ '3.972.31' ],
2227 silly audit   '@aws-sdk/credential-provider-sso': [ '3.972.35' ],
2227 silly audit   '@aws-sdk/credential-provider-web-identity': [ '3.972.35' ],
2227 silly audit   '@smithy/credential-provider-imds': [ '4.2.14' ],
2227 silly audit   '@smithy/shared-ini-file-loader': [ '4.4.9' ],
2227 silly audit   '@aws-sdk/credential-provider-login': [ '3.972.35' ],
2227 silly audit   '@aws-sdk/nested-clients': [ '3.997.3' ],
2227 silly audit   '@aws-sdk/token-providers': [ '3.1036.0' ],
2227 silly audit   '@aws-sdk/util-arn-parser': [ '3.972.3' ],
2227 silly audit   '@smithy/util-config-provider': [ '4.2.2' ],
2227 silly audit   '@aws-crypto/crc32': [ '5.2.0' ],
2227 silly audit   '@aws-crypto/crc32c': [ '5.2.0' ],
2227 silly audit   '@aws-sdk/crc64-nvme': [ '3.972.7' ],
2227 silly audit   '@smithy/is-array-buffer': [ '4.2.2', '2.2.0' ],
2227 silly audit   '@aws/lambda-invoke-store': [ '0.2.4' ],
2227 silly audit   '@aws-sdk/util-format-url': [ '3.972.10' ],
2227 silly audit   '@smithy/querystring-builder': [ '4.2.14' ],
2227 silly audit   bowser: [ '2.14.1' ],
2227 silly audit   'fast-xml-parser': [ '5.7.1' ],
2227 silly audit   bluebird: [ '3.7.2' ],
2227 silly audit   request: [ '2.88.2' ],
2227 silly audit   rewire: [ '7.0.0' ],
2227 silly audit   '@smithy/uuid': [ '1.1.2' ],
2227 silly audit   '@smithy/eventstream-serde-universal': [ '4.2.14' ],
2227 silly audit   '@smithy/eventstream-codec': [ '4.2.14' ],
2227 silly audit   '@smithy/util-hex-encoding': [ '4.2.2' ],
2227 silly audit   '@smithy/chunked-blob-reader': [ '5.2.2' ],
2227 silly audit   '@smithy/chunked-blob-reader-native': [ '4.2.3' ],
2227 silly audit   '@smithy/util-buffer-from': [ '4.2.2', '2.2.0' ],
2227 silly audit   '@smithy/service-error-classification': [ '4.3.0' ],
2227 silly audit   '@smithy/util-uri-escape': [ '4.2.2' ],
2227 silly audit   '@smithy/querystring-parser': [ '4.2.14' ],
2227 silly audit   cookie: [ '0.7.2' ],
2227 silly audit   'cookie-signature': [ '1.0.6' ],
2227 silly audit   'object-assign': [ '4.1.1' ],
2227 silly audit   vary: [ '1.1.2' ],
2227 silly audit   accepts: [ '1.3.8' ],
2227 silly audit   'array-flatten': [ '1.1.1' ],
2227 silly audit   'body-parser': [ '1.20.4' ],
2227 silly audit   'content-disposition': [ '0.5.4' ],
2227 silly audit   'content-type': [ '1.0.5' ],
2227 silly audit   debug: [ '2.6.9', '4.4.3' ],
2227 silly audit   depd: [ '2.0.0' ],
2227 silly audit   encodeurl: [ '2.0.0' ],
2227 silly audit   'escape-html': [ '1.0.3' ],
2227 silly audit   etag: [ '1.8.1' ],
2227 silly audit   finalhandler: [ '1.3.2' ],
2227 silly audit   fresh: [ '0.5.2' ],
2227 silly audit   'http-errors': [ '2.0.1' ],
2227 silly audit   'merge-descriptors': [ '1.0.3' ],
2227 silly audit   methods: [ '1.1.2' ],
2227 silly audit   'on-finished': [ '2.4.1' ],
2227 silly audit   parseurl: [ '1.3.3' ],
2227 silly audit   'path-to-regexp': [ '0.1.13' ],
2227 silly audit   'proxy-addr': [ '2.0.7' ],
2227 silly audit   qs: [ '6.14.2', '6.5.5' ],
2227 silly audit   'range-parser': [ '1.2.1' ],
2227 silly audit   'safe-buffer': [ '5.2.1', '5.1.2' ],
2227 silly audit   send: [ '0.19.2' ],
2227 silly audit   'serve-static': [ '1.16.3' ],
2227 silly audit   setprototypeof: [ '1.2.0' ],
2227 silly audit   statuses: [ '2.0.2' ],
2227 silly audit   'type-is': [ '1.6.18' ],
2227 silly audit   'utils-merge': [ '1.0.1' ],
2227 silly audit   'mime-types': [ '2.1.35' ],
2227 silly audit   negotiator: [ '0.6.3' ],
2227 silly audit   bytes: [ '3.1.2' ],
2227 silly audit   destroy: [ '1.2.0' ],
2227 silly audit   'iconv-lite': [ '0.4.24' ],
2227 silly audit   'raw-body': [ '2.5.3' ],
2227 silly audit   unpipe: [ '1.0.0' ],
2227 silly audit   ms: [ '2.0.0', '2.1.3' ],
2227 silly audit   lodash: [ '4.18.1' ],
2227 silly audit   validator: [ '13.15.35' ],
2227 silly audit   '@nodable/entities': [ '2.1.0' ],
2227 silly audit   'fast-xml-builder': [ '1.1.5' ],
2227 silly audit   'path-expression-matcher': [ '1.5.0' ],
2227 silly audit   strnum: [ '2.2.3' ],
2227 silly audit   'base64-js': [ '1.5.1' ],
2227 silly audit   'ecdsa-sig-formatter': [ '1.0.11' ],
2227 silly audit   gaxios: [ '6.7.1', '5.1.3' ],
2227 silly audit   'gcp-metadata': [ '6.1.1', '5.3.0' ],
2227 silly audit   gtoken: [ '7.1.0' ],
2227 silly audit   jws: [ '4.0.1' ],
2227 silly audit   extend: [ '3.0.2' ],
2227 silly audit   'https-proxy-agent': [ '7.0.6', '5.0.1' ],
2227 silly audit   'is-stream': [ '2.0.1' ],
2227 silly audit   'node-fetch': [ '2.7.0' ],
2227 silly audit   uuid: [ '9.0.1', '3.4.0' ],
2227 silly audit   'google-logging-utils': [ '0.0.2' ],
2227 silly audit   'json-bigint': [ '1.0.0' ],
2227 silly audit   inherits: [ '2.0.4' ],
2227 silly audit   toidentifier: [ '1.0.1' ],
2227 silly audit   'agent-base': [ '7.1.4', '6.0.2' ],
2227 silly audit   'safer-buffer': [ '2.1.2' ],
2227 silly audit   'bignumber.js': [ '9.3.1' ],
2227 silly audit   'lodash.includes': [ '4.3.0' ],
2227 silly audit   'lodash.isboolean': [ '3.0.3' ],
2227 silly audit   'lodash.isinteger': [ '4.0.4' ],
2227 silly audit   'lodash.isnumber': [ '3.0.3' ],
2227 silly audit   'lodash.isplainobject': [ '4.0.6' ],
2227 silly audit   'lodash.isstring': [ '4.0.1' ],
2227 silly audit   'lodash.once': [ '4.1.1' ],
2227 silly audit   semver: [ '7.7.4' ],
2227 silly audit   jwa: [ '2.0.1' ],
2227 silly audit   'buffer-equal-constant-time': [ '1.0.1' ],
2227 silly audit   'mime-db': [ '1.52.0' ],
2227 silly audit   bson: [ '6.10.4' ],
2227 silly audit   kareem: [ '2.6.3' ],
2227 silly audit   mongodb: [ '6.20.0' ],
2227 silly audit   mpath: [ '0.9.0' ],
2227 silly audit   mquery: [ '5.0.0' ],
2227 silly audit   sift: [ '17.1.3' ],
2227 silly audit   'append-field': [ '1.0.0' ],
2227 silly audit   busboy: [ '1.6.0' ],
2227 silly audit   'concat-stream': [ '1.6.2' ],
2227 silly audit   mkdirp: [ '0.5.6' ],
2227 silly audit   xtend: [ '4.0.2' ],
2227 silly audit   streamsearch: [ '1.1.0' ],
2227 silly audit   'buffer-from': [ '1.1.2' ],
2227 silly audit   'readable-stream': [ '2.3.8' ],
2227 silly audit   typedarray: [ '0.0.6' ],
2227 silly audit   minimist: [ '1.2.8' ],
2227 silly audit   'whatwg-url': [ '5.0.0', '14.2.0' ],
2227 silly audit   'ee-first': [ '1.1.1' ],
2227 silly audit   forwarded: [ '0.2.0' ],
2227 silly audit   'ipaddr.js': [ '1.9.1' ],
2227 silly audit   'side-channel': [ '1.1.0' ],
2227 silly audit   'core-util-is': [ '1.0.3', '1.0.2' ],
2227 silly audit   isarray: [ '1.0.0' ],
2227 silly audit   'process-nextick-args': [ '2.0.1' ],
2227 silly audit   string_decoder: [ '1.1.1' ],
2227 silly audit   'util-deprecate': [ '1.0.2' ],
2227 silly audit   'aws-sign2': [ '0.7.0' ],
2227 silly audit   aws4: [ '1.13.2' ],
2227 silly audit   caseless: [ '0.12.0' ],
2227 silly audit   'combined-stream': [ '1.0.8' ],
2227 silly audit   'forever-agent': [ '0.6.1' ],
2227 silly audit   'form-data': [ '2.3.3', '4.0.5' ],
2227 silly audit   'har-validator': [ '5.1.5' ],
2227 silly audit   'http-signature': [ '1.2.0' ],
2227 silly audit   'is-typedarray': [ '1.0.0' ],
2227 silly audit   isstream: [ '0.1.2' ],
2227 silly audit   'json-stringify-safe': [ '5.0.1' ],
2227 silly audit   'oauth-sign': [ '0.9.0' ],
2227 silly audit   'performance-now': [ '2.1.0' ],
2227 silly audit   'tough-cookie': [ '2.5.0' ],
2227 silly audit   'tunnel-agent': [ '0.6.0' ],
2227 silly audit   'delayed-stream': [ '1.0.0' ],
2227 silly audit   asynckit: [ '0.4.0' ],
2227 silly audit   ajv: [ '6.15.0' ],
2227 silly audit   'har-schema': [ '2.0.0' ],
2227 silly audit   'fast-deep-equal': [ '3.1.3' ],
2227 silly audit   'fast-json-stable-stringify': [ '2.1.0' ],
2227 silly audit   'json-schema-traverse': [ '0.4.1' ],
2227 silly audit   'uri-js': [ '4.4.1' ],
2227 silly audit   'assert-plus': [ '1.0.0' ],
2227 silly audit   jsprim: [ '1.4.2' ],
2227 silly audit   sshpk: [ '1.18.0' ],
2227 silly audit   extsprintf: [ '1.3.0' ],
2227 silly audit   'json-schema': [ '0.4.0' ],
2227 silly audit   verror: [ '1.10.0' ],
2227 silly audit   eslint: [ '8.57.1' ],
2227 silly audit   '@eslint-community/eslint-utils': [ '4.9.1' ],
2227 silly audit   '@eslint-community/regexpp': [ '4.12.2' ],
2227 silly audit   '@eslint/eslintrc': [ '2.1.4' ],
2227 silly audit   '@eslint/js': [ '8.57.1' ],
2227 silly audit   '@humanwhocodes/config-array': [ '0.13.0' ],
2227 silly audit   '@humanwhocodes/module-importer': [ '1.0.1' ],
2227 silly audit   '@nodelib/fs.walk': [ '1.2.8' ],
2227 silly audit   '@ungap/structured-clone': [ '1.3.0' ],
2227 silly audit   chalk: [ '4.1.2' ],
2227 silly audit   'cross-spawn': [ '7.0.6' ],
2227 silly audit   doctrine: [ '3.0.0' ],
2227 silly audit   'escape-string-regexp': [ '4.0.0' ],
2227 silly audit   'eslint-scope': [ '7.2.2' ],
2227 silly audit   'eslint-visitor-keys': [ '3.4.3' ],
2227 silly audit   espree: [ '9.6.1' ],
2227 silly audit   esquery: [ '1.7.0' ],
2227 silly audit   esutils: [ '2.0.3' ],
2227 silly audit   'file-entry-cache': [ '6.0.1' ],
2227 silly audit   'find-up': [ '5.0.0' ],
2227 silly audit   'glob-parent': [ '6.0.2' ],
2227 silly audit   globals: [ '13.24.0' ],
2227 silly audit   graphemer: [ '1.4.0' ],
2227 silly audit   ignore: [ '5.3.2' ],
2227 silly audit   imurmurhash: [ '0.1.4' ],
2227 silly audit   'is-glob': [ '4.0.3' ],
2227 silly audit   'is-path-inside': [ '3.0.3' ],
2227 silly audit   'js-yaml': [ '4.1.1' ],
2227 silly audit   'json-stable-stringify-without-jsonify': [ '1.0.1' ],
2227 silly audit   levn: [ '0.4.1' ],
2227 silly audit   'lodash.merge': [ '4.6.2' ],
2227 silly audit   minimatch: [ '3.1.5' ],
2227 silly audit   'natural-compare': [ '1.4.0' ],
2227 silly audit   optionator: [ '0.9.4' ],
2227 silly audit   'strip-ansi': [ '6.0.1' ],
2227 silly audit   'text-table': [ '0.2.0' ],
2227 silly audit   'import-fresh': [ '3.3.1' ],
2227 silly audit   'strip-json-comments': [ '3.1.1' ],
2227 silly audit   '@humanwhocodes/object-schema': [ '2.0.3' ],
2227 silly audit   '@nodelib/fs.scandir': [ '2.1.5' ],
2227 silly audit   fastq: [ '1.20.1' ],
2227 silly audit   '@nodelib/fs.stat': [ '2.0.5' ],
2227 silly audit   'run-parallel': [ '1.2.0' ],
2227 silly audit   'ansi-styles': [ '4.3.0' ],
2227 silly audit   'supports-color': [ '7.2.0' ],
2227 silly audit   'color-convert': [ '2.0.1' ],
2227 silly audit   'color-name': [ '1.1.4' ],
2227 silly audit   'path-key': [ '3.1.1' ],
2227 silly audit   'shebang-command': [ '2.0.0' ],
2227 silly audit   which: [ '2.0.2' ],
2227 silly audit   esrecurse: [ '4.3.0' ],
2227 silly audit   estraverse: [ '5.3.0' ],
2227 silly audit   acorn: [ '8.16.0' ],
2227 silly audit   'acorn-jsx': [ '5.3.2' ],
2227 silly audit   reusify: [ '1.1.0' ],
2227 silly audit   'flat-cache': [ '3.2.0' ],
2227 silly audit   'locate-path': [ '6.0.0' ],
2227 silly audit   'path-exists': [ '4.0.0' ],
2227 silly audit   flatted: [ '3.4.2' ],
2227 silly audit   keyv: [ '4.5.4' ],
2227 silly audit   rimraf: [ '3.0.2' ],
2227 silly audit   'type-fest': [ '0.20.2' ],
2227 silly audit   'parent-module': [ '1.0.1' ],
2227 silly audit   'resolve-from': [ '4.0.0' ],
2227 silly audit   'is-extglob': [ '2.1.1' ],
2227 silly audit   argparse: [ '2.0.1' ],
2227 silly audit   'json-buffer': [ '3.0.1' ],
2227 silly audit   'prelude-ls': [ '1.2.1' ],
2227 silly audit   'type-check': [ '0.4.0' ],
2227 silly audit   'p-locate': [ '5.0.0' ],
2227 silly audit   'brace-expansion': [ '1.1.14' ],
2227 silly audit   'balanced-match': [ '1.0.2' ],
2227 silly audit   'concat-map': [ '0.0.1' ],
2227 silly audit   'deep-is': [ '0.1.4' ],
2227 silly audit   'fast-levenshtein': [ '2.0.6' ],
2227 silly audit   'word-wrap': [ '1.2.5' ],
2227 silly audit   'p-limit': [ '3.1.0' ],
2227 silly audit   'yocto-queue': [ '0.1.0' ],
2227 silly audit   callsites: [ '3.1.0' ],
2227 silly audit   glob: [ '7.2.3' ],
2227 silly audit   'fs.realpath': [ '1.0.0' ],
2227 silly audit   inflight: [ '1.0.6' ],
2227 silly audit   once: [ '1.4.0' ],
2227 silly audit   'path-is-absolute': [ '1.0.1' ],
2227 silly audit   wrappy: [ '1.0.2' ],
2227 silly audit   'queue-microtask': [ '1.2.3' ],
2227 silly audit   mime: [ '1.6.0' ],
2227 silly audit   'shebang-regex': [ '3.0.0' ],
2227 silly audit   'es-errors': [ '1.3.0' ],
2227 silly audit   'object-inspect': [ '1.13.4' ],
2227 silly audit   'side-channel-list': [ '1.0.1' ],
2227 silly audit   'side-channel-map': [ '1.0.1' ],
2227 silly audit   'side-channel-weakmap': [ '1.0.2' ],
2227 silly audit   'call-bound': [ '1.0.4' ],
2227 silly audit   'get-intrinsic': [ '1.3.0' ],
2227 silly audit   'call-bind-apply-helpers': [ '1.0.2' ],
2227 silly audit   'function-bind': [ '1.1.2' ],
2227 silly audit   'es-define-property': [ '1.0.1' ],
2227 silly audit   'es-object-atoms': [ '1.1.1' ],
2227 silly audit   'get-proto': [ '1.0.1' ],
2227 silly audit   gopd: [ '1.2.0' ],
2227 silly audit   'has-symbols': [ '1.1.0' ],
2227 silly audit   hasown: [ '2.0.3' ],
2227 silly audit   'math-intrinsics': [ '1.1.0' ],
2227 silly audit   'dunder-proto': [ '1.0.1' ],
2227 silly audit   asn1: [ '0.2.6' ],
2227 silly audit   'bcrypt-pbkdf': [ '1.0.2' ],
2227 silly audit   dashdash: [ '1.14.1' ],
2227 silly audit   'ecc-jsbn': [ '0.1.2' ],
2227 silly audit   getpass: [ '0.1.7' ],
2227 silly audit   jsbn: [ '0.1.1' ],
2227 silly audit   tweetnacl: [ '0.14.5' ],
2227 silly audit   'ansi-regex': [ '5.0.1' ],
2227 silly audit   'has-flag': [ '4.0.0' ],
2227 silly audit   psl: [ '1.15.0' ],
2227 silly audit   punycode: [ '2.3.1' ],
2227 silly audit   axios: [ '1.15.2' ],
2227 silly audit   dayjs: [ '1.11.20' ],
2227 silly audit   scmp: [ '2.1.0' ],
2227 silly audit   xmlbuilder: [ '13.0.2' ],
2227 silly audit   'follow-redirects': [ '1.16.0' ],
2227 silly audit   'proxy-from-env': [ '2.1.0' ],
2227 silly audit   'media-typer': [ '0.3.0' ],
2227 silly audit   tr46: [ '0.0.3', '5.1.1' ],
2227 silly audit   'webidl-conversions': [ '3.0.1', '7.0.0' ],
2227 silly audit   isexe: [ '2.0.0' ],
2227 silly audit   'es-set-tostringtag': [ '2.1.0' ],
2227 silly audit   'has-tostringtag': [ '1.0.2' ],
2227 silly audit   '@mongodb-js/saslprep': [ '1.4.9' ],
2227 silly audit   'mongodb-connection-string-url': [ '3.0.2' ],
2227 silly audit   'sparse-bitfield': [ '3.0.3' ],
2227 silly audit   '@types/whatwg-url': [ '11.0.5' ],
2227 silly audit   '@types/webidl-conversions': [ '7.0.3' ],
2227 silly audit   'memory-pager': [ '1.5.0' ]
2227 silly audit }
2228 http cache memory-pager@https://registry.npmjs.org/memory-pager/-/memory-pager-1.5.0.tgz 0ms (cache hit)
2229 http cache @types/whatwg-url@https://registry.npmjs.org/@types/whatwg-url/-/whatwg-url-11.0.5.tgz 0ms (cache hit)
2230 http cache mongodb-connection-string-url@https://registry.npmjs.org/mongodb-connection-string-url/-/mongodb-connection-string-url-3.0.2.tgz 0ms (cache hit)
2231 http cache sparse-bitfield@https://registry.npmjs.org/sparse-bitfield/-/sparse-bitfield-3.0.3.tgz 0ms (cache hit)
2232 http cache @mongodb-js/saslprep@https://registry.npmjs.org/@mongodb-js/saslprep/-/saslprep-1.4.9.tgz 0ms (cache hit)
2233 http cache has-tostringtag@https://registry.npmjs.org/has-tostringtag/-/has-tostringtag-1.0.2.tgz 0ms (cache hit)
2234 http cache es-set-tostringtag@https://registry.npmjs.org/es-set-tostringtag/-/es-set-tostringtag-2.1.0.tgz 0ms (cache hit)
2235 http cache webidl-conversions@https://registry.npmjs.org/webidl-conversions/-/webidl-conversions-3.0.1.tgz 0ms (cache hit)
2236 http cache @types/webidl-conversions@https://registry.npmjs.org/@types/webidl-conversions/-/webidl-conversions-7.0.3.tgz 0ms (cache hit)
2237 http cache tr46@https://registry.npmjs.org/tr46/-/tr46-0.0.3.tgz 0ms (cache hit)
2238 http cache proxy-from-env@https://registry.npmjs.org/proxy-from-env/-/proxy-from-env-2.1.0.tgz 0ms (cache hit)
2239 http cache follow-redirects@https://registry.npmjs.org/follow-redirects/-/follow-redirects-1.16.0.tgz 0ms (cache hit)
2240 http cache isexe@https://registry.npmjs.org/isexe/-/isexe-2.0.0.tgz 0ms (cache hit)
2241 http cache xmlbuilder@https://registry.npmjs.org/xmlbuilder/-/xmlbuilder-13.0.2.tgz 0ms (cache hit)
2242 http cache scmp@https://registry.npmjs.org/scmp/-/scmp-2.1.0.tgz 0ms (cache hit)
2243 http cache media-typer@https://registry.npmjs.org/media-typer/-/media-typer-0.3.0.tgz 0ms (cache hit)
2244 http cache axios@https://registry.npmjs.org/axios/-/axios-1.15.2.tgz 0ms (cache hit)
2245 http cache psl@https://registry.npmjs.org/psl/-/psl-1.15.0.tgz 0ms (cache hit)
2246 http cache dayjs@https://registry.npmjs.org/dayjs/-/dayjs-1.11.20.tgz 0ms (cache hit)
2247 http cache ansi-regex@https://registry.npmjs.org/ansi-regex/-/ansi-regex-5.0.1.tgz 0ms (cache hit)
2248 http cache punycode@https://registry.npmjs.org/punycode/-/punycode-2.3.1.tgz 0ms (cache hit)
2249 http cache tweetnacl@https://registry.npmjs.org/tweetnacl/-/tweetnacl-0.14.5.tgz 0ms (cache hit)
2250 http cache jsbn@https://registry.npmjs.org/jsbn/-/jsbn-0.1.1.tgz 0ms (cache hit)
2251 http cache getpass@https://registry.npmjs.org/getpass/-/getpass-0.1.7.tgz 0ms (cache hit)
2252 http cache ecc-jsbn@https://registry.npmjs.org/ecc-jsbn/-/ecc-jsbn-0.1.2.tgz 0ms (cache hit)
2253 http cache dashdash@https://registry.npmjs.org/dashdash/-/dashdash-1.14.1.tgz 0ms (cache hit)
2254 http cache asn1@https://registry.npmjs.org/asn1/-/asn1-0.2.6.tgz 0ms (cache hit)
2255 http cache math-intrinsics@https://registry.npmjs.org/math-intrinsics/-/math-intrinsics-1.1.0.tgz 0ms (cache hit)
2256 http cache has-flag@https://registry.npmjs.org/has-flag/-/has-flag-4.0.0.tgz 0ms (cache hit)
2257 http cache bcrypt-pbkdf@https://registry.npmjs.org/bcrypt-pbkdf/-/bcrypt-pbkdf-1.0.2.tgz 0ms (cache hit)
2258 http cache dunder-proto@https://registry.npmjs.org/dunder-proto/-/dunder-proto-1.0.1.tgz 0ms (cache hit)
2259 http cache has-symbols@https://registry.npmjs.org/has-symbols/-/has-symbols-1.1.0.tgz 0ms (cache hit)
2260 http cache es-object-atoms@https://registry.npmjs.org/es-object-atoms/-/es-object-atoms-1.1.1.tgz 0ms (cache hit)
2261 http cache get-proto@https://registry.npmjs.org/get-proto/-/get-proto-1.0.1.tgz 0ms (cache hit)
2262 http cache hasown@https://registry.npmjs.org/hasown/-/hasown-2.0.3.tgz 0ms (cache hit)
2263 http cache call-bind-apply-helpers@https://registry.npmjs.org/call-bind-apply-helpers/-/call-bind-apply-helpers-1.0.2.tgz 0ms (cache hit)
2264 http cache get-intrinsic@https://registry.npmjs.org/get-intrinsic/-/get-intrinsic-1.3.0.tgz 0ms (cache hit)
2265 http cache gopd@https://registry.npmjs.org/gopd/-/gopd-1.2.0.tgz 0ms (cache hit)
2266 http cache function-bind@https://registry.npmjs.org/function-bind/-/function-bind-1.1.2.tgz 0ms (cache hit)
2267 http cache es-define-property@https://registry.npmjs.org/es-define-property/-/es-define-property-1.0.1.tgz 0ms (cache hit)
2268 http cache side-channel-weakmap@https://registry.npmjs.org/side-channel-weakmap/-/side-channel-weakmap-1.0.2.tgz 0ms (cache hit)
2269 http cache side-channel-map@https://registry.npmjs.org/side-channel-map/-/side-channel-map-1.0.1.tgz 0ms (cache hit)
2270 http cache call-bound@https://registry.npmjs.org/call-bound/-/call-bound-1.0.4.tgz 0ms (cache hit)
2271 http cache object-inspect@https://registry.npmjs.org/object-inspect/-/object-inspect-1.13.4.tgz 0ms (cache hit)
2272 http cache side-channel-list@https://registry.npmjs.org/side-channel-list/-/side-channel-list-1.0.1.tgz 0ms (cache hit)
2273 http cache es-errors@https://registry.npmjs.org/es-errors/-/es-errors-1.3.0.tgz 0ms (cache hit)
2274 http cache mime@https://registry.npmjs.org/mime/-/mime-1.6.0.tgz 0ms (cache hit)
2275 http cache queue-microtask@https://registry.npmjs.org/queue-microtask/-/queue-microtask-1.2.3.tgz 0ms (cache hit)
2276 http cache wrappy@https://registry.npmjs.org/wrappy/-/wrappy-1.0.2.tgz 0ms (cache hit)
2277 http cache path-is-absolute@https://registry.npmjs.org/path-is-absolute/-/path-is-absolute-1.0.1.tgz 0ms (cache hit)
2278 http cache inflight@https://registry.npmjs.org/inflight/-/inflight-1.0.6.tgz 0ms (cache hit)
2279 http cache shebang-regex@https://registry.npmjs.org/shebang-regex/-/shebang-regex-3.0.0.tgz 0ms (cache hit)
2280 http cache glob@https://registry.npmjs.org/glob/-/glob-7.2.3.tgz 0ms (cache hit)
2281 http cache yocto-queue@https://registry.npmjs.org/yocto-queue/-/yocto-queue-0.1.0.tgz 0ms (cache hit)
2282 http cache once@https://registry.npmjs.org/once/-/once-1.4.0.tgz 0ms (cache hit)
2283 http cache fs.realpath@https://registry.npmjs.org/fs.realpath/-/fs.realpath-1.0.0.tgz 0ms (cache hit)
2284 http cache callsites@https://registry.npmjs.org/callsites/-/callsites-3.1.0.tgz 0ms (cache hit)
2285 http cache fast-levenshtein@https://registry.npmjs.org/fast-levenshtein/-/fast-levenshtein-2.0.6.tgz 0ms (cache hit)
2286 http cache balanced-match@https://registry.npmjs.org/balanced-match/-/balanced-match-1.0.2.tgz 0ms (cache hit)
2287 http cache word-wrap@https://registry.npmjs.org/word-wrap/-/word-wrap-1.2.5.tgz 0ms (cache hit)
2288 http cache deep-is@https://registry.npmjs.org/deep-is/-/deep-is-0.1.4.tgz 0ms (cache hit)
2289 http cache brace-expansion@https://registry.npmjs.org/brace-expansion/-/brace-expansion-1.1.14.tgz 0ms (cache hit)
2290 http cache prelude-ls@https://registry.npmjs.org/prelude-ls/-/prelude-ls-1.2.1.tgz 0ms (cache hit)
2291 http cache p-locate@https://registry.npmjs.org/p-locate/-/p-locate-5.0.0.tgz 0ms (cache hit)
2292 http cache concat-map@https://registry.npmjs.org/concat-map/-/concat-map-0.0.1.tgz 0ms (cache hit)
2293 http cache type-check@https://registry.npmjs.org/type-check/-/type-check-0.4.0.tgz 0ms (cache hit)
2294 http cache is-extglob@https://registry.npmjs.org/is-extglob/-/is-extglob-2.1.1.tgz 0ms (cache hit)
2295 http cache resolve-from@https://registry.npmjs.org/resolve-from/-/resolve-from-4.0.0.tgz 0ms (cache hit)
2296 http cache p-limit@https://registry.npmjs.org/p-limit/-/p-limit-3.1.0.tgz 0ms (cache hit)
2297 http cache rimraf@https://registry.npmjs.org/rimraf/-/rimraf-3.0.2.tgz 0ms (cache hit)
2298 http cache parent-module@https://registry.npmjs.org/parent-module/-/parent-module-1.0.1.tgz 0ms (cache hit)
2299 http cache argparse@https://registry.npmjs.org/argparse/-/argparse-2.0.1.tgz 0ms (cache hit)
2300 http cache path-exists@https://registry.npmjs.org/path-exists/-/path-exists-4.0.0.tgz 0ms (cache hit)
2301 http cache json-buffer@https://registry.npmjs.org/json-buffer/-/json-buffer-3.0.1.tgz 0ms (cache hit)
2302 http cache locate-path@https://registry.npmjs.org/locate-path/-/locate-path-6.0.0.tgz 0ms (cache hit)
2303 http cache flat-cache@https://registry.npmjs.org/flat-cache/-/flat-cache-3.2.0.tgz 0ms (cache hit)
2304 http cache keyv@https://registry.npmjs.org/keyv/-/keyv-4.5.4.tgz 0ms (cache hit)
2305 http cache acorn-jsx@https://registry.npmjs.org/acorn-jsx/-/acorn-jsx-5.3.2.tgz 0ms (cache hit)
2306 http cache reusify@https://registry.npmjs.org/reusify/-/reusify-1.1.0.tgz 0ms (cache hit)
2307 http cache flatted@https://registry.npmjs.org/flatted/-/flatted-3.4.2.tgz 0ms (cache hit)
2308 http cache esrecurse@https://registry.npmjs.org/esrecurse/-/esrecurse-4.3.0.tgz 0ms (cache hit)
2309 http cache shebang-command@https://registry.npmjs.org/shebang-command/-/shebang-command-2.0.0.tgz 0ms (cache hit)
2310 http cache path-key@https://registry.npmjs.org/path-key/-/path-key-3.1.1.tgz 0ms (cache hit)
2311 http cache color-name@https://registry.npmjs.org/color-name/-/color-name-1.1.4.tgz 0ms (cache hit)
2312 http cache acorn@https://registry.npmjs.org/acorn/-/acorn-8.16.0.tgz 0ms (cache hit)
2313 http cache type-fest@https://registry.npmjs.org/type-fest/-/type-fest-0.20.2.tgz 0ms (cache hit)
2314 http cache estraverse@https://registry.npmjs.org/estraverse/-/estraverse-5.3.0.tgz 0ms (cache hit)
2315 http cache which@https://registry.npmjs.org/which/-/which-2.0.2.tgz 0ms (cache hit)
2316 http cache supports-color@https://registry.npmjs.org/supports-color/-/supports-color-7.2.0.tgz 0ms (cache hit)
2317 http cache run-parallel@https://registry.npmjs.org/run-parallel/-/run-parallel-1.2.0.tgz 0ms (cache hit)
2318 http cache ansi-styles@https://registry.npmjs.org/ansi-styles/-/ansi-styles-4.3.0.tgz 0ms (cache hit)
2319 http cache color-convert@https://registry.npmjs.org/color-convert/-/color-convert-2.0.1.tgz 0ms (cache hit)
2320 http cache @nodelib/fs.stat@https://registry.npmjs.org/@nodelib/fs.stat/-/fs.stat-2.0.5.tgz 0ms (cache hit)
2321 http cache @humanwhocodes/object-schema@https://registry.npmjs.org/@humanwhocodes/object-schema/-/object-schema-2.0.3.tgz 0ms (cache hit)
2322 http cache @nodelib/fs.scandir@https://registry.npmjs.org/@nodelib/fs.scandir/-/fs.scandir-2.1.5.tgz 0ms (cache hit)
2323 http cache strip-json-comments@https://registry.npmjs.org/strip-json-comments/-/strip-json-comments-3.1.1.tgz 0ms (cache hit)
2324 http cache optionator@https://registry.npmjs.org/optionator/-/optionator-0.9.4.tgz 0ms (cache hit)
2325 http cache fastq@https://registry.npmjs.org/fastq/-/fastq-1.20.1.tgz 0ms (cache hit)
2326 http cache strip-ansi@https://registry.npmjs.org/strip-ansi/-/strip-ansi-6.0.1.tgz 0ms (cache hit)
2327 http cache text-table@https://registry.npmjs.org/text-table/-/text-table-0.2.0.tgz 0ms (cache hit)
2328 http cache lodash.merge@https://registry.npmjs.org/lodash.merge/-/lodash.merge-4.6.2.tgz 0ms (cache hit)
2329 http cache minimatch@https://registry.npmjs.org/minimatch/-/minimatch-3.1.5.tgz 0ms (cache hit)
2330 http cache levn@https://registry.npmjs.org/levn/-/levn-0.4.1.tgz 0ms (cache hit)
2331 http cache import-fresh@https://registry.npmjs.org/import-fresh/-/import-fresh-3.3.1.tgz 0ms (cache hit)
2332 http cache natural-compare@https://registry.npmjs.org/natural-compare/-/natural-compare-1.4.0.tgz 0ms (cache hit)
2333 http cache json-stable-stringify-without-jsonify@https://registry.npmjs.org/json-stable-stringify-without-jsonify/-/json-stable-stringify-without-jsonify-1.0.1.tgz 0ms (cache hit)
2334 http cache is-glob@https://registry.npmjs.org/is-glob/-/is-glob-4.0.3.tgz 0ms (cache hit)
2335 http cache is-path-inside@https://registry.npmjs.org/is-path-inside/-/is-path-inside-3.0.3.tgz 0ms (cache hit)
2336 http cache ignore@https://registry.npmjs.org/ignore/-/ignore-5.3.2.tgz 0ms (cache hit)
2337 http cache js-yaml@https://registry.npmjs.org/js-yaml/-/js-yaml-4.1.1.tgz 0ms (cache hit)
2338 http cache imurmurhash@https://registry.npmjs.org/imurmurhash/-/imurmurhash-0.1.4.tgz 0ms (cache hit)
2339 http cache glob-parent@https://registry.npmjs.org/glob-parent/-/glob-parent-6.0.2.tgz 0ms (cache hit)
2340 http cache graphemer@https://registry.npmjs.org/graphemer/-/graphemer-1.4.0.tgz 0ms (cache hit)
2341 http cache file-entry-cache@https://registry.npmjs.org/file-entry-cache/-/file-entry-cache-6.0.1.tgz 0ms (cache hit)
2342 http cache esquery@https://registry.npmjs.org/esquery/-/esquery-1.7.0.tgz 0ms (cache hit)
2343 http cache espree@https://registry.npmjs.org/espree/-/espree-9.6.1.tgz 0ms (cache hit)
2344 http cache eslint-scope@https://registry.npmjs.org/eslint-scope/-/eslint-scope-7.2.2.tgz 0ms (cache hit)
2345 http cache globals@https://registry.npmjs.org/globals/-/globals-13.24.0.tgz 0ms (cache hit)
2346 http cache esutils@https://registry.npmjs.org/esutils/-/esutils-2.0.3.tgz 0ms (cache hit)
2347 http cache escape-string-regexp@https://registry.npmjs.org/escape-string-regexp/-/escape-string-regexp-4.0.0.tgz 0ms (cache hit)
2348 http cache eslint-visitor-keys@https://registry.npmjs.org/eslint-visitor-keys/-/eslint-visitor-keys-3.4.3.tgz 0ms (cache hit)
2349 http cache doctrine@https://registry.npmjs.org/doctrine/-/doctrine-3.0.0.tgz 0ms (cache hit)
2350 http cache @nodelib/fs.walk@https://registry.npmjs.org/@nodelib/fs.walk/-/fs.walk-1.2.8.tgz 0ms (cache hit)
2351 http cache @ungap/structured-clone@https://registry.npmjs.org/@ungap/structured-clone/-/structured-clone-1.3.0.tgz 0ms (cache hit)
2352 http cache find-up@https://registry.npmjs.org/find-up/-/find-up-5.0.0.tgz 0ms (cache hit)
2353 http cache chalk@https://registry.npmjs.org/chalk/-/chalk-4.1.2.tgz 0ms (cache hit)
2354 http cache @eslint/js@https://registry.npmjs.org/@eslint/js/-/js-8.57.1.tgz 0ms (cache hit)
2355 http cache cross-spawn@https://registry.npmjs.org/cross-spawn/-/cross-spawn-7.0.6.tgz 0ms (cache hit)
2356 http cache @humanwhocodes/config-array@https://registry.npmjs.org/@humanwhocodes/config-array/-/config-array-0.13.0.tgz 0ms (cache hit)
2357 http cache @eslint/eslintrc@https://registry.npmjs.org/@eslint/eslintrc/-/eslintrc-2.1.4.tgz 0ms (cache hit)
2358 http cache @humanwhocodes/module-importer@https://registry.npmjs.org/@humanwhocodes/module-importer/-/module-importer-1.0.1.tgz 0ms (cache hit)
2359 http cache json-schema@https://registry.npmjs.org/json-schema/-/json-schema-0.4.0.tgz 0ms (cache hit)
2360 http cache verror@https://registry.npmjs.org/verror/-/verror-1.10.0.tgz 0ms (cache hit)
2361 http cache extsprintf@https://registry.npmjs.org/extsprintf/-/extsprintf-1.3.0.tgz 0ms (cache hit)
2362 http cache eslint@https://registry.npmjs.org/eslint/-/eslint-8.57.1.tgz 0ms (cache hit)
2363 http cache @eslint-community/regexpp@https://registry.npmjs.org/@eslint-community/regexpp/-/regexpp-4.12.2.tgz 0ms (cache hit)
2364 http cache @eslint-community/eslint-utils@https://registry.npmjs.org/@eslint-community/eslint-utils/-/eslint-utils-4.9.1.tgz 0ms (cache hit)
2365 http cache sshpk@https://registry.npmjs.org/sshpk/-/sshpk-1.18.0.tgz 0ms (cache hit)
2366 http cache uri-js@https://registry.npmjs.org/uri-js/-/uri-js-4.4.1.tgz 0ms (cache hit)
2367 http cache jsprim@https://registry.npmjs.org/jsprim/-/jsprim-1.4.2.tgz 0ms (cache hit)
2368 http cache json-schema-traverse@https://registry.npmjs.org/json-schema-traverse/-/json-schema-traverse-0.4.1.tgz 0ms (cache hit)
2369 http cache assert-plus@https://registry.npmjs.org/assert-plus/-/assert-plus-1.0.0.tgz 0ms (cache hit)
2370 http cache fast-json-stable-stringify@https://registry.npmjs.org/fast-json-stable-stringify/-/fast-json-stable-stringify-2.1.0.tgz 0ms (cache hit)
2371 http cache fast-deep-equal@https://registry.npmjs.org/fast-deep-equal/-/fast-deep-equal-3.1.3.tgz 0ms (cache hit)
2372 http cache asynckit@https://registry.npmjs.org/asynckit/-/asynckit-0.4.0.tgz 0ms (cache hit)
2373 http cache delayed-stream@https://registry.npmjs.org/delayed-stream/-/delayed-stream-1.0.0.tgz 0ms (cache hit)
2374 http cache ajv@https://registry.npmjs.org/ajv/-/ajv-6.15.0.tgz 0ms (cache hit)
2375 http cache tunnel-agent@https://registry.npmjs.org/tunnel-agent/-/tunnel-agent-0.6.0.tgz 0ms (cache hit)
2376 http cache har-schema@https://registry.npmjs.org/har-schema/-/har-schema-2.0.0.tgz 0ms (cache hit)
2377 http cache isstream@https://registry.npmjs.org/isstream/-/isstream-0.1.2.tgz 0ms (cache hit)
2378 http cache oauth-sign@https://registry.npmjs.org/oauth-sign/-/oauth-sign-0.9.0.tgz 0ms (cache hit)
2379 http cache performance-now@https://registry.npmjs.org/performance-now/-/performance-now-2.1.0.tgz 0ms (cache hit)
2380 http cache tough-cookie@https://registry.npmjs.org/tough-cookie/-/tough-cookie-2.5.0.tgz 0ms (cache hit)
2381 http cache form-data@https://registry.npmjs.org/form-data/-/form-data-2.3.3.tgz 0ms (cache hit)
2382 http cache json-stringify-safe@https://registry.npmjs.org/json-stringify-safe/-/json-stringify-safe-5.0.1.tgz 0ms (cache hit)
2383 http cache forever-agent@https://registry.npmjs.org/forever-agent/-/forever-agent-0.6.1.tgz 0ms (cache hit)
2384 http cache http-signature@https://registry.npmjs.org/http-signature/-/http-signature-1.2.0.tgz 0ms (cache hit)
2385 http cache combined-stream@https://registry.npmjs.org/combined-stream/-/combined-stream-1.0.8.tgz 0ms (cache hit)
2386 http cache har-validator@https://registry.npmjs.org/har-validator/-/har-validator-5.1.5.tgz 0ms (cache hit)
2387 http cache aws-sign2@https://registry.npmjs.org/aws-sign2/-/aws-sign2-0.7.0.tgz 0ms (cache hit)
2388 http cache aws4@https://registry.npmjs.org/aws4/-/aws4-1.13.2.tgz 0ms (cache hit)
2389 http cache caseless@https://registry.npmjs.org/caseless/-/caseless-0.12.0.tgz 0ms (cache hit)
2390 http cache string_decoder@https://registry.npmjs.org/string_decoder/-/string_decoder-1.1.1.tgz 0ms (cache hit)
2391 http cache is-typedarray@https://registry.npmjs.org/is-typedarray/-/is-typedarray-1.0.0.tgz 0ms (cache hit)
2392 http cache process-nextick-args@https://registry.npmjs.org/process-nextick-args/-/process-nextick-args-2.0.1.tgz 0ms (cache hit)
2393 http cache core-util-is@https://registry.npmjs.org/core-util-is/-/core-util-is-1.0.3.tgz 0ms (cache hit)
2394 http cache util-deprecate@https://registry.npmjs.org/util-deprecate/-/util-deprecate-1.0.2.tgz 0ms (cache hit)
2395 http cache side-channel@https://registry.npmjs.org/side-channel/-/side-channel-1.1.0.tgz 0ms (cache hit)
2396 http cache isarray@https://registry.npmjs.org/isarray/-/isarray-1.0.0.tgz 0ms (cache hit)
2397 http cache ee-first@https://registry.npmjs.org/ee-first/-/ee-first-1.1.1.tgz 0ms (cache hit)
2398 http cache ipaddr.js@https://registry.npmjs.org/ipaddr.js/-/ipaddr.js-1.9.1.tgz 0ms (cache hit)
2399 http cache forwarded@https://registry.npmjs.org/forwarded/-/forwarded-0.2.0.tgz 0ms (cache hit)
2400 http cache typedarray@https://registry.npmjs.org/typedarray/-/typedarray-0.0.6.tgz 0ms (cache hit)
2401 http cache minimist@https://registry.npmjs.org/minimist/-/minimist-1.2.8.tgz 0ms (cache hit)
2402 http cache buffer-from@https://registry.npmjs.org/buffer-from/-/buffer-from-1.1.2.tgz 0ms (cache hit)
2403 http cache whatwg-url@https://registry.npmjs.org/whatwg-url/-/whatwg-url-5.0.0.tgz 0ms (cache hit)
2404 http cache xtend@https://registry.npmjs.org/xtend/-/xtend-4.0.2.tgz 0ms (cache hit)
2405 http cache streamsearch@https://registry.npmjs.org/streamsearch/-/streamsearch-1.1.0.tgz 0ms (cache hit)
2406 http cache mkdirp@https://registry.npmjs.org/mkdirp/-/mkdirp-0.5.6.tgz 0ms (cache hit)
2407 http cache readable-stream@https://registry.npmjs.org/readable-stream/-/readable-stream-2.3.8.tgz 0ms (cache hit)
2408 http cache mpath@https://registry.npmjs.org/mpath/-/mpath-0.9.0.tgz 0ms (cache hit)
2409 http cache concat-stream@https://registry.npmjs.org/concat-stream/-/concat-stream-1.6.2.tgz 0ms (cache hit)
2410 http cache sift@https://registry.npmjs.org/sift/-/sift-17.1.3.tgz 0ms (cache hit)
2411 http cache busboy@https://registry.npmjs.org/busboy/-/busboy-1.6.0.tgz 0ms (cache hit)
2412 http cache mquery@https://registry.npmjs.org/mquery/-/mquery-5.0.0.tgz 0ms (cache hit)
2413 http cache append-field@https://registry.npmjs.org/append-field/-/append-field-1.0.0.tgz 1ms (cache hit)
2414 http cache mime-db@https://registry.npmjs.org/mime-db/-/mime-db-1.52.0.tgz 0ms (cache hit)
2415 http cache bson@https://registry.npmjs.org/bson/-/bson-6.10.4.tgz 0ms (cache hit)
2416 http cache buffer-equal-constant-time@https://registry.npmjs.org/buffer-equal-constant-time/-/buffer-equal-constant-time-1.0.1.tgz 0ms (cache hit)
2417 http cache semver@https://registry.npmjs.org/semver/-/semver-7.7.4.tgz 0ms (cache hit)
2418 http cache lodash.once@https://registry.npmjs.org/lodash.once/-/lodash.once-4.1.1.tgz 0ms (cache hit)
2419 http cache kareem@https://registry.npmjs.org/kareem/-/kareem-2.6.3.tgz 0ms (cache hit)
2420 http cache lodash.isnumber@https://registry.npmjs.org/lodash.isnumber/-/lodash.isnumber-3.0.3.tgz 0ms (cache hit)
2421 http cache jwa@https://registry.npmjs.org/jwa/-/jwa-2.0.1.tgz 0ms (cache hit)
2422 http cache lodash.isinteger@https://registry.npmjs.org/lodash.isinteger/-/lodash.isinteger-4.0.4.tgz 0ms (cache hit)
2423 http cache bignumber.js@https://registry.npmjs.org/bignumber.js/-/bignumber.js-9.3.1.tgz 0ms (cache hit)
2424 http cache safer-buffer@https://registry.npmjs.org/safer-buffer/-/safer-buffer-2.1.2.tgz 0ms (cache hit)
2425 http cache lodash.isplainobject@https://registry.npmjs.org/lodash.isplainobject/-/lodash.isplainobject-4.0.6.tgz 0ms (cache hit)
2426 http cache lodash.isstring@https://registry.npmjs.org/lodash.isstring/-/lodash.isstring-4.0.1.tgz 0ms (cache hit)
2427 http cache inherits@https://registry.npmjs.org/inherits/-/inherits-2.0.4.tgz 0ms (cache hit)
2428 http cache lodash.isboolean@https://registry.npmjs.org/lodash.isboolean/-/lodash.isboolean-3.0.3.tgz 0ms (cache hit)
2429 http cache lodash.includes@https://registry.npmjs.org/lodash.includes/-/lodash.includes-4.3.0.tgz 0ms (cache hit)
2430 http cache google-logging-utils@https://registry.npmjs.org/google-logging-utils/-/google-logging-utils-0.0.2.tgz 0ms (cache hit)
2431 http cache agent-base@https://registry.npmjs.org/agent-base/-/agent-base-7.1.4.tgz 0ms (cache hit)
2432 http cache json-bigint@https://registry.npmjs.org/json-bigint/-/json-bigint-1.0.0.tgz 0ms (cache hit)
2433 http cache toidentifier@https://registry.npmjs.org/toidentifier/-/toidentifier-1.0.1.tgz 0ms (cache hit)
2434 http cache uuid@https://registry.npmjs.org/uuid/-/uuid-9.0.1.tgz 0ms (cache hit)
2435 http cache node-fetch@https://registry.npmjs.org/node-fetch/-/node-fetch-2.7.0.tgz 0ms (cache hit)
2436 http cache gtoken@https://registry.npmjs.org/gtoken/-/gtoken-7.1.0.tgz 0ms (cache hit)
2437 http cache is-stream@https://registry.npmjs.org/is-stream/-/is-stream-2.0.1.tgz 0ms (cache hit)
2438 http cache https-proxy-agent@https://registry.npmjs.org/https-proxy-agent/-/https-proxy-agent-7.0.6.tgz 0ms (cache hit)
2439 http cache jws@https://registry.npmjs.org/jws/-/jws-4.0.1.tgz 0ms (cache hit)
2440 http cache gcp-metadata@https://registry.npmjs.org/gcp-metadata/-/gcp-metadata-6.1.1.tgz 0ms (cache hit)
2441 http cache ecdsa-sig-formatter@https://registry.npmjs.org/ecdsa-sig-formatter/-/ecdsa-sig-formatter-1.0.11.tgz 0ms (cache hit)
2442 http cache extend@https://registry.npmjs.org/extend/-/extend-3.0.2.tgz 0ms (cache hit)
2443 http cache strnum@https://registry.npmjs.org/strnum/-/strnum-2.2.3.tgz 0ms (cache hit)
2444 http cache path-expression-matcher@https://registry.npmjs.org/path-expression-matcher/-/path-expression-matcher-1.5.0.tgz 0ms (cache hit)
2445 http cache gaxios@https://registry.npmjs.org/gaxios/-/gaxios-6.7.1.tgz 0ms (cache hit)
2446 http cache validator@https://registry.npmjs.org/validator/-/validator-13.15.35.tgz 0ms (cache hit)
2447 http cache base64-js@https://registry.npmjs.org/base64-js/-/base64-js-1.5.1.tgz 0ms (cache hit)
2448 http cache lodash@https://registry.npmjs.org/lodash/-/lodash-4.18.1.tgz 0ms (cache hit)
2449 http cache unpipe@https://registry.npmjs.org/unpipe/-/unpipe-1.0.0.tgz 0ms (cache hit)
2450 http cache raw-body@https://registry.npmjs.org/raw-body/-/raw-body-2.5.3.tgz 0ms (cache hit)
2451 http cache @nodable/entities@https://registry.npmjs.org/@nodable/entities/-/entities-2.1.0.tgz 0ms (cache hit)
2452 http cache ms@https://registry.npmjs.org/ms/-/ms-2.0.0.tgz 0ms (cache hit)
2453 http cache destroy@https://registry.npmjs.org/destroy/-/destroy-1.2.0.tgz 0ms (cache hit)
2454 http cache iconv-lite@https://registry.npmjs.org/iconv-lite/-/iconv-lite-0.4.24.tgz 0ms (cache hit)
2455 http cache bytes@https://registry.npmjs.org/bytes/-/bytes-3.1.2.tgz 0ms (cache hit)
2456 http cache mime-types@https://registry.npmjs.org/mime-types/-/mime-types-2.1.35.tgz 0ms (cache hit)
2457 http cache negotiator@https://registry.npmjs.org/negotiator/-/negotiator-0.6.3.tgz 0ms (cache hit)
2458 http cache utils-merge@https://registry.npmjs.org/utils-merge/-/utils-merge-1.0.1.tgz 0ms (cache hit)
2459 http cache fast-xml-builder@https://registry.npmjs.org/fast-xml-builder/-/fast-xml-builder-1.1.5.tgz 0ms (cache hit)
2460 http cache type-is@https://registry.npmjs.org/type-is/-/type-is-1.6.18.tgz 0ms (cache hit)
2461 http cache statuses@https://registry.npmjs.org/statuses/-/statuses-2.0.2.tgz 0ms (cache hit)
2462 http cache setprototypeof@https://registry.npmjs.org/setprototypeof/-/setprototypeof-1.2.0.tgz 0ms (cache hit)
2463 http cache range-parser@https://registry.npmjs.org/range-parser/-/range-parser-1.2.1.tgz 0ms (cache hit)
2464 http cache serve-static@https://registry.npmjs.org/serve-static/-/serve-static-1.16.3.tgz 0ms (cache hit)
2465 http cache qs@https://registry.npmjs.org/qs/-/qs-6.14.2.tgz 0ms (cache hit)
2466 http cache proxy-addr@https://registry.npmjs.org/proxy-addr/-/proxy-addr-2.0.7.tgz 0ms (cache hit)
2467 http cache safe-buffer@https://registry.npmjs.org/safe-buffer/-/safe-buffer-5.2.1.tgz 0ms (cache hit)
2468 http cache methods@https://registry.npmjs.org/methods/-/methods-1.1.2.tgz 0ms (cache hit)
2469 http cache parseurl@https://registry.npmjs.org/parseurl/-/parseurl-1.3.3.tgz 0ms (cache hit)
2470 http cache path-to-regexp@https://registry.npmjs.org/path-to-regexp/-/path-to-regexp-0.1.13.tgz 0ms (cache hit)
2471 http cache send@https://registry.npmjs.org/send/-/send-0.19.2.tgz 0ms (cache hit)
2472 http cache merge-descriptors@https://registry.npmjs.org/merge-descriptors/-/merge-descriptors-1.0.3.tgz 0ms (cache hit)
2473 http cache on-finished@https://registry.npmjs.org/on-finished/-/on-finished-2.4.1.tgz 0ms (cache hit)
2474 http cache finalhandler@https://registry.npmjs.org/finalhandler/-/finalhandler-1.3.2.tgz 0ms (cache hit)
2475 http cache etag@https://registry.npmjs.org/etag/-/etag-1.8.1.tgz 0ms (cache hit)
2476 http cache fresh@https://registry.npmjs.org/fresh/-/fresh-0.5.2.tgz 0ms (cache hit)
2477 http cache escape-html@https://registry.npmjs.org/escape-html/-/escape-html-1.0.3.tgz 0ms (cache hit)
2478 http cache depd@https://registry.npmjs.org/depd/-/depd-2.0.0.tgz 0ms (cache hit)
2479 http cache http-errors@https://registry.npmjs.org/http-errors/-/http-errors-2.0.1.tgz 0ms (cache hit)
2480 http cache content-disposition@https://registry.npmjs.org/content-disposition/-/content-disposition-0.5.4.tgz 0ms (cache hit)
2481 http cache encodeurl@https://registry.npmjs.org/encodeurl/-/encodeurl-2.0.0.tgz 0ms (cache hit)
2482 http cache accepts@https://registry.npmjs.org/accepts/-/accepts-1.3.8.tgz 0ms (cache hit)
2483 http cache content-type@https://registry.npmjs.org/content-type/-/content-type-1.0.5.tgz 0ms (cache hit)
2484 http cache body-parser@https://registry.npmjs.org/body-parser/-/body-parser-1.20.4.tgz 0ms (cache hit)
2485 http cache debug@https://registry.npmjs.org/debug/-/debug-2.6.9.tgz 0ms (cache hit)
2486 http cache array-flatten@https://registry.npmjs.org/array-flatten/-/array-flatten-1.1.1.tgz 1ms (cache hit)
2487 http cache object-assign@https://registry.npmjs.org/object-assign/-/object-assign-4.1.1.tgz 0ms (cache hit)
2488 http cache vary@https://registry.npmjs.org/vary/-/vary-1.1.2.tgz 0ms (cache hit)
2489 http cache cookie-signature@https://registry.npmjs.org/cookie-signature/-/cookie-signature-1.0.6.tgz 0ms (cache hit)
2490 http cache @smithy/util-uri-escape@https://registry.npmjs.org/@smithy/util-uri-escape/-/util-uri-escape-4.2.2.tgz 0ms (cache hit)
2491 http cache @smithy/chunked-blob-reader-native@https://registry.npmjs.org/@smithy/chunked-blob-reader-native/-/chunked-blob-reader-native-4.2.3.tgz 0ms (cache hit)
2492 http cache @smithy/util-buffer-from@https://registry.npmjs.org/@smithy/util-buffer-from/-/util-buffer-from-4.2.2.tgz 0ms (cache hit)
2493 http cache @smithy/chunked-blob-reader@https://registry.npmjs.org/@smithy/chunked-blob-reader/-/chunked-blob-reader-5.2.2.tgz 0ms (cache hit)
2494 http cache @smithy/service-error-classification@https://registry.npmjs.org/@smithy/service-error-classification/-/service-error-classification-4.3.0.tgz 0ms (cache hit)
2495 http cache @smithy/eventstream-serde-universal@https://registry.npmjs.org/@smithy/eventstream-serde-universal/-/eventstream-serde-universal-4.2.14.tgz 0ms (cache hit)
2496 http cache cookie@https://registry.npmjs.org/cookie/-/cookie-0.7.2.tgz 0ms (cache hit)
2497 http cache @smithy/util-hex-encoding@https://registry.npmjs.org/@smithy/util-hex-encoding/-/util-hex-encoding-4.2.2.tgz 0ms (cache hit)
2498 http cache @smithy/uuid@https://registry.npmjs.org/@smithy/uuid/-/uuid-1.1.2.tgz 0ms (cache hit)
2499 http cache rewire@https://registry.npmjs.org/rewire/-/rewire-7.0.0.tgz 0ms (cache hit)
2500 http cache @smithy/eventstream-codec@https://registry.npmjs.org/@smithy/eventstream-codec/-/eventstream-codec-4.2.14.tgz 0ms (cache hit)
2501 http cache @smithy/querystring-parser@https://registry.npmjs.org/@smithy/querystring-parser/-/querystring-parser-4.2.14.tgz 0ms (cache hit)
2502 http cache request@https://registry.npmjs.org/request/-/request-2.88.2.tgz 0ms (cache hit)
2503 http cache @smithy/querystring-builder@https://registry.npmjs.org/@smithy/querystring-builder/-/querystring-builder-4.2.14.tgz 0ms (cache hit)
2504 http cache fast-xml-parser@https://registry.npmjs.org/fast-xml-parser/-/fast-xml-parser-5.7.1.tgz 0ms (cache hit)
2505 http cache @smithy/is-array-buffer@https://registry.npmjs.org/@smithy/is-array-buffer/-/is-array-buffer-4.2.2.tgz 0ms (cache hit)
2506 http cache @aws-sdk/util-format-url@https://registry.npmjs.org/@aws-sdk/util-format-url/-/util-format-url-3.972.10.tgz 0ms (cache hit)
2507 http cache bowser@https://registry.npmjs.org/bowser/-/bowser-2.14.1.tgz 0ms (cache hit)
2508 http cache bluebird@https://registry.npmjs.org/bluebird/-/bluebird-3.7.2.tgz 0ms (cache hit)
2509 http cache @aws/lambda-invoke-store@https://registry.npmjs.org/@aws/lambda-invoke-store/-/lambda-invoke-store-0.2.4.tgz 0ms (cache hit)
2510 http cache @aws-crypto/crc32c@https://registry.npmjs.org/@aws-crypto/crc32c/-/crc32c-5.2.0.tgz 0ms (cache hit)
2511 http cache @aws-sdk/crc64-nvme@https://registry.npmjs.org/@aws-sdk/crc64-nvme/-/crc64-nvme-3.972.7.tgz 0ms (cache hit)
2512 http cache @aws-sdk/util-arn-parser@https://registry.npmjs.org/@aws-sdk/util-arn-parser/-/util-arn-parser-3.972.3.tgz 0ms (cache hit)
2513 http cache @aws-crypto/crc32@https://registry.npmjs.org/@aws-crypto/crc32/-/crc32-5.2.0.tgz 0ms (cache hit)
2514 http cache @aws-sdk/token-providers@https://registry.npmjs.org/@aws-sdk/token-providers/-/token-providers-3.1036.0.tgz 0ms (cache hit)
2515 http cache @smithy/util-config-provider@https://registry.npmjs.org/@smithy/util-config-provider/-/util-config-provider-4.2.2.tgz 0ms (cache hit)
2516 http cache @aws-sdk/credential-provider-login@https://registry.npmjs.org/@aws-sdk/credential-provider-login/-/credential-provider-login-3.972.35.tgz 0ms (cache hit)
2517 http cache @smithy/credential-provider-imds@https://registry.npmjs.org/@smithy/credential-provider-imds/-/credential-provider-imds-4.2.14.tgz 0ms (cache hit)
2518 http cache @smithy/shared-ini-file-loader@https://registry.npmjs.org/@smithy/shared-ini-file-loader/-/shared-ini-file-loader-4.4.9.tgz 0ms (cache hit)
2519 http cache @aws-sdk/nested-clients@https://registry.npmjs.org/@aws-sdk/nested-clients/-/nested-clients-3.997.3.tgz 0ms (cache hit)
2520 http cache @aws-sdk/credential-provider-http@https://registry.npmjs.org/@aws-sdk/credential-provider-http/-/credential-provider-http-3.972.33.tgz 0ms (cache hit)
2521 http cache @aws-sdk/credential-provider-ini@https://registry.npmjs.org/@aws-sdk/credential-provider-ini/-/credential-provider-ini-3.972.35.tgz 0ms (cache hit)
2522 http cache @aws-sdk/credential-provider-sso@https://registry.npmjs.org/@aws-sdk/credential-provider-sso/-/credential-provider-sso-3.972.35.tgz 0ms (cache hit)
2523 http cache @aws-sdk/credential-provider-process@https://registry.npmjs.org/@aws-sdk/credential-provider-process/-/credential-provider-process-3.972.31.tgz 0ms (cache hit)
2524 http cache @aws-sdk/credential-provider-env@https://registry.npmjs.org/@aws-sdk/credential-provider-env/-/credential-provider-env-3.972.31.tgz 0ms (cache hit)
2525 http cache @smithy/signature-v4@https://registry.npmjs.org/@smithy/signature-v4/-/signature-v4-5.3.14.tgz 0ms (cache hit)
2526 http cache @aws-sdk/xml-builder@https://registry.npmjs.org/@aws-sdk/xml-builder/-/xml-builder-3.972.19.tgz 0ms (cache hit)
2527 http cache @aws-sdk/credential-provider-web-identity@https://registry.npmjs.org/@aws-sdk/credential-provider-web-identity/-/credential-provider-web-identity-3.972.35.tgz 0ms (cache hit)
2528 http cache @aws-sdk/util-locate-window@https://registry.npmjs.org/@aws-sdk/util-locate-window/-/util-locate-window-3.965.5.tgz 0ms (cache hit)
2529 http cache @smithy/property-provider@https://registry.npmjs.org/@smithy/property-provider/-/property-provider-4.2.14.tgz 0ms (cache hit)
2530 http cache @smithy/util-utf8@https://registry.npmjs.org/@smithy/util-utf8/-/util-utf8-4.2.2.tgz 0ms (cache hit)
2531 http cache @aws-crypto/util@https://registry.npmjs.org/@aws-crypto/util/-/util-5.2.0.tgz 0ms (cache hit)
2532 http cache @smithy/util-waiter@https://registry.npmjs.org/@smithy/util-waiter/-/util-waiter-4.2.16.tgz 0ms (cache hit)
2533 http cache @smithy/util-middleware@https://registry.npmjs.org/@smithy/util-middleware/-/util-middleware-4.2.14.tgz 0ms (cache hit)
2534 http cache tslib@https://registry.npmjs.org/tslib/-/tslib-2.8.1.tgz 0ms (cache hit)
2535 http cache @aws-crypto/supports-web-crypto@https://registry.npmjs.org/@aws-crypto/supports-web-crypto/-/supports-web-crypto-5.2.0.tgz 0ms (cache hit)
2536 http cache @smithy/util-defaults-mode-node@https://registry.npmjs.org/@smithy/util-defaults-mode-node/-/util-defaults-mode-node-4.2.54.tgz 0ms (cache hit)
2537 http cache @smithy/util-defaults-mode-browser@https://registry.npmjs.org/@smithy/util-defaults-mode-browser/-/util-defaults-mode-browser-4.3.49.tgz 0ms (cache hit)
2538 http cache @smithy/util-stream@https://registry.npmjs.org/@smithy/util-stream/-/util-stream-4.5.25.tgz 0ms (cache hit)
2539 http cache @smithy/util-endpoints@https://registry.npmjs.org/@smithy/util-endpoints/-/util-endpoints-3.4.2.tgz 0ms (cache hit)
2540 http cache @smithy/util-retry@https://registry.npmjs.org/@smithy/util-retry/-/util-retry-4.3.4.tgz 0ms (cache hit)
2541 http cache @smithy/util-body-length-browser@https://registry.npmjs.org/@smithy/util-body-length-browser/-/util-body-length-browser-4.2.2.tgz 0ms (cache hit)
2542 http cache @smithy/util-base64@https://registry.npmjs.org/@smithy/util-base64/-/util-base64-4.3.2.tgz 0ms (cache hit)
2543 http cache @smithy/smithy-client@https://registry.npmjs.org/@smithy/smithy-client/-/smithy-client-4.12.13.tgz 0ms (cache hit)
2544 http cache @smithy/util-body-length-node@https://registry.npmjs.org/@smithy/util-body-length-node/-/util-body-length-node-4.2.3.tgz 0ms (cache hit)
2545 http cache @smithy/types@https://registry.npmjs.org/@smithy/types/-/types-4.14.1.tgz 0ms (cache hit)
2546 http cache @smithy/middleware-stack@https://registry.npmjs.org/@smithy/middleware-stack/-/middleware-stack-4.2.14.tgz 0ms (cache hit)
2547 http cache @smithy/node-config-provider@https://registry.npmjs.org/@smithy/node-config-provider/-/node-config-provider-4.3.14.tgz 0ms (cache hit)
2548 http cache @smithy/url-parser@https://registry.npmjs.org/@smithy/url-parser/-/url-parser-4.2.14.tgz 0ms (cache hit)
2549 http cache @smithy/protocol-http@https://registry.npmjs.org/@smithy/protocol-http/-/protocol-http-5.3.14.tgz 0ms (cache hit)
2550 http cache @smithy/node-http-handler@https://registry.npmjs.org/@smithy/node-http-handler/-/node-http-handler-4.6.1.tgz 0ms (cache hit)
2551 http cache @smithy/middleware-content-length@https://registry.npmjs.org/@smithy/middleware-content-length/-/middleware-content-length-4.2.14.tgz 0ms (cache hit)
2552 http cache @smithy/middleware-retry@https://registry.npmjs.org/@smithy/middleware-retry/-/middleware-retry-4.5.5.tgz 0ms (cache hit)
2553 http cache @smithy/middleware-serde@https://registry.npmjs.org/@smithy/middleware-serde/-/middleware-serde-4.2.20.tgz 0ms (cache hit)
2554 http cache @smithy/hash-blob-browser@https://registry.npmjs.org/@smithy/hash-blob-browser/-/hash-blob-browser-4.2.15.tgz 0ms (cache hit)
2555 http cache @smithy/invalid-dependency@https://registry.npmjs.org/@smithy/invalid-dependency/-/invalid-dependency-4.2.14.tgz 0ms (cache hit)
2556 http cache @smithy/hash-stream-node@https://registry.npmjs.org/@smithy/hash-stream-node/-/hash-stream-node-4.2.14.tgz 0ms (cache hit)
2557 http cache @smithy/fetch-http-handler@https://registry.npmjs.org/@smithy/fetch-http-handler/-/fetch-http-handler-5.3.17.tgz 0ms (cache hit)
2558 http cache @smithy/eventstream-serde-node@https://registry.npmjs.org/@smithy/eventstream-serde-node/-/eventstream-serde-node-4.2.14.tgz 0ms (cache hit)
2559 http cache @smithy/md5-js@https://registry.npmjs.org/@smithy/md5-js/-/md5-js-4.2.14.tgz 0ms (cache hit)
2560 http cache @smithy/middleware-endpoint@https://registry.npmjs.org/@smithy/middleware-endpoint/-/middleware-endpoint-4.4.32.tgz 0ms (cache hit)
2561 http cache @smithy/core@https://registry.npmjs.org/@smithy/core/-/core-3.23.17.tgz 0ms (cache hit)
2562 http cache @smithy/hash-node@https://registry.npmjs.org/@smithy/hash-node/-/hash-node-4.2.14.tgz 0ms (cache hit)
2563 http cache @smithy/eventstream-serde-config-resolver@https://registry.npmjs.org/@smithy/eventstream-serde-config-resolver/-/eventstream-serde-config-resolver-4.3.14.tgz 0ms (cache hit)
2564 http cache @smithy/config-resolver@https://registry.npmjs.org/@smithy/config-resolver/-/config-resolver-4.4.17.tgz 0ms (cache hit)
2565 http cache @aws-sdk/util-user-agent-browser@https://registry.npmjs.org/@aws-sdk/util-user-agent-browser/-/util-user-agent-browser-3.972.10.tgz 0ms (cache hit)
2566 http cache @aws-sdk/util-user-agent-node@https://registry.npmjs.org/@aws-sdk/util-user-agent-node/-/util-user-agent-node-3.973.21.tgz 0ms (cache hit)
2567 http cache @smithy/eventstream-serde-browser@https://registry.npmjs.org/@smithy/eventstream-serde-browser/-/eventstream-serde-browser-4.2.14.tgz 0ms (cache hit)
2568 http cache @aws-sdk/signature-v4-multi-region@https://registry.npmjs.org/@aws-sdk/signature-v4-multi-region/-/signature-v4-multi-region-3.996.22.tgz 0ms (cache hit)
2569 http cache @aws-sdk/util-endpoints@https://registry.npmjs.org/@aws-sdk/util-endpoints/-/util-endpoints-3.996.8.tgz 0ms (cache hit)
2570 http cache @aws-sdk/middleware-user-agent@https://registry.npmjs.org/@aws-sdk/middleware-user-agent/-/middleware-user-agent-3.972.35.tgz 0ms (cache hit)
2571 http cache @aws-sdk/region-config-resolver@https://registry.npmjs.org/@aws-sdk/region-config-resolver/-/region-config-resolver-3.972.13.tgz 0ms (cache hit)
2572 http cache @aws-sdk/middleware-ssec@https://registry.npmjs.org/@aws-sdk/middleware-ssec/-/middleware-ssec-3.972.10.tgz 0ms (cache hit)
2573 http cache @aws-sdk/middleware-logger@https://registry.npmjs.org/@aws-sdk/middleware-logger/-/middleware-logger-3.972.10.tgz 0ms (cache hit)
2574 http cache @aws-sdk/middleware-recursion-detection@https://registry.npmjs.org/@aws-sdk/middleware-recursion-detection/-/middleware-recursion-detection-3.972.11.tgz 0ms (cache hit)
2575 http cache @aws-sdk/middleware-sdk-s3@https://registry.npmjs.org/@aws-sdk/middleware-sdk-s3/-/middleware-sdk-s3-3.972.34.tgz 0ms (cache hit)
2576 http cache @aws-sdk/middleware-location-constraint@https://registry.npmjs.org/@aws-sdk/middleware-location-constraint/-/middleware-location-constraint-3.972.10.tgz 0ms (cache hit)
2577 http cache @aws-sdk/middleware-flexible-checksums@https://registry.npmjs.org/@aws-sdk/middleware-flexible-checksums/-/middleware-flexible-checksums-3.974.13.tgz 0ms (cache hit)
2578 http cache @aws-sdk/middleware-host-header@https://registry.npmjs.org/@aws-sdk/middleware-host-header/-/middleware-host-header-3.972.10.tgz 0ms (cache hit)
2579 http cache @aws-sdk/types@https://registry.npmjs.org/@aws-sdk/types/-/types-3.973.8.tgz 0ms (cache hit)
2580 http cache @aws-sdk/middleware-expect-continue@https://registry.npmjs.org/@aws-sdk/middleware-expect-continue/-/middleware-expect-continue-3.972.10.tgz 0ms (cache hit)
2581 http cache @aws-sdk/credential-provider-node@https://registry.npmjs.org/@aws-sdk/credential-provider-node/-/credential-provider-node-3.972.36.tgz 0ms (cache hit)
2582 http cache @aws-sdk/middleware-bucket-endpoint@https://registry.npmjs.org/@aws-sdk/middleware-bucket-endpoint/-/middleware-bucket-endpoint-3.972.10.tgz 0ms (cache hit)
2583 http cache @aws-crypto/sha256-js@https://registry.npmjs.org/@aws-crypto/sha256-js/-/sha256-js-5.2.0.tgz 0ms (cache hit)
2584 http cache stripe@https://registry.npmjs.org/stripe/-/stripe-22.1.0.tgz 0ms (cache hit)
2585 http cache @aws-crypto/sha1-browser@https://registry.npmjs.org/@aws-crypto/sha1-browser/-/sha1-browser-5.2.0.tgz 0ms (cache hit)
2586 http cache @aws-sdk/core@https://registry.npmjs.org/@aws-sdk/core/-/core-3.974.5.tgz 0ms (cache hit)
2587 http cache google-auth-library@https://registry.npmjs.org/google-auth-library/-/google-auth-library-9.15.1.tgz 0ms (cache hit)
2588 http cache multer@https://registry.npmjs.org/multer/-/multer-1.4.5-lts.2.tgz 0ms (cache hit)
2589 http cache twilio@https://registry.npmjs.org/twilio/-/twilio-5.13.1.tgz 0ms (cache hit)
2590 http cache mongoose@https://registry.npmjs.org/mongoose/-/mongoose-8.23.1.tgz 0ms (cache hit)
2591 http cache jsonwebtoken@https://registry.npmjs.org/jsonwebtoken/-/jsonwebtoken-9.0.3.tgz 0ms (cache hit)
2592 http cache express@https://registry.npmjs.org/express/-/express-4.22.1.tgz 0ms (cache hit)
2593 http cache @aws-crypto/sha256-browser@https://registry.npmjs.org/@aws-crypto/sha256-browser/-/sha256-browser-5.2.0.tgz 0ms (cache hit)
2594 http cache cors@https://registry.npmjs.org/cors/-/cors-2.8.6.tgz 0ms (cache hit)
2595 http cache cookie-parser@https://registry.npmjs.org/cookie-parser/-/cookie-parser-1.4.7.tgz 0ms (cache hit)
2596 http cache express-validator@https://registry.npmjs.org/express-validator/-/express-validator-7.3.2.tgz 0ms (cache hit)
2597 http cache dotenv@https://registry.npmjs.org/dotenv/-/dotenv-16.6.1.tgz 0ms (cache hit)
2598 http cache bcryptjs@https://registry.npmjs.org/bcryptjs/-/bcryptjs-2.4.3.tgz 0ms (cache hit)
2599 http cache @aws-sdk/client-s3@https://registry.npmjs.org/@aws-sdk/client-s3/-/client-s3-3.1036.0.tgz 0ms (cache hit)
2600 http cache whatwg-url@https://registry.npmjs.org/whatwg-url/-/whatwg-url-14.2.0.tgz 0ms (cache hit)
2601 http cache tr46@https://registry.npmjs.org/tr46/-/tr46-5.1.1.tgz 0ms (cache hit)
2602 http cache @getbrevo/brevo@https://registry.npmjs.org/@getbrevo/brevo/-/brevo-2.5.0.tgz 0ms (cache hit)
2603 http cache @aws-sdk/s3-request-presigner@https://registry.npmjs.org/@aws-sdk/s3-request-presigner/-/s3-request-presigner-3.1036.0.tgz 0ms (cache hit)
2604 http cache form-data@https://registry.npmjs.org/form-data/-/form-data-4.0.5.tgz 0ms (cache hit)
2605 http cache ms@https://registry.npmjs.org/ms/-/ms-2.1.3.tgz 0ms (cache hit)
2606 http cache ms@https://registry.npmjs.org/ms/-/ms-2.1.3.tgz 0ms (cache hit)
2607 http cache webidl-conversions@https://registry.npmjs.org/webidl-conversions/-/webidl-conversions-7.0.0.tgz 0ms (cache hit)
2608 http cache core-util-is@https://registry.npmjs.org/core-util-is/-/core-util-is-1.0.2.tgz 0ms (cache hit)
2609 http cache debug@https://registry.npmjs.org/debug/-/debug-4.4.3.tgz 0ms (cache hit)
2610 http cache safe-buffer@https://registry.npmjs.org/safe-buffer/-/safe-buffer-5.1.2.tgz 0ms (cache hit)
2611 http cache ms@https://registry.npmjs.org/ms/-/ms-2.1.3.tgz 0ms (cache hit)
2612 http cache debug@https://registry.npmjs.org/debug/-/debug-4.4.3.tgz 0ms (cache hit)
2613 http cache ms@https://registry.npmjs.org/ms/-/ms-2.1.3.tgz 0ms (cache hit)
2614 http cache debug@https://registry.npmjs.org/debug/-/debug-4.4.3.tgz 0ms (cache hit)
2615 http cache debug@https://registry.npmjs.org/debug/-/debug-4.4.3.tgz 0ms (cache hit)
2616 http cache safe-buffer@https://registry.npmjs.org/safe-buffer/-/safe-buffer-5.1.2.tgz 0ms (cache hit)
2617 http cache debug@https://registry.npmjs.org/debug/-/debug-4.4.3.tgz 0ms (cache hit)
2618 http cache ms@https://registry.npmjs.org/ms/-/ms-2.1.3.tgz 0ms (cache hit)
2619 http cache qs@https://registry.npmjs.org/qs/-/qs-6.5.5.tgz 0ms (cache hit)
2620 http cache ms@https://registry.npmjs.org/ms/-/ms-2.1.3.tgz 0ms (cache hit)
2621 http cache uuid@https://registry.npmjs.org/uuid/-/uuid-3.4.0.tgz 0ms (cache hit)
2622 http cache @smithy/is-array-buffer@https://registry.npmjs.org/@smithy/is-array-buffer/-/is-array-buffer-2.2.0.tgz 0ms (cache hit)
2623 http cache @smithy/util-utf8@https://registry.npmjs.org/@smithy/util-utf8/-/util-utf8-2.3.0.tgz 0ms (cache hit)
2624 http cache @smithy/util-buffer-from@https://registry.npmjs.org/@smithy/util-buffer-from/-/util-buffer-from-2.2.0.tgz 0ms (cache hit)
2625 http cache @smithy/is-array-buffer@https://registry.npmjs.org/@smithy/is-array-buffer/-/is-array-buffer-2.2.0.tgz 0ms (cache hit)
2626 http cache @smithy/is-array-buffer@https://registry.npmjs.org/@smithy/is-array-buffer/-/is-array-buffer-2.2.0.tgz 0ms (cache hit)
2627 http cache @smithy/util-utf8@https://registry.npmjs.org/@smithy/util-utf8/-/util-utf8-2.3.0.tgz 0ms (cache hit)
2628 http cache @smithy/util-buffer-from@https://registry.npmjs.org/@smithy/util-buffer-from/-/util-buffer-from-2.2.0.tgz 0ms (cache hit)
2629 http cache ms@https://registry.npmjs.org/ms/-/ms-2.1.3.tgz 0ms (cache hit)
2630 http cache @smithy/util-utf8@https://registry.npmjs.org/@smithy/util-utf8/-/util-utf8-2.3.0.tgz 0ms (cache hit)
2631 http cache @smithy/util-buffer-from@https://registry.npmjs.org/@smithy/util-buffer-from/-/util-buffer-from-2.2.0.tgz 0ms (cache hit)
2632 http cache https-proxy-agent@https://registry.npmjs.org/https-proxy-agent/-/https-proxy-agent-5.0.1.tgz 0ms (cache hit)
2633 http cache agent-base@https://registry.npmjs.org/agent-base/-/agent-base-6.0.2.tgz 0ms (cache hit)
2634 http cache debug@https://registry.npmjs.org/debug/-/debug-4.4.3.tgz 0ms (cache hit)
2635 http cache debug@https://registry.npmjs.org/debug/-/debug-4.4.3.tgz 0ms (cache hit)
2636 http cache https-proxy-agent@https://registry.npmjs.org/https-proxy-agent/-/https-proxy-agent-5.0.1.tgz 0ms (cache hit)
2637 http cache gaxios@https://registry.npmjs.org/gaxios/-/gaxios-5.1.3.tgz 0ms (cache hit)
2638 http cache mongodb@https://registry.npmjs.org/mongodb/-/mongodb-6.20.0.tgz 0ms (cache hit)
2639 http cache agent-base@https://registry.npmjs.org/agent-base/-/agent-base-6.0.2.tgz 0ms (cache hit)
2640 http cache gcp-metadata@https://registry.npmjs.org/gcp-metadata/-/gcp-metadata-5.3.0.tgz 0ms (cache hit)
2641 http cache ms@https://registry.npmjs.org/ms/-/ms-2.1.3.tgz 0ms (cache hit)
2642 http cache ms@https://registry.npmjs.org/ms/-/ms-2.1.3.tgz 0ms (cache hit)
2643 warn deprecated inflight@1.0.6: This module is not supported, and leaks memory. Do not use it. Check out lru-cache if you want a good and tested way to coalesce async requests by a key value, which is much more comprehensive and powerful.
2644 warn deprecated @humanwhocodes/config-array@0.13.0: Use @eslint/config-array instead
2645 warn deprecated rimraf@3.0.2: Rimraf versions prior to v4 are no longer supported
2646 warn deprecated glob@7.2.3: Old versions of glob are not supported, and contain widely publicized security vulnerabilities, which have been fixed in the current version. Please update. Support for old versions may be purchased (at exorbitant rates) by contacting i@izs.me
2647 warn deprecated har-validator@5.1.5: this library is no longer supported
2648 warn deprecated scmp@2.1.0: Just use Node.js's crypto.timingSafeEqual()
2649 warn deprecated @humanwhocodes/object-schema@2.0.3: Use @eslint/object-schema instead
2650 warn deprecated multer@1.4.5-lts.2: Multer 1.x is impacted by a number of vulnerabilities, which have been patched in 2.x. You should upgrade to the latest 2.x version.
2651 warn deprecated uuid@3.4.0: Please upgrade  to version 7 or higher.  Older versions may use Math.random() in certain circumstances, which is known to be problematic.  See https://v8.dev/blog/math-random for details.
2652 warn deprecated request@2.88.2: request has been deprecated, see https://github.com/request/request/issues/3142
2653 http fetch POST 200 https://registry.npmjs.org/-/npm/v1/security/advisories/bulk 504ms
2654 silly audit report {
2654 silly audit report   request: [
2654 silly audit report     {
2654 silly audit report       id: 1096727,
2654 silly audit report       url: 'https://github.com/advisories/GHSA-p8p7-x288-28g6',
2654 silly audit report       title: 'Server-Side Request Forgery in Request',
2654 silly audit report       severity: 'moderate',
2654 silly audit report       vulnerable_versions: '<=2.88.2',
2654 silly audit report       cwe: [Array],
2654 silly audit report       cvss: [Object]
2654 silly audit report     }
2654 silly audit report   ],
2654 silly audit report   qs: [
2654 silly audit report     {
2654 silly audit report       id: 1113719,
2654 silly audit report       url: 'https://github.com/advisories/GHSA-6rw7-vpxm-498p',
2654 silly audit report       title: "qs's arrayLimit bypass in its bracket notation allows DoS via memory exhaustion",
2654 silly audit report       severity: 'moderate',
2654 silly audit report       vulnerable_versions: '<6.14.1',
2654 silly audit report       cwe: [Array],
2654 silly audit report       cvss: [Object]
2654 silly audit report     }
2654 silly audit report   ],
2654 silly audit report   uuid: [
2654 silly audit report     {
2654 silly audit report       id: 1116970,
2654 silly audit report       url: 'https://github.com/advisories/GHSA-w5hq-g745-h8pq',
2654 silly audit report       title: 'uuid: Missing buffer bounds check in v3/v5/v6 when buf is provided',
2654 silly audit report       severity: 'moderate',
2654 silly audit report       vulnerable_versions: '<14.0.0',
2654 silly audit report       cwe: [Array],
2654 silly audit report       cvss: [Object]
2654 silly audit report     }
2654 silly audit report   ],
2654 silly audit report   'form-data': [
2654 silly audit report     {
2654 silly audit report       id: 1109540,
2654 silly audit report       url: 'https://github.com/advisories/GHSA-fjxv-7rqg-78g4',
2654 silly audit report       title: 'form-data uses unsafe random function in form-data for choosing boundary',
2654 silly audit report       severity: 'critical',
2654 silly audit report       vulnerable_versions: '<2.5.4',
2654 silly audit report       cwe: [Array],
2654 silly audit report       cvss: [Object]
2654 silly audit report     }
2654 silly audit report   ],
2654 silly audit report   'tough-cookie': [
2654 silly audit report     {
2654 silly audit report       id: 1097682,
2654 silly audit report       url: 'https://github.com/advisories/GHSA-72xf-g2v4-qvf3',
2654 silly audit report       title: 'tough-cookie Prototype Pollution vulnerability',
2654 silly audit report       severity: 'moderate',
2654 silly audit report       vulnerable_versions: '<4.1.3',
2654 silly audit report       cwe: [Array],
2654 silly audit report       cvss: [Object]
2654 silly audit report     }
2654 silly audit report   ]
2654 silly audit report }
2655 silly packumentCache corgi:https://registry.npmjs.org/request cache-miss
2656 silly packumentCache corgi:https://registry.npmjs.org/qs cache-miss
2657 silly packumentCache corgi:https://registry.npmjs.org/uuid cache-miss
2658 silly packumentCache corgi:https://registry.npmjs.org/form-data cache-miss
2659 silly packumentCache corgi:https://registry.npmjs.org/tough-cookie cache-miss
2660 http fetch GET 200 https://registry.npmjs.org/form-data 153ms (cache revalidated)
2661 silly packumentCache corgi:https://registry.npmjs.org/form-data set size:51426 disposed:false
2662 http fetch GET 200 https://registry.npmjs.org/uuid 154ms (cache revalidated)
2663 silly packumentCache corgi:https://registry.npmjs.org/uuid set size:72733 disposed:false
2664 http fetch GET 200 https://registry.npmjs.org/qs 155ms (cache revalidated)
2665 silly packumentCache corgi:https://registry.npmjs.org/qs set size:145190 disposed:false
2666 warn deprecated eslint@8.57.1: This version is no longer supported. Please see https://eslint.org/version-support for other options.
2667 http fetch GET 200 https://registry.npmjs.org/tough-cookie 515ms (cache revalidated)
2668 silly packumentCache corgi:https://registry.npmjs.org/tough-cookie set size:56308 disposed:false
2669 http fetch GET 200 https://registry.npmjs.org/request 516ms (cache revalidated)
2670 silly packumentCache corgi:https://registry.npmjs.org/request set size:129997 disposed:false
2671 silly packumentCache corgi:https://registry.npmjs.org/@getbrevo%2fbrevo cache-miss
2672 http fetch GET 200 https://registry.npmjs.org/@getbrevo%2fbrevo 633ms (cache revalidated)
2673 silly packumentCache corgi:https://registry.npmjs.org/@getbrevo%2fbrevo set size:13262 disposed:false
2674 silly packumentCache corgi:https://registry.npmjs.org/gaxios cache-miss
2675 http fetch GET 200 https://registry.npmjs.org/gaxios 114ms (cache revalidated)
2676 silly packumentCache corgi:https://registry.npmjs.org/gaxios set size:196019 disposed:false
2677 silly packumentCache corgi:https://registry.npmjs.org/google-auth-library cache-miss
2678 silly packumentCache corgi:https://registry.npmjs.org/gcp-metadata cache-miss
2679 silly packumentCache corgi:https://registry.npmjs.org/gtoken cache-miss
2680 http fetch GET 200 https://registry.npmjs.org/gcp-metadata 62ms (cache revalidated)
2681 silly packumentCache corgi:https://registry.npmjs.org/gcp-metadata set size:87172 disposed:false
2682 http fetch GET 200 https://registry.npmjs.org/google-auth-library 69ms (cache revalidated)
2683 silly packumentCache corgi:https://registry.npmjs.org/google-auth-library set size:367243 disposed:false
2684 http fetch GET 200 https://registry.npmjs.org/gtoken 331ms (cache revalidated)
2685 silly packumentCache corgi:https://registry.npmjs.org/gtoken set size:74319 disposed:false
2686 silly ADD node_modules/memory-pager
2687 silly ADD node_modules/@types/webidl-conversions
2688 silly ADD node_modules/@types/whatwg-url
2689 silly ADD node_modules/sparse-bitfield
2690 silly ADD node_modules/mongodb-connection-string-url
2691 silly ADD node_modules/mongodb-connection-string-url/node_modules/webidl-conversions
2692 silly ADD node_modules/mongodb-connection-string-url/node_modules/tr46
2693 silly ADD node_modules/mongodb-connection-string-url/node_modules/whatwg-url
2694 silly ADD node_modules/@mongodb-js/saslprep
2695 silly ADD node_modules/has-tostringtag
2696 silly ADD node_modules/es-set-tostringtag
2697 silly ADD node_modules/isexe
2698 silly ADD node_modules/webidl-conversions
2699 silly ADD node_modules/tr46
2700 silly ADD node_modules/media-typer
2701 silly ADD node_modules/proxy-from-env
2702 silly ADD node_modules/follow-redirects
2703 silly ADD node_modules/xmlbuilder
2704 silly ADD node_modules/scmp
2705 silly ADD node_modules/dayjs
2706 silly ADD node_modules/axios
2707 silly ADD node_modules/axios/node_modules/form-data
2708 silly ADD node_modules/punycode
2709 silly ADD node_modules/psl
2710 silly ADD node_modules/has-flag
2711 silly ADD node_modules/ansi-regex
2712 silly ADD node_modules/tweetnacl
2713 silly ADD node_modules/jsbn
2714 silly ADD node_modules/getpass
2715 silly ADD node_modules/ecc-jsbn
2716 silly ADD node_modules/dashdash
2717 silly ADD node_modules/bcrypt-pbkdf
2718 silly ADD node_modules/asn1
2719 silly ADD node_modules/dunder-proto
2720 silly ADD node_modules/math-intrinsics
2721 silly ADD node_modules/hasown
2722 silly ADD node_modules/has-symbols
2723 silly ADD node_modules/gopd
2724 silly ADD node_modules/get-proto
2725 silly ADD node_modules/es-object-atoms
2726 silly ADD node_modules/es-define-property
2727 silly ADD node_modules/function-bind
2728 silly ADD node_modules/call-bind-apply-helpers
2729 silly ADD node_modules/get-intrinsic
2730 silly ADD node_modules/call-bound
2731 silly ADD node_modules/side-channel-weakmap
2732 silly ADD node_modules/side-channel-map
2733 silly ADD node_modules/side-channel-list
2734 silly ADD node_modules/object-inspect
2735 silly ADD node_modules/es-errors
2736 silly ADD node_modules/shebang-regex
2737 silly ADD node_modules/mime
2738 silly ADD node_modules/queue-microtask
2739 silly ADD node_modules/wrappy
2740 silly ADD node_modules/path-is-absolute
2741 silly ADD node_modules/once
2742 silly ADD node_modules/inflight
2743 silly ADD node_modules/fs.realpath
2744 silly ADD node_modules/glob
2745 silly ADD node_modules/callsites
2746 silly ADD node_modules/yocto-queue
2747 silly ADD node_modules/p-limit
2748 silly ADD node_modules/word-wrap
2749 silly ADD node_modules/fast-levenshtein
2750 silly ADD node_modules/deep-is
2751 silly ADD node_modules/concat-map
2752 silly ADD node_modules/balanced-match
2753 silly ADD node_modules/brace-expansion
2754 silly ADD node_modules/p-locate
2755 silly ADD node_modules/type-check
2756 silly ADD node_modules/prelude-ls
2757 silly ADD node_modules/json-buffer
2758 silly ADD node_modules/argparse
2759 silly ADD node_modules/is-extglob
2760 silly ADD node_modules/resolve-from
2761 silly ADD node_modules/parent-module
2762 silly ADD node_modules/type-fest
2763 silly ADD node_modules/rimraf
2764 silly ADD node_modules/keyv
2765 silly ADD node_modules/flatted
2766 silly ADD node_modules/path-exists
2767 silly ADD node_modules/locate-path
2768 silly ADD node_modules/flat-cache
2769 silly ADD node_modules/reusify
2770 silly ADD node_modules/acorn-jsx
2771 silly ADD node_modules/acorn
2772 silly ADD node_modules/estraverse
2773 silly ADD node_modules/esrecurse
2774 silly ADD node_modules/which
2775 silly ADD node_modules/shebang-command
2776 silly ADD node_modules/path-key
2777 silly ADD node_modules/color-name
2778 silly ADD node_modules/color-convert
2779 silly ADD node_modules/supports-color
2780 silly ADD node_modules/ansi-styles
2781 silly ADD node_modules/run-parallel
2782 silly ADD node_modules/@nodelib/fs.stat
2783 silly ADD node_modules/fastq
2784 silly ADD node_modules/@nodelib/fs.scandir
2785 silly ADD node_modules/@humanwhocodes/object-schema
2786 silly ADD node_modules/strip-json-comments
2787 silly ADD node_modules/import-fresh
2788 silly ADD node_modules/text-table
2789 silly ADD node_modules/strip-ansi
2790 silly ADD node_modules/optionator
2791 silly ADD node_modules/natural-compare
2792 silly ADD node_modules/minimatch
2793 silly ADD node_modules/lodash.merge
2794 silly ADD node_modules/levn
2795 silly ADD node_modules/json-stable-stringify-without-jsonify
2796 silly ADD node_modules/js-yaml
2797 silly ADD node_modules/is-path-inside
2798 silly ADD node_modules/is-glob
2799 silly ADD node_modules/imurmurhash
2800 silly ADD node_modules/ignore
2801 silly ADD node_modules/graphemer
2802 silly ADD node_modules/globals
2803 silly ADD node_modules/glob-parent
2804 silly ADD node_modules/find-up
2805 silly ADD node_modules/file-entry-cache
2806 silly ADD node_modules/esutils
2807 silly ADD node_modules/esquery
2808 silly ADD node_modules/espree
2809 silly ADD node_modules/eslint-visitor-keys
2810 silly ADD node_modules/eslint-scope
2811 silly ADD node_modules/escape-string-regexp
2812 silly ADD node_modules/doctrine
2813 silly ADD node_modules/cross-spawn
2814 silly ADD node_modules/chalk
2815 silly ADD node_modules/@ungap/structured-clone
2816 silly ADD node_modules/@nodelib/fs.walk
2817 silly ADD node_modules/@humanwhocodes/module-importer
2818 silly ADD node_modules/@humanwhocodes/config-array
2819 silly ADD node_modules/@humanwhocodes/config-array/node_modules/ms
2820 silly ADD node_modules/@humanwhocodes/config-array/node_modules/debug
2821 silly ADD node_modules/@eslint/js
2822 silly ADD node_modules/@eslint/eslintrc
2823 silly ADD node_modules/@eslint/eslintrc/node_modules/ms
2824 silly ADD node_modules/@eslint/eslintrc/node_modules/debug
2825 silly ADD node_modules/@eslint-community/regexpp
2826 silly ADD node_modules/@eslint-community/eslint-utils
2827 silly ADD node_modules/eslint
2828 silly ADD node_modules/eslint/node_modules/ms
2829 silly ADD node_modules/eslint/node_modules/debug
2830 silly ADD node_modules/verror
2831 silly ADD node_modules/verror/node_modules/core-util-is
2832 silly ADD node_modules/json-schema
2833 silly ADD node_modules/extsprintf
2834 silly ADD node_modules/sshpk
2835 silly ADD node_modules/jsprim
2836 silly ADD node_modules/assert-plus
2837 silly ADD node_modules/uri-js
2838 silly ADD node_modules/json-schema-traverse
2839 silly ADD node_modules/fast-json-stable-stringify
2840 silly ADD node_modules/fast-deep-equal
2841 silly ADD node_modules/har-schema
2842 silly ADD node_modules/ajv
2843 silly ADD node_modules/asynckit
2844 silly ADD node_modules/delayed-stream
2845 silly ADD node_modules/tunnel-agent
2846 silly ADD node_modules/tough-cookie
2847 silly ADD node_modules/performance-now
2848 silly ADD node_modules/oauth-sign
2849 silly ADD node_modules/json-stringify-safe
2850 silly ADD node_modules/isstream
2851 silly ADD node_modules/is-typedarray
2852 silly ADD node_modules/http-signature
2853 silly ADD node_modules/har-validator
2854 silly ADD node_modules/form-data
2855 silly ADD node_modules/forever-agent
2856 silly ADD node_modules/combined-stream
2857 silly ADD node_modules/caseless
2858 silly ADD node_modules/aws4
2859 silly ADD node_modules/aws-sign2
2860 silly ADD node_modules/util-deprecate
2861 silly ADD node_modules/string_decoder
2862 silly ADD node_modules/string_decoder/node_modules/safe-buffer
2863 silly ADD node_modules/process-nextick-args
2864 silly ADD node_modules/isarray
2865 silly ADD node_modules/core-util-is
2866 silly ADD node_modules/side-channel
2867 silly ADD node_modules/ipaddr.js
2868 silly ADD node_modules/forwarded
2869 silly ADD node_modules/ee-first
2870 silly ADD node_modules/whatwg-url
2871 silly ADD node_modules/minimist
2872 silly ADD node_modules/typedarray
2873 silly ADD node_modules/readable-stream
2874 silly ADD node_modules/readable-stream/node_modules/safe-buffer
2875 silly ADD node_modules/buffer-from
2876 silly ADD node_modules/streamsearch
2877 silly ADD node_modules/xtend
2878 silly ADD node_modules/mkdirp
2879 silly ADD node_modules/concat-stream
2880 silly ADD node_modules/busboy
2881 silly ADD node_modules/append-field
2882 silly ADD node_modules/sift
2883 silly ADD node_modules/mquery
2884 silly ADD node_modules/mquery/node_modules/ms
2885 silly ADD node_modules/mquery/node_modules/debug
2886 silly ADD node_modules/mpath
2887 silly ADD node_modules/kareem
2888 silly ADD node_modules/bson
2889 silly ADD node_modules/mime-db
2890 silly ADD node_modules/buffer-equal-constant-time
2891 silly ADD node_modules/jwa
2892 silly ADD node_modules/semver
2893 silly ADD node_modules/lodash.once
2894 silly ADD node_modules/lodash.isstring
2895 silly ADD node_modules/lodash.isplainobject
2896 silly ADD node_modules/lodash.isnumber
2897 silly ADD node_modules/lodash.isinteger
2898 silly ADD node_modules/lodash.isboolean
2899 silly ADD node_modules/lodash.includes
2900 silly ADD node_modules/bignumber.js
2901 silly ADD node_modules/safer-buffer
2902 silly ADD node_modules/agent-base
2903 silly ADD node_modules/toidentifier
2904 silly ADD node_modules/inherits
2905 silly ADD node_modules/json-bigint
2906 silly ADD node_modules/google-logging-utils
2907 silly ADD node_modules/uuid
2908 silly ADD node_modules/node-fetch
2909 silly ADD node_modules/is-stream
2910 silly ADD node_modules/https-proxy-agent
2911 silly ADD node_modules/https-proxy-agent/node_modules/ms
2912 silly ADD node_modules/https-proxy-agent/node_modules/debug
2913 silly ADD node_modules/extend
2914 silly ADD node_modules/jws
2915 silly ADD node_modules/gtoken
2916 silly ADD node_modules/gcp-metadata
2917 silly ADD node_modules/gaxios
2918 silly ADD node_modules/ecdsa-sig-formatter
2919 silly ADD node_modules/base64-js
2920 silly ADD node_modules/strnum
2921 silly ADD node_modules/path-expression-matcher
2922 silly ADD node_modules/fast-xml-builder
2923 silly ADD node_modules/@nodable/entities
2924 silly ADD node_modules/validator
2925 silly ADD node_modules/lodash
2926 silly ADD node_modules/ms
2927 silly ADD node_modules/unpipe
2928 silly ADD node_modules/raw-body
2929 silly ADD node_modules/iconv-lite
2930 silly ADD node_modules/destroy
2931 silly ADD node_modules/bytes
2932 silly ADD node_modules/negotiator
2933 silly ADD node_modules/mime-types
2934 silly ADD node_modules/utils-merge
2935 silly ADD node_modules/type-is
2936 silly ADD node_modules/statuses
2937 silly ADD node_modules/setprototypeof
2938 silly ADD node_modules/serve-static
2939 silly ADD node_modules/send
2940 silly ADD node_modules/send/node_modules/ms
2941 silly ADD node_modules/safe-buffer
2942 silly ADD node_modules/range-parser
2943 silly ADD node_modules/qs
2944 silly ADD node_modules/proxy-addr
2945 silly ADD node_modules/path-to-regexp
2946 silly ADD node_modules/parseurl
2947 silly ADD node_modules/on-finished
2948 silly ADD node_modules/methods
2949 silly ADD node_modules/merge-descriptors
2950 silly ADD node_modules/http-errors
2951 silly ADD node_modules/fresh
2952 silly ADD node_modules/finalhandler
2953 silly ADD node_modules/etag
2954 silly ADD node_modules/escape-html
2955 silly ADD node_modules/encodeurl
2956 silly ADD node_modules/depd
2957 silly ADD node_modules/debug
2958 silly ADD node_modules/content-type
2959 silly ADD node_modules/content-disposition
2960 silly ADD node_modules/body-parser
2961 silly ADD node_modules/array-flatten
2962 silly ADD node_modules/accepts
2963 silly ADD node_modules/vary
2964 silly ADD node_modules/object-assign
2965 silly ADD node_modules/cookie-signature
2966 silly ADD node_modules/cookie
2967 silly ADD node_modules/@smithy/querystring-parser
2968 silly ADD node_modules/@smithy/util-uri-escape
2969 silly ADD node_modules/@smithy/service-error-classification
2970 silly ADD node_modules/@smithy/util-buffer-from
2971 silly ADD node_modules/@smithy/chunked-blob-reader-native
2972 silly ADD node_modules/@smithy/chunked-blob-reader
2973 silly ADD node_modules/@smithy/util-hex-encoding
2974 silly ADD node_modules/@smithy/eventstream-codec
2975 silly ADD node_modules/@smithy/eventstream-serde-universal
2976 silly ADD node_modules/@smithy/uuid
2977 silly ADD node_modules/rewire
2978 silly ADD node_modules/request
2979 silly ADD node_modules/request/node_modules/uuid
2980 silly ADD node_modules/request/node_modules/qs
2981 silly ADD node_modules/bluebird
2982 silly ADD node_modules/fast-xml-parser
2983 silly ADD node_modules/bowser
2984 silly ADD node_modules/@smithy/querystring-builder
2985 silly ADD node_modules/@aws-sdk/util-format-url
2986 silly ADD node_modules/@aws/lambda-invoke-store
2987 silly ADD node_modules/@smithy/is-array-buffer
2988 silly ADD node_modules/@aws-sdk/crc64-nvme
2989 silly ADD node_modules/@aws-crypto/crc32c
2990 silly ADD node_modules/@aws-crypto/crc32
2991 silly ADD node_modules/@smithy/util-config-provider
2992 silly ADD node_modules/@aws-sdk/util-arn-parser
2993 silly ADD node_modules/@aws-sdk/token-providers
2994 silly ADD node_modules/@aws-sdk/nested-clients
2995 silly ADD node_modules/@aws-sdk/credential-provider-login
2996 silly ADD node_modules/@smithy/shared-ini-file-loader
2997 silly ADD node_modules/@smithy/credential-provider-imds
2998 silly ADD node_modules/@aws-sdk/credential-provider-web-identity
2999 silly ADD node_modules/@aws-sdk/credential-provider-sso
3000 silly ADD node_modules/@aws-sdk/credential-provider-process
3001 silly ADD node_modules/@aws-sdk/credential-provider-ini
3002 silly ADD node_modules/@aws-sdk/credential-provider-http
3003 silly ADD node_modules/@aws-sdk/credential-provider-env
3004 silly ADD node_modules/@smithy/signature-v4
3005 silly ADD node_modules/@smithy/property-provider
3006 silly ADD node_modules/@aws-sdk/xml-builder
3007 silly ADD node_modules/@aws-sdk/util-locate-window
3008 silly ADD node_modules/@aws-crypto/util
3009 silly ADD node_modules/@aws-crypto/util/node_modules/@smithy/is-array-buffer
3010 silly ADD node_modules/@aws-crypto/util/node_modules/@smithy/util-buffer-from
3011 silly ADD node_modules/@aws-crypto/util/node_modules/@smithy/util-utf8
3012 silly ADD node_modules/@aws-crypto/supports-web-crypto
3013 silly ADD node_modules/tslib
3014 silly ADD node_modules/@smithy/util-waiter
3015 silly ADD node_modules/@smithy/util-utf8
3016 silly ADD node_modules/@smithy/util-stream
3017 silly ADD node_modules/@smithy/util-retry
3018 silly ADD node_modules/@smithy/util-middleware
3019 silly ADD node_modules/@smithy/util-endpoints
3020 silly ADD node_modules/@smithy/util-defaults-mode-node
3021 silly ADD node_modules/@smithy/util-defaults-mode-browser
3022 silly ADD node_modules/@smithy/util-body-length-node
3023 silly ADD node_modules/@smithy/util-body-length-browser
3024 silly ADD node_modules/@smithy/util-base64
3025 silly ADD node_modules/@smithy/url-parser
3026 silly ADD node_modules/@smithy/types
3027 silly ADD node_modules/@smithy/smithy-client
3028 silly ADD node_modules/@smithy/protocol-http
3029 silly ADD node_modules/@smithy/node-http-handler
3030 silly ADD node_modules/@smithy/node-config-provider
3031 silly ADD node_modules/@smithy/middleware-stack
3032 silly ADD node_modules/@smithy/middleware-serde
3033 silly ADD node_modules/@smithy/middleware-retry
3034 silly ADD node_modules/@smithy/middleware-endpoint
3035 silly ADD node_modules/@smithy/middleware-content-length
3036 silly ADD node_modules/@smithy/md5-js
3037 silly ADD node_modules/@smithy/invalid-dependency
3038 silly ADD node_modules/@smithy/hash-stream-node
3039 silly ADD node_modules/@smithy/hash-node
3040 silly ADD node_modules/@smithy/hash-blob-browser
3041 silly ADD node_modules/@smithy/fetch-http-handler
3042 silly ADD node_modules/@smithy/eventstream-serde-node
3043 silly ADD node_modules/@smithy/eventstream-serde-config-resolver
3044 silly ADD node_modules/@smithy/eventstream-serde-browser
3045 silly ADD node_modules/@smithy/core
3046 silly ADD node_modules/@smithy/config-resolver
3047 silly ADD node_modules/@aws-sdk/util-user-agent-node
3048 silly ADD node_modules/@aws-sdk/util-user-agent-browser
3049 silly ADD node_modules/@aws-sdk/util-endpoints
3050 silly ADD node_modules/@aws-sdk/types
3051 silly ADD node_modules/@aws-sdk/signature-v4-multi-region
3052 silly ADD node_modules/@aws-sdk/region-config-resolver
3053 silly ADD node_modules/@aws-sdk/middleware-user-agent
3054 silly ADD node_modules/@aws-sdk/middleware-ssec
3055 silly ADD node_modules/@aws-sdk/middleware-sdk-s3
3056 silly ADD node_modules/@aws-sdk/middleware-recursion-detection
3057 silly ADD node_modules/@aws-sdk/middleware-logger
3058 silly ADD node_modules/@aws-sdk/middleware-location-constraint
3059 silly ADD node_modules/@aws-sdk/middleware-host-header
3060 silly ADD node_modules/@aws-sdk/middleware-flexible-checksums
3061 silly ADD node_modules/@aws-sdk/middleware-expect-continue
3062 silly ADD node_modules/@aws-sdk/middleware-bucket-endpoint
3063 silly ADD node_modules/@aws-sdk/credential-provider-node
3064 silly ADD node_modules/@aws-sdk/core
3065 silly ADD node_modules/@aws-crypto/sha256-js
3066 silly ADD node_modules/@aws-crypto/sha256-browser
3067 silly ADD node_modules/@aws-crypto/sha256-browser/node_modules/@smithy/is-array-buffer
3068 silly ADD node_modules/@aws-crypto/sha256-browser/node_modules/@smithy/util-buffer-from
3069 silly ADD node_modules/@aws-crypto/sha256-browser/node_modules/@smithy/util-utf8
3070 silly ADD node_modules/@aws-crypto/sha1-browser
3071 silly ADD node_modules/@aws-crypto/sha1-browser/node_modules/@smithy/is-array-buffer
3072 silly ADD node_modules/@aws-crypto/sha1-browser/node_modules/@smithy/util-buffer-from
3073 silly ADD node_modules/@aws-crypto/sha1-browser/node_modules/@smithy/util-utf8
3074 silly ADD node_modules/twilio
3075 silly ADD node_modules/twilio/node_modules/ms
3076 silly ADD node_modules/twilio/node_modules/debug
3077 silly ADD node_modules/twilio/node_modules/agent-base
3078 silly ADD node_modules/twilio/node_modules/https-proxy-agent
3079 silly ADD node_modules/stripe
3080 silly ADD node_modules/multer
3081 silly ADD node_modules/mongoose
3082 silly ADD node_modules/mongoose/node_modules/debug
3083 silly ADD node_modules/mongoose/node_modules/agent-base
3084 silly ADD node_modules/mongoose/node_modules/https-proxy-agent
3085 silly ADD node_modules/mongoose/node_modules/gaxios
3086 silly ADD node_modules/mongoose/node_modules/ms
3087 silly ADD node_modules/mongoose/node_modules/gcp-metadata
3088 silly ADD node_modules/mongoose/node_modules/mongodb
3089 silly ADD node_modules/jsonwebtoken
3090 silly ADD node_modules/jsonwebtoken/node_modules/ms
3091 silly ADD node_modules/google-auth-library
3092 silly ADD node_modules/express-validator
3093 silly ADD node_modules/express
3094 silly ADD node_modules/dotenv
3095 silly ADD node_modules/cors
3096 silly ADD node_modules/cookie-parser
3097 silly ADD node_modules/bcryptjs
3098 silly ADD node_modules/@getbrevo/brevo
3099 silly ADD node_modules/@aws-sdk/s3-request-presigner
3100 silly ADD node_modules/@aws-sdk/client-s3
3101 verbose cwd /Users/rayanqadir/Desktop/Farely/backend
3102 verbose os Darwin 25.4.0
3103 verbose node v23.11.1
3104 verbose npm  v11.6.3
3105 verbose exit 0
3106 info ok
